comment,antagonize,antagonize:confidence,condescending,condescending:confidence,dismissive,dismissive:confidence,hostile,hostile:confidence,sarcastic,sarcastic:confidence
"The LEFT struggle with the TRUTH all the time. Furthermore, the 'D' in Democrat tells them to Deny, Deny, Deny, Distort and Destroy so it is very difficult for that type of Direction from the Democrats to be Disobeyed by their puppets.",1,0.586,0,0.78,0,0.7711,1,0.5856,0,0.8303
Bottom feeders ? It takes one to know one.,1,0.7591,1,1.0,1,0.7591,1,0.7591,1,0.7517
Too funny... Not to a bright-eyed 'know-a-good-thing-when-I-see-it) advertising agency Sales Director it ain't. Wouldn't be surprised if Bob from Calgary (Edmonton) got a call...,1,0.6089,0,0.593,0,0.593,0,0.7893,0,0.7893
I hate the pope already,1,0.7906,0,1.0,0,0.6019,0,0.6019,0,1.0
"@DC Toronto - whoops, my bad! Change comment to 'below Grade 8 reading level'...",1,0.7919,1,0.5885,1,0.595,0,0.6111,1,0.7919
"And Mike Harris the devil himself made Ontario a better place , huh Mr Naive . Hudak is just another family member of the snake himself",1,0.8124,0,0.594,0,0.594,0,0.5936,0,0.799
In other words the Harper Govt undermines regular Canadians and their secular politics by promoting narrow ethnic and religious issues mainly among immigrants in order to garner votes. Disgraceful!,1,0.5807,0,0.6153,0,0.6153,0,0.8140000000000001,0,1.0
"What's stupid is politicizing this, dumaz.",1,1.0,1,1.0,1,1.0,1,1.0,0,1.0
Funny that libs are complaining about the sarcasm in this article then come out in one angry mass and spew out sarcasm of their own directed at the writer who they accuse of being sarcastic. Typical liberal hypocrats.,1,0.6019,1,0.6051,0,0.5873,0,0.8107,0,0.7928
"""I have never seen the media work so hard to drag this tired hag across the finish line."" Your signature line. Cut and paste commentary. If I keep pointing that out am I trolling a troll?",1,0.5981,0,0.8044,0,0.8044,0,0.5962,0,0.8044
They must think we are stupid.,1,0.6083,0,1.0,0,1.0,0,0.5832,0,1.0
"Yeah, nothing like innocent until proven guilty - you are some piece of work, AB.",1,0.8023,1,0.604,1,0.604,1,0.604,1,0.8017
"Ideology and religions is what you should be referring too. Right wing has never been politically correct. But then again you have proven you're just as nutty as this article. Leah, is that you?",1,0.8714,1,0.7244,1,0.5671,1,0.8714,0,0.5878
You sound aggressive. Are you a cop?,1,0.5799,0,0.6983,0,0.8463,0,0.5738,1,0.5713
"monkey121 10:27 AM on April 16, 2013I do not like them Sam I Am 10:29 AM on April 16, 2013-------------------------------------You guys are worse liars than the politicians. You're self-deluded.",1,0.8027,0,0.5963,0,0.5963,0,0.6109,0,0.7973
Liberals want their gangs to go around and beat those who disagree with them... maybe they can wear shirts? How about brown shirts?,1,0.7252,0,0.858,0,0.7214,1,0.5713,1,0.5784
'...the gay community tries to hijack every opportunity to promote their deranged lifestyle.'-expatdudeYou'd prefer they promoted Ford's deranged lifestyle instead?,1,0.6186,0,0.8140000000000001,0,0.8140000000000001,0,0.7907,0,0.8140000000000001
"Oddly, I don't trust you.",1,0.5973,1,0.5973,0,0.6098,0,0.7929,0,1.0
"So you would throw a hissy fit, grab a coworker, elbow a women, and stopper around. Get real and stop the excuses, his actions clearly display a child who had a knee jerk reaction that ended very poorly!!!!",1,0.6,1,0.8011,1,0.7915,0,0.5978,0,0.6052
Oh dear! And here I thought that your series of inane comments had run its course.,1,0.5849,1,0.5849,1,0.5849,0,0.8029,0,0.5839
Can't admit who was responsible can you - do you live in the GTA?,1,0.5935,0,0.5917,0,0.5917,0,1.0,0,0.6181
"Hilliary's first act if she would ever be 'elected', would be an Executive Order to burn all ballots within an hour after her rigged results are announced, just previous Dems like Lyndon Johnson did.",1,0.6033,0,0.8147,0,0.8061,0,0.6078,0,0.8061
"Yes, let's fabricate an argument on a premise that is never likely to happen. Mulcair and Trudeau cowards? Hey, they're not who is afraid of the Islamic bogeyman in the Middle East. Neither am I? Are you afraid of them?",1,0.6021,1,0.6132,0,0.5913,0,0.6054,0,0.6054
you killed the point of your first sentence with your second sentence. That election practically was the time of death for the federal PCs... just took them a long time to figure that out.,1,0.5742,0,0.6135,0,0.5857,0,0.8077,0,0.8058
Said the man in the silly white robe and white cap who abstains from sex.,1,0.5739,1,0.5739,0,0.6169,1,0.5739,0,0.6169
"The writer had a point, you do not. Your dragging out the old standby ""mysoginist"" sinks to a level of personal name calling.",1,0.6042,1,0.7837,0,0.6297,0,0.8092,0,0.8092
Shouldn't you be typing a resignation letter Ibbitson?,1,0.604,0,0.6103,1,0.604,0,0.5875,1,0.5991
What does that word mean? Another yuppy Clinton word? Were you trying to say sexist?,1,0.5864,1,0.7974,1,0.5974,0,0.8116,0,0.8116
So that encompasses whiny non smokers as well?,1,0.6977,1,0.5503,0,0.5867,1,0.5606,1,0.5557
Little rich given that the Libs appointed Alfonso Gagliano as Ambassador to Denmark and uncle Jean gave the Washington job to his nephew.,1,0.6051,1,0.6051,1,0.6051,1,0.6051,1,0.6096
"PET adored the murdering gangster, Castro.",1,0.8037,0,0.6022,0,0.8073,0,0.6042,0,1.0
Literally the dumbest shit I've read in decades.,1,0.8492,1,0.6404,1,0.8843,1,0.8416,0,0.9624
Should have sent Mr. Kadhr back to that desert paradise he was killing Americans for.,1,0.5912,0,0.5897,0,0.7988,1,0.5912,1,0.5864
"Long hair and jeans? What are you, a 1960s high school principal?",1,0.7968,0,0.8076,0,0.8076,0,1.0,1,0.8076
How is that 'vote for real change' thing working out for you folks.,1,0.6086,1,0.8131,0,0.6095,0,1.0,1,0.5809
"I gotta say, I'm glad my grandfather's dead and he doesn't have to hear people using the freedom he fought so hard for to spew the same kinda crap he fought against during the second world war.",1,0.7904,0,0.614,0,0.614,1,0.5904,1,0.586
My first thought after reading the article was put down the crack pipe.. changed it to a bong instead.. more reader friendly.,1,0.5916,0,0.6014,1,0.5916,0,0.8181,0,0.6074
"Always the classless winner Rocky. Enjoy it while it lasts. Meantime, I will head back to my abode with the 2 state-paid maids to look after the rugrats. Liberal entitlements are BACK.",1,0.6051,0,0.6011,0,0.6089,0,0.8065,1,1.0
"In no uncertain terms, this is the most mundane article I have ever read. Trudeau should stop global warming because kids don't play enough outdoor hockey?! Doesn't the Globe have an editor or something.",1,0.5682,0,0.858,0,0.7120000000000001,0,0.7120000000000001,1,0.7096
"The possibility is still very real, nosense.'NEVER underestimate the power of human stupidity.' -Robt. A. Heinlein",1,0.7993,1,0.7929999999999999,1,0.6075,0,1.0,0,0.8083
"We shall indeed see how he governs, with Bannon of Breitbart putting ideas in his ear and the low-down and self-avowedly white supremacist Spencer nearby, but elsewhere.",1,0.5955,0,0.8011,0,0.6074,1,0.5955,0,0.6074
"""From what I read, the vast majority are left alone."" I.DON'T.THINK.SO, madame! Try reading something else besides Alex Jones",1,0.8073,1,0.7959999999999999,1,0.6165,1,0.8073,0,0.6132
"So the daughter should be judged by the sins of the father? Hmmm.How far do you want to carry that principle? England, in years gone by, plundered the world, therefore, any thought from an English brain has No credibility.",1,1.0,1,0.7962,0,0.607,0,0.792,0,0.8049
I assumed that the leading comments would take the retarded and predictable tack which they have indeed taken.,1,0.5876,1,0.8017,1,0.5876,1,0.7859,0,0.6048
Why not? I would vote for a chimpanzee before I would vote for harper and I am not alone,1,0.6118,0,0.8036,0,0.5937,0,0.7945,1,0.6027
You are a complete sicko Ultra. That's my opinion and I'm sticking to it.,1,0.6167,0,0.7897,0,0.7897,0,0.5825,0,1.0
That's an idiotic remark.,1,0.5673,1,0.5673,0,0.623,0,0.8082,0,1.0
"The Daesh recuiter screw, 'She tells them that the hardest part is leaving home' No, the hardest part starts when you get to 'Caliphate'. Have fun tossing your life away idi0ts.....",1,0.8075,0,0.614,1,0.8001,1,0.6075,0,0.614
How's that glue sniffing thing coming along for you?,1,0.5882,0,0.6154,0,0.81,0,0.7964,0,0.5882
The misogynistic trolls like Kravitz have crawled out and appeared now.,1,0.603,0,0.5878,0,0.5878,0,0.5878,0,1.0
"liberals don't care about life, it is money and power",1,0.5231,0,0.6875,0,0.7957,0,0.6023,0,0.8799
"Yep, when the going gets tough there is not much separating you whiners from the Quebec Separatists. The irony runs thick.",1,0.841,1,0.8187,1,0.841,0,0.5041,1,0.6739
"Norin. Four bigoted, racist references in just one sentence!!",1,0.5839,0,0.6024,0,0.7997,0,0.7997,0,1.0
so basically you're fantisizing about getting a legal reason to kill someone. You are a horrible person,1,0.8426,0,0.6512,0,0.5022,1,0.6922,0,1.0
And your post is filled with the same old whining from the wannabes.,1,0.8022,1,0.6044,1,0.6044,0,0.7873,0,0.6093
"Up - You somehow imagine that you could offend me. Not a chance, cupcake. I'm not some Social Justice Warrior demanding a ""safe space"". Get over yourself. Only persistent stupidity offends me. Oh, wait...",1,1.0,1,1.0,0,0.5946,1,0.6044,1,0.5808
or that other left-wing Canadian senator with the much younger bimbo wife who threatened to kill him during an alcohol-fuelled rage... not the type of mile-high action he was hoping for,1,0.6726,1,0.8388,1,0.6726,1,0.8388,1,0.8338
Like the right to express opinions that have no basis in rational thought like yours? identical to my right to make fun of your opinion both guaranteed by the Charter.,1,0.5917,0,0.7835,0,1.0,0,0.6248,0,0.8099
this guy is an embarrassment to the Globe.,1,0.6636,1,0.6636,0,0.5108,1,0.8283,0,0.5108
Fascists have always been aligned with the Arab world. Hitler was and the connection between the left and the Arab world continues to this day.,1,0.5971,0,1.0,0,0.8003,1,0.5971,0,1.0
That was a stupid comment!!! Canada's middle class is better than the USA NOW!!! Unions and there pensions are driving provinces BROKE!!!!!,1,0.8240000000000001,1,0.6652,1,0.6571,1,0.8240000000000001,0,1.0
Good Article. Even though it has hit a nerve with some of the G&M crazies ............,1,0.6953,0,0.8639,0,0.7332,0,0.716,0,0.8639
"Ten years ago you would've agreed with nonsense, and now you speak it. Well done.",1,0.6157,1,0.6157,0,0.5974,0,0.7845,1,0.8096
"You really gotta love conservatives. You see, they con- to serve themselves...",1,0.5793,1,0.5689,0,0.7252,1,0.7184,1,0.8609
"i don't believe you, you're stoned",1,1.0,1,0.5953,0,0.6116,0,0.5953,0,1.0
Even small puddles are not as shallow as the Leahlime post !,1,0.7918,1,0.7918,1,0.7918,0,0.6166,1,0.797
You are a mere 180 degrees off.,1,0.7117,1,0.7256,0,0.5864,0,0.6940000000000001,0,0.5829
"You would have to be pretty stupid (or desperate) to want to work under cowardly, anti-American Obamination.",1,0.5745,0,0.638,0,0.8174,0,0.638,0,0.6049
"Sad, liberals pandering to a surname and a thick head of hair.",1,1.0,1,1.0,0,1.0,1,1.0,0,1.0
"So you think Harper and his gang of more are ""makers""? How deluded of you!",1,1.0,1,1.0,1,0.5937,1,0.7928,0,0.8022
"And in other news, someone claiming to be Gandalf is looking for elves to escort back to Valinor. Why anyone gives a hoot about what this charlatan thinks is beyond me.",1,0.595,1,0.7919,1,0.6,0,1.0,1,0.7919
"No, they prefer to be frogs simmering on the stove, waiting for the bond gnomes to appear.",1,0.8017,0,1.0,0,0.8017,1,0.5989,1,0.604
"yep, that'd be correct.....Harper, enemy to anything i& everyone except those who kiss his a__ and Big Oil! Pathetic!!",1,0.5762,0,0.5873,0,0.8074,1,0.7799,0,0.8074
"What an assinine comment. Shut down everyone you don't agree with, then you can be sure you are cot hen not voice that matters.",1,0.5879,0,1.0,0,0.5885,0,0.6064,0,1.0
Turkey and the others you speak of...presumably the Russians......are not part of the Allies coalition....nice try bozo,1,0.8104,1,0.6238,1,0.8135,0,0.5908,1,0.6007
"Seriously, Are you going to come to Wente's articles for the next 10 years and make plagiarism jokes? At some point you should add something constructive to the conversation or just stop posting.",1,0.5923,1,0.5923,1,0.7862,0,0.8011,0,1.0
skyofblue Yawn. Get a life. All those narcotics can't be good for you.,1,1.0,1,0.8069,1,0.6086,1,0.8083,0,0.7817
You're full of it Quibly. I travel a lot and people have nothing but good things to say about Canada.,1,0.5479,0,0.6782,1,0.5479,0,0.6745,0,0.8896
"oh bull crap., obama is a proven failure on every file, his analysis is pathetic and stupid",1,0.5993,1,0.8117,1,0.5978,1,0.7876,0,0.7876
"MSymons, Don't be too disheartened. The ones who post such drivel are simple self-righteous ignoramouses with nothing better to do than advertise their stupidity. Many more Canadians would appreciate an honest dialogue but you won't find it here.",1,0.7932,1,0.6039,1,0.6075,1,0.5987,0,1.0
Junior is so naive it is both embarrassing and dangerous,1,0.5933,1,0.7851,1,0.5933,1,0.5933,0,1.0
"Oh please tell us, g.d., about your photosynthesis delusions. Wait while I get some popcorn.",1,0.6815,1,0.9611,1,0.5228,0,0.5634,1,0.8371
See how valuable an education is? Now you're able to accurately describe the poverty you find yourself in.,1,0.6532,1,0.6532,1,0.6532,0,0.6766,1,0.6634
"Sheep, no-one's posting links because no-one gives a crap about rally attendances, they mean NOTHING!",1,0.5773,1,0.5773,0,0.7965,0,0.7965,0,0.8155
If you believe this girl you are utterly naive.,1,0.7116,1,0.5518,0,0.5218,0,0.8640000000000001,0,1.0
Doug is so filled with liberal guilt BUT does he have to infect the rest of us? Doug should write for a leftist rag and not G and M is he the token leftist?,1,0.6052,0,0.5988,0,0.5988,1,0.6052,0,0.7948
Or the incompetents that are running the liberal party now.,1,0.7654,0,1.0,0,1.0,1,0.7654,0,1.0
"Only the Canadians matter. The unarmed, innocent children, mothers, fathers etc. don't matter. You sound like an American.",1,0.6649,1,0.6649,1,0.6649,0,0.5116,1,0.6649
"Trump is probably going to win ... get ready. It's going to be him or Ted Cruz, (a Calgary boy!) Hillary for Prison 2016 (popular bumper sticker)",1,0.5803,0,1.0,0,1.0,0,0.8190000000000001,0,0.7819
There should be a law for posting on the internet the same as driving a car. If I have to read another one of these uninformed posts from a naive 15 year old on their lunch break I'd go ask my neice. ,1,0.7624,1,0.9634,1,0.8046,0,0.7621,0,0.9603
"go away old guy, all your forecasts have been disproven. She is a crook, and a phoney.",1,0.5837,0,1.0,0,0.6272,0,0.6272,0,0.8136
Another spectacle for the mindless masses. I think they call it...umm...'sport'? Looks like a sales job to me.,1,0.5857,1,0.5945,1,0.5857,1,0.5857,1,1.0
Oh please ... Seems to me the millennials who are marching in the streets waving rainbow flags and carrying signs saying 'Not my President' are the ones throwing the tantrum here.,1,0.6004,0,0.6084,1,0.5939,1,0.6004,0,0.809
"Listen up, Buster. Women's issues are everyone's issues. Quit playing the victimization card that you seem to despise so much.",1,0.8284,1,0.6602,1,0.6602,0,0.6804,0,0.6724
And you think they are incapable otherwise. Have a nice death.,1,1.0,1,0.7635,1,0.8048,1,0.9602,1,0.5599
and yet the idiots in ontario can't wait to vote for the liberals again,1,1.0,1,0.7207,1,0.5697,1,0.7207,0,0.711
"Yes Augusto was killing his citizens. You truly are a dangerous fool. I have always wondered what type of person would be on death squads, since you started posting it is beginning to come clear, devoted simple people.",1,0.5818,0,0.6302,0,0.6302,0,0.7881,0,0.6302
"Both you guys must have some crystal balls to predict who could or could not have been president due to influences. Can you please use that ball to announce the lotto max numbers for us, better yet just me.",1,0.5963,1,0.5963,0,0.6032,0,0.7988,1,0.5963
No. Unless you are referring to yourself. I suspect that you may not be willing to educate yourself and find it easier to offer simplistic answers to complex realities,1,0.5803,1,0.5803,1,0.5803,0,0.8118,0,1.0
I burst out laughing when I read your first sentence. Then I looked at who left the comment and laughed even harder! lol,1,0.7954,1,0.5974,1,0.7954,0,0.8097,0,1.0
Please God... don't tempt the Liberals to run attack ads showing Stephen Harper with his shirt off.,1,0.782,1,0.5697,0,0.6128,1,0.5995,1,0.5928
Yes you probably are bipolar.,1,0.5835,1,1.0,1,0.7859,1,1.0,0,0.7972
What drivel! What's the color of the sky in your world?,1,0.6029,1,0.6029,1,0.6029,0,0.6035,1,0.6029
Scared little man. Try to find a ball sack on ebay.,1,0.923,1,0.8046,0,0.5146,1,0.9613,0,0.7558
you seem like a real likeable guy! No wonder your mum abandoned you at birth,1,0.8885,0,0.7211,0,0.8041,1,0.8866,1,0.92
@progressive: those aren't the average schools though. the average american education experiance is CRAP. even the Americans admit it,1,0.5721,0,0.607,0,0.607,1,0.5721,0,0.8009999999999999
Glossing over is one of Peggy's main things.,1,0.6001,0,0.6023,0,0.7945,0,0.7945,0,0.6167
In ur dreams Looner.,1,0.5934,1,0.5934,1,0.5934,0,0.8066,1,0.6128
Edb1....please take a science course before wading in on a topic that you clearly don't understand,1,0.5874,1,0.7907,0,0.7939,0,0.5906,0,1.0
Wynne is winning? What alternate universe do you live in?Wynne is a disaster for this Province. Her support for the socialists and unionists is disgusting.,1,0.8003,1,0.8003,0,0.8047,1,0.8003,0,0.5982
Said the guy who probably acts like an uptight clown when hes shortchanged five cents.,1,0.5996,1,0.5888,1,0.5888,0,0.6058,0,0.6166
"Those aren't opinions stated by Moseby -- they are facts. You can claim the facts aren't true, but you'd still be wrong. The Harpers have been sabotaging the committee process since day 1. Just one example among piles.",1,0.5982,1,0.8073,1,0.5982,0,0.7929,0,1.0
^This doesn't even remotely make sense. That's how I know El Guapo is a conservative.,1,0.5904,0,0.7829,0,0.5953,0,1.0,0,1.0
Almost none of it is fact. It's just a laundry list of what the loony right would like to believe.,1,0.8306,0,0.8306,1,0.6708,0,0.6557,0,0.8306
You may be onto something. Please tell me what you eat for breakfast so that I can avoid it. Thanks.,1,0.5984,1,0.6069,0,0.5886,1,0.5984,0,0.5886
"how bout you go to university and get a science education? Till then, leave science to the experts",1,0.581,1,0.581,0,0.6285,0,0.7905,0,1.0
A worthless article from sycophants seeking their own turns at the trough.,1,0.5943,1,0.7883,1,0.7883,0,0.7944,0,0.7944
Some people can't smell their own poop.,1,0.7991,1,0.7991,0,0.5958,0,0.5958,1,0.8108
"Come to Ontario - we had 10 years of McGuinty and the Libs and now we have Wynne - more lying, incompetence and waste. I will take Harper and the Conservatives anytime!",1,1.0,0,0.8043,0,0.8043,0,0.8085,0,1.0
The jihad continues. Nobody beleives anything these scribes spew about Ford these days.,1,0.5945,0,0.5992,1,0.5945,0,0.5992,0,0.6159
"Seems to me that you could benefit from a remedial reading class if you think this article is about the editors. The description of the Conservatives is accurate, and the warnings realistic.",1,0.631,1,0.631,0,0.7923,0,0.8013,0,1.0
Uh... Yes. Have you been living under a rock?,1,0.5777,0,0.6132,1,0.5777,0,0.624,0,1.0
Another right wing nut job trying to make decisions on what I do with my body and how I manage my pain. I'm so glad you and your ilk are not in control anymore.,1,0.6002,0,0.7929,0,1.0,1,0.6002,0,0.8092
"lol ... to the sanctimonious, give them shelter in your house.",1,0.6029,1,0.6029,1,0.6029,0,0.6196,1,0.7959999999999999
Fphshhah!! What has white European culture ever accomplished?,1,0.5933,0,0.8012,1,0.6117,0,0.5972,0,1.0
"Trump, illiterate?? Can't beWarning - language is NSFWhttps://www.youtube.com/watch?v=7LFkN7QGp2c",1,0.6022,0,0.7924,0,0.7924,0,1.0,0,0.7924
"geeze, you're not very bright.",1,0.5805,1,0.5805,0,0.6068,0,0.6068,0,0.7879999999999999
"The West is the most tolerant society=========LOL, most laughable statement. British invaded the whole world and brought these people in - they deserve every word of Qur'an.",1,0.7932,1,0.7932,1,0.7932,1,0.5931,1,0.7932
"And Canadian troops captured by Chinese during the Korean war?? look it up.Being a prisoner of war is just that, a prisoner, you are at the complete mercy of the victors. Ask any surviving member from Stalingrad... wait their aren't any left.",1,0.5838,1,0.5838,0,0.6113,0,0.8033,1,1.0
"David Gibson: 'We need an American news company to keep us honest, eh?'Try dealing with the content instead of attacking the speaker. It's always irrational, and in this case also xenophobic and ignorant.",1,0.5937,0,0.8181,0,0.8181,0,0.7941,0,0.8181
"Lowest common denominator works for you Mr. Martin, up your game Sir.",1,0.8267,1,0.6679999999999999,1,0.6679999999999999,1,0.6679999999999999,1,0.6679999999999999
"cjlawrie, you must be part of the Globe editorial board, because you are WRONG! http://www.theglobeandmail.com/globe-debate/editorials/ontario-election-part-4-for-a-conservative-minority/article19047636/",1,0.5787,1,0.5787,1,0.5787,0,0.6233,0,0.8088
I'm surprised you could hear anything; you seem to be completely tone-deaf.,1,0.8094,1,0.7938,1,0.5891,1,0.6016,0,0.6063
"Learn how to spell, or at least learn to copy a word that is right before your eyes. They learn how to copy words in grade 1, guess you didn't get out of kindergarten.",1,0.5657,1,0.8801,1,0.6034,0,0.5966,0,0.7544
"Oh really Sean? So if one of those Saudi tankers run aground and start leaking, would that be different from a pipeline leak of oil from Alberta? Do you know what ""hypocrisy"" means little fella?",1,0.7895,1,0.7895,1,0.5985,0,0.5838,0,0.7895
"Look truthhurts - I'm beginning to believe there is just you in your little world and everyone else is ""left"" or ""leftists"" or ""left wing"". You need to broaden your horizons.",1,0.5875,1,0.5875,0,0.7999,0,1.0,0,0.6082
Don't remember you. Obviously no one cared what you said. ,1,0.713,1,0.8056,1,0.9639,1,0.63,0,0.7190000000000001
Your comment is nonsense!!!!Your only response is to change the subject?,1,0.6071,1,0.6152,1,0.8061,0,0.6152,0,1.0
"First of all, steve-d1, your right-wing buddies here really did seem to think that ""contract extension"" automatically came with a raise. So, failing that, you're going to go with sheer speculation. Bravo.",1,0.5931,1,0.7938,0,0.5772,0,0.6182,1,0.7938
I’m trying to imagine you with a personality.,1,0.6345,1,0.8789,0,0.6043,0,0.5632,1,0.6409999999999999
Canada's newspaper of record eh?Sorry Globe and Mail. You just ditched any shred of editorial standard or journalistic integrity you once may have had. I'll never check this site again. Serious. What a.... bunch of flippin tossers.,1,0.7849,0,0.6112,1,0.5878,1,0.5887,0,0.6112
Denis wears his tinfoil too tight.,1,0.6034,0,0.5905,0,0.5905,0,0.8017,0,0.6078
"The Duffy trial may not really matter in the end because people that see what went on in the PMO, already would never vote for Harper. And then there are the Harper supporters who will vote for him no matter what he does. You can't fix stupid.",1,0.5992,1,0.5992,0,1.0,0,0.584,0,0.8168
only if you are a liberal or a dipper,1,0.5588,0,0.5714,0,0.8495,0,0.7155,0,0.5966
"Kathleen is whistling past the graveyard she and the Liberals built. Glad to hear she's so proud of it. Some people are stupid, some are greedy. The dangerous one's like Dear Kathleen are both.",1,1.0,1,0.5904,0,0.614,1,0.5904,0,0.614
"Oh dear Erika, ever on the alert to any perceived slight to the US and pretty much the only reason I have ever seen her post. Why bother reading a Canadian news site if you are so easily offended.",1,0.6019,0,0.7959,0,0.7959,0,0.8038,0,0.7984
I would absolutely run you over if I drove past you on my way to work,1,0.9556,0,0.8811,0,0.8401,1,1.0,0,0.9191
"'No better than the Taliban' is, without a doubt, one of the stupidest and most shameful comments ever uttered on the subject.",1,0.8065,1,0.6066,1,0.6066,1,0.5904,0,0.8075
Still sound ridiculous Paul. ;-),1,0.5923,0,0.6119,1,0.5923,0,0.601,0,0.8068
Troll and a boring Dolt to boot.,1,0.6027,0,0.6027,0,0.6027,0,0.7945,0,1.0
"Canada's damp, slightly dumb jewel. Like Lindsay Lohan in a car wash.",1,0.6115,0,0.7939,0,1.0,0,0.7939,0,1.0
No ... don't ... have more fries with that. Support Tim Horton's .... go for seconds and thirds .... then go lie down .... repeat all day every day until your heart stops. Thank you .. thank you very much.,1,0.6086,1,0.6134,0,0.7887,0,0.7887,1,0.8013
The THREE party leaders?????Grow up.,1,0.6035,1,0.5946,1,0.5946,0,0.795,0,1.0
The only people who say this shit are American SJW lobster botherers.,1,0.61,0,0.5927,1,0.61,0,0.5927,0,1.0
"And neither is living gay. If you're straight, could you live gay? No, it's not part of who you are. Why don't you try it? I always wonder if you deep, down homophobes are secretly wanting what you oppose so vehemently....",1,0.8055,0,0.6006,0,1.0,0,0.6006,0,0.7975
Another Liberal boodoggle,1,0.858,0,0.5887,1,0.7041,0,0.5682,0,0.7221
"""cut your iPhone more than basic cable TV cigarettes booze vacation"" 'And get off my lawn you lazy kids!! 1!'",1,0.8031,0,0.8015,0,0.8015,0,0.5999,0,1.0
"Exferrious....your post is the most ill-informed, misguided and bigoted comment I've seen on the G&M boards for some time. Congratulations.",1,0.6462,1,0.6018,1,0.5255,0,0.5885,1,0.7981
"Hey, at least the bigots on the right are self-identifying. That is what makes free speech a good thing!",1,0.6703,1,0.6588,0,0.6831,0,0.6831,0,0.5042
"You're puritanical as fuck, enjoy rotting in hell",1,1.0,1,0.6881,0,0.7824,1,1.0,1,0.6952
The idea that solar farms will deprive us of farmland is stupidity.,1,0.6041,0,0.5994,0,0.7867,0,1.0,0,1.0
"With liberals like Hillary, who needs Republicans?",1,0.62,0,0.7977,0,0.7977,0,1.0,1,0.7846
Only an idjit would give a convicted terrorist a second chance. Removing them from Canada makes other Canadians safer.,1,0.5944,0,0.6097,0,0.6097,1,0.5944,0,1.0
"fuck this man to hell and back, with a rancid cactus puncturing his ass along the way",1,0.882,0,0.5605,0,0.6357,1,0.9201,0,0.8861
Your point? To cowardly to deal with snow? That is why Calgary and Alberta does not call out the army because of a little snow storm. No wonder lefties are not strong enough to live in Alberta.,1,0.5839,1,0.5839,0,0.7997,0,0.6134,0,0.6164
Trillions? Get a grip! Even the most loony of the left wing moonbats doesn't claim those numbers.,1,1.0,0,0.7692,0,0.7692,1,1.0,0,1.0
And americans wonder why everyone hates them?,1,0.6754,1,0.5098,1,0.5098,0,0.6679999999999999,0,0.503
Off the meds?,1,0.6052,1,1.0,1,0.6052,1,0.6052,1,0.7917
"my feelings exactly... Lawyers are bottomfeeders and don't care for anybody but themselves... too bad they are allowed to run for office! Sad as to how our vets are being treated by this bunch of hypocrites in Ottawa, shameful to say the least!",1,0.5998,1,0.599,0,0.7962,1,0.8035,0,1.0
"Please. Let's not say anything about the defacto cultural/linguistic fascism in Quebec. Some Canadians are just more equal than others, and in need of special status.",1,0.6298,0,0.5893,0,0.7879,1,0.6298,1,0.6298
Please provide some evidence that 'Ford is working hard to save us money' - and by evidence I mean something more tangible than the woolly-headed thinking of you Ford Nayshunals ....,1,0.5896,1,1.0,0,0.6009,0,0.8046,1,0.588
Another attempt by some moronic crusader to hijack this topic,1,1.0,1,1.0,1,0.7525,1,0.7525,0,1.0
"If you tried AdScam on for size, you would know how absolutely miniscule it was in proportion to any of Harper's scams. Fool.",1,1.0,1,0.7944,0,0.5857,1,1.0,0,0.8058
I always like hearing from a 'true - blue Conservative' as you have claimed to be on past posts. Keep it up......................................./sarc,1,0.6134,1,0.8114,0,0.5927,0,1.0,1,1.0
@AntiFascist: Here he is again! It's a rhetorical question but do ever post anything here that has even the slightest relevance to the subject and isn't an anti-Israel rant? Apparently not! Kind of predictable and boring - even for a troll.,1,0.7929,1,0.7881,1,1.0,1,0.581,0,0.8074
"Instead of listening to sond bites given to you by the the lunatics in Harper's war room, listen to the entire conversations.",1,0.6029,1,0.6241,0,0.8016,0,0.8138,0,1.0
is that a 20 dollar 'orange juice' youre guzzling gibsonhey big spender,1,0.5931,1,0.5931,0,0.794,0,0.6085,0,0.5924
Anti-smite's are very active on the Left.,1,0.6089,0,0.8092,0,0.8092,0,0.8092,0,0.8092
"You not only do not understand fascism, you do not grasp the conditions for fascism to flourish. And by trying to peg me as Jason, you have revealed yourself to be no more than a troll trying to annoy readers and commenters alike.",1,0.7052,1,0.8689,1,0.8496,1,0.5548,0,0.7372
brave my derriere! he's trying to cash in by selling this story,1,0.5770000000000001,0,0.5943,0,0.8066,1,0.5770000000000001,0,0.5770000000000001
Did you finish school? May had the 'wright' approach. Tell you what. In the future have your mommy check your work before you hit the post button. That way you do not make an idiot out of yourself.,1,0.9617,1,0.7188,1,0.7628,1,0.7244,0,0.7638
One would think that if you were being truthful and actually had a Gretzky jersey you would know how to spell his name. Like you're hero's in politics I think you have trouble telling the truth.,1,0.7995,1,0.5971,1,0.5971,0,0.7995,0,0.7995
Researched?? LOL... I live in Victoria.,1,0.7926,1,1.0,1,1.0,1,0.7926,1,0.5915
Its not ART. Its CRAP.,1,0.6095,0,0.8087,1,0.5951,1,0.8008,0,1.0
"Chimp, Please review...'' If it's wrong, it's wrong for both men and women.'' Again - if it's wrong, it's wrong.",1,0.501,1,0.6823,1,0.5185,0,0.8378,0,1.0
This is biggest pile of crap I've heard in a long time. I guess you justify anything in your own mind.,1,1.0,1,0.8373,1,1.0,1,1.0,0,0.6544
Harper is the guy who hides in a closet.,1,0.8019,1,0.5945,0,0.6159,0,0.6159,1,0.5945
"But the Oil Sands are not ignorant and washed up, like Neil Young himself...",1,0.5710000000000001,0,0.7219,0,0.7219,0,0.5758,0,0.5702
Only Canadians need to comment. If your allegiance is a tribal association is with Israel please move there to fight your battles.,1,0.5947,1,0.5947,0,0.5948,1,0.5947,0,0.7925
OBVIOUSLY PPL HERE DONT AGREE WITH YOU/ HA HA,1,0.5783,0,0.8082,1,0.5934,0,0.8082,0,1.0
"dude, im a Conservative making an argument that the CPC will win the next two elections with majorities. Perhaps you comprehension of writing is an issue here. Reread the comment, and save yourself a little dignity.",1,0.8331,1,0.6652,1,0.8331,0,0.8439,0,0.6823
"The government contributes more to my pension plan because I'm female? Wow, that's fantastic!! How did I go all these years without anyone telling me that I was finally going to cash in on my gender at retirement. Woohoo, great news ladies!",1,0.5797,0,0.5891,0,1.0,0,1.0,1,1.0
"Wow, those crazy dysfunctional Californians, eh? Why it's almost like they think they're in Ontario......",1,1.0,1,1.0,1,0.7924,1,0.8011,1,1.0
"You have never heard about Bill Clintons rape charges? Why am I wasting my time, you probably love Turdo also as prime minister.",1,0.6184,1,0.6184,1,0.8085,0,0.5981,0,0.5785
stop hiding under your bed,1,0.6046,1,0.8128,0,0.5856,1,0.7918,0,1.0
"Dryenema: Your salacious comments betray a deep lack of principles, and, at the very least, evil ignorance of truth.",1,0.6035,1,1.0,1,0.8141,0,0.5881,0,0.5881
so basically you're fantisizing about getting a legal reason to kill someone. You're a really horrible person!,1,0.7598,0,0.6477,0,0.524,1,0.7205,0,0.8868
I see you have not refuted my white hood remark. lol. You are so easy to pick out.,1,1.0,0,0.5865,0,0.5906,0,1.0,0,1.0
David too bad you never got out of grade 3.,1,0.5694,1,0.5694,0,0.8194,0,0.8214,0,0.6111
"There are no 'conservatives' in the RepugliCON race. Only right wing criminal trash. In 1945, the allies rounded up large numbers in Europe.",1,0.5820000000000001,1,0.5820000000000001,0,0.8153,1,0.5820000000000001,0,0.8153
I think he looks like some kind of alien.,1,0.6101,0,1.0,0,1.0,0,0.7932,0,1.0
Prove me wrong dicknuts,1,1.0,1,0.5995,1,0.5546,1,1.0,0,0.8465
"nobody can speak on behalf of Canadians, so shut your trap.",1,0.8004,0,0.6124,1,0.6087,1,1.0,0,1.0
"stevie harper is a first con man and creep, second rate piano player and a third rate Prime Minister. I can even play piano and keyboards way better than steve. he stinks. Can he play Tony Bank's Cinema Show like a real keyboard player? I can!",1,0.6144,1,0.8101,1,0.8101,1,0.6144,0,0.6012
Renzetti and the rest of the Globe's snobs should read Thomas Sowell's devastating characterization of modern upper crust certitude: The Vision of the Anointed: Self-Congratulation as a Basis for Social Policy,1,0.5945,1,0.6023,0,0.7957,1,0.6023,0,0.7957
"in-my-view. I have know a lot of very highly educated, narrow minded stupid people. If you vote for Harper, in spite of his horrific record, then you fit right in. You really are an elitist and a poor one at that!",1,1.0,1,0.5975,0,0.6025,1,0.8057,0,0.8044
Maybe you shouldn't have dropped out of school in grade 8 then.,1,0.8344,1,0.8344,0,0.674,1,0.6595,0,0.674
"The mayor's cooking the books is no surprise, he has lied his entire life about everything else so nothing new here, more people and institutions need to take this loser to task.",1,0.5491,0,0.6722,0,0.7892,0,0.6831,0,0.7892
"typical left wing rubbish, canada never left being a part and leader in the world,, you idiots just didnt like it that we actually stood up for things based on morals without pandering to every dictator or country like iran!",1,1.0,1,1.0,1,0.5875,1,1.0,0,0.8146
Are you posting from Russia? Your grammar and sentence structure suck.,1,0.6182,0,0.5882,0,0.7936,1,0.5974,0,1.0
Bordering on rude? He must have been having an off night.,1,0.5836,1,0.5836,1,0.5836,0,0.5976,1,0.5836
NO one in this conversation wants kids smoking pot. Grow up Harperite - if you can.,1,0.8899,1,0.926,1,0.8447,1,0.5691,0,0.9205
"Once again little feller, the Iraqi, who requested air support, will supply the ground offensive. What is with you people? Are you selectively deaf or just intellectually challenged?",1,0.6052,1,0.6052,1,0.6052,0,0.8096,0,1.0
One of the longest produced newspapers in Canada should be sanctioned for allowing one article? You are being ridiculous. Its called freedom of the press.,1,0.6004,1,0.6004,1,0.8069,0,0.6063,0,0.7908
If Lincoln could see the way we were behaving today he would be turning in his grave. The left has ruined the political process with their shrill idiocy.,1,0.5907,0,0.7624,0,0.921,0,0.6172,0,0.9606
"If they move back here and live here long enough there is no problem, but we don't need or want any more Cancons.",1,0.5888,0,0.5977,0,0.5977,1,0.6075,0,0.794
The sky is falling! The zealots who believe in global warming are the same people that thought the world was ending at Y2K guess what--- nothing happened..,1,0.6141,0,0.5972,0,0.5844,0,0.5844,1,0.7958
This was a productive discussion before you joined in. Go back to sleep.,1,0.7578,1,0.9195,1,0.9201,1,0.5952,0,0.6443
This just emphasizes what should be common knowledge. Canada's governments do not give a sh!t about Canadians in general. Excel Foods,1,0.79,0,0.7959999999999999,0,0.5875,1,0.79,0,0.7959999999999999
Trudeau still has time to learn from Clinton's fundraising mistakesTrudeau is a slow learner.,1,0.5945,0,0.6057,0,0.8132,0,0.8132,1,0.5945
"Indeed, russia is a pretty pathetic case for a country. I've been there a number of times - miserable, unfriendly, uncouth people and third world living standards.",1,0.8445,0,0.7614,0,0.9227,1,0.7223,0,1.0
"LOL, right, because the right wing hasn't been trying to destroy Hillary for 25 years now. But I'm sure in the next three weeks they'll finally get it right!",1,0.5793,1,0.5793,0,0.797,0,0.6153,1,0.8086
A lot of blacks support Trump. They see the fools of the BLM riots and fear for their future too.,1,0.5922,0,0.8068,0,0.601,0,0.8068,0,1.0
"It seems everyone who disagrees with a liberal is as you put it ' dregs, the finger pointers, the malcontent and above all the pitiful, malignant, murderous racists' You just described yourself. Very ironic.",1,1.0,1,0.8039,1,0.603,1,0.8083,0,1.0
My favourite Republican quote of the past week: 'Democrats haven't been this angry... Since we freed their slaves ',1,0.6614,0,0.8474,0,0.8474,0,0.6759999999999999,0,0.5155
Loser's defence. Why not a fire off a stinging rebuttal instead of hurling adolescent insults? Unless you have none and 'what else can you do?',1,0.8033,1,0.5966,0,0.6001,1,0.6066,0,0.805
"So many men, threatened by women. It must be tiring being so terrified of competition all the time.",1,0.598,1,0.6212,0,0.7987,0,0.7987,1,0.5956
I will be watching the games and I will not cave in to the gay agenda.,1,0.5931,0,0.8089,0,0.8024,1,0.8119,0,1.0
A nice touch of irony from the poor beleaguered white guy victim.,1,1.0,1,1.0,1,0.78,1,0.8088,1,0.7973
Then the one thing that we can take credit for is the lack of Atlantic hurricanes. Please incorporate that into your outlook.,1,0.574,0,0.6053,1,0.5924,0,0.8239,1,0.7926
The vocabulary fairy's two cents worth,1,0.6082,1,0.6082,0,0.6022,1,0.6082,1,0.8019
'xenophobic country like China'?Not any more xenophobic than your post!,1,0.8073,1,0.6137,1,1.0,0,0.5838,0,1.0
Because Oilbertan politicians like Ralph Clown and Fascist Steve are d*cks.,1,0.6146,0,0.7886,0,0.8017,1,1.0,0,0.8017
Don't gloat too much. He became the nominee because in their system they encourage non-party members to vote in the primaries as a means of recruiting members for the party - exactly the same idiotic system that our parties up here use.,1,1.0,0,1.0,0,1.0,1,1.0,0,1.0
"Infantile straw man argument, go back to playing with your big truck",1,0.9287,1,1.0,0,0.6976,0,0.7719,0,0.8905
"Any Canadian journalist or other critter who uses the suffix 'gate' to describe a Canadian scandal, is a sheep-like dunce.",1,0.5075,0,0.6499,0,0.6499,1,0.5075,0,1.0
"Ontario is and has always been the largest net contributor to Ottawa. You guys should check your facts. Link Byfield lied. This stuff my go down well down the Legion in Red Deer, but it's actually balderdash.",1,0.6147,1,0.8149,0,1.0,1,0.6147,0,0.8149
and your post take first prize for absurdity.,1,0.8029,0,0.5197,1,0.7325,1,0.5694,0,0.8484
"Pur gibberish, Never.",1,0.5808,1,0.5808,1,0.5808,0,0.6141,1,0.5981
"What a remarkably crabby, small-minded little man you must be...",1,0.804,1,0.804,0,0.6095,1,0.804,0,0.8025
"Brilliant Freefroggy. Just brilliant. Don't address the issues, never mind the facts, just sneer at Liberals, as though you have a clue about anything. You obviously don't.",1,0.7946,1,1.0,1,0.6068,1,0.6068,1,0.7899
The right wing rednecked bigot comments are really nice though.,1,0.5823,0,0.6029,0,0.6029,1,0.5759,1,0.5823
"http://everytown.org/mayors/ ..............mayors against gun violence. I don't understand why there is so much resistance in the States in keeping guns out of the hands of criminals, terrorist and the mentally ill.",1,0.6027,0,0.7997,0,1.0,0,0.6008,0,0.7997
"I understand the Liberal government will be bestowing two (2) taxpayer funded nannies each upon every wealthy trust fund family,",1,0.6659,1,0.5057,0,0.6709,0,0.6597,1,0.8264
'So what's wrong with that?'=====The problem is when some fool decides to close any public urinal that is not equipped with a fly.,1,0.6087,0,0.7974,0,1.0,0,0.5957,0,0.7974
4Q pinhead,1,0.6058,0,0.5996,0,0.6024,0,0.5996,0,0.8078
Slanderous comment from The Great Malumba.,1,0.5618,1,0.7014,1,0.7106,1,0.5577,0,0.5882
left wingers hate democracy,1,0.6588,0,0.6831,0,0.5042,0,0.6831,0,1.0
Turn down the derp.,1,0.5827,1,0.5827,0,0.8058,0,1.0,0,0.6067
"Mel, this is an adult discussion. Get somebody to press play on your Dora the Explorer DVD for you.",1,0.6129,1,0.8821,1,0.8821,0,0.5009,0,0.5098
Define 'hypocritical scumbag'.,1,0.7425,0,0.5039,0,0.6306,0,0.511,0,0.515
- and left wing politicians demanding that terrorists be allowed to murder and make people homeless before they will lift a finger to help them. Pierre Turdeau's proud war record redux.,1,0.625,0,0.597,0,0.7981,1,0.625,1,0.778
"nice job, mr. mayor. your sweet deal to the police union has resulted in the same for the firefighters. next? the ttc which you declared 'essential' will get just as big a raise through arbitration. idiot.",1,0.6703,0,0.5042,0,0.5042,1,1.0,1,0.6544
Won? Have you been sleeping under a rock since 1975? And why would you want to change the culture? Nothing wrong with the Vietnamese.,1,0.5091,0,0.6619,0,0.6619,0,0.6616,1,0.6728
The professor is anass on many levels.,1,0.5888,0,0.8165,0,0.6075,1,0.5888,0,1.0
"Member of your Grade 6 Logic Club, are you?",1,0.6243,1,0.8191,0,0.5977,1,0.6243,0,0.5785
"If you think Harper is a terrorist, please let me know who you're voting for so I can vote for someone else. I would hate to think I voted for the same person as you.",1,0.5827,0,0.7898,0,0.6113,0,1.0,0,0.5842
You actually read that rant?,1,0.5594,1,0.7131,0,0.7101,0,0.5769,0,0.5565
"Spiderwoman - they published editorials critical of Harper before the last election but still ended up endorsing him, so no, we will not 'get over it'. Bunch of hypocrites/cowering sycophants to their publisher.",1,0.7170000000000001,1,0.6932,1,0.5654,1,0.8448,0,1.0
"With all due respect, why do you deserve preferential tax treatment over families who have to put 2 people out working and who cannot afford to have a wife in in the house? What makes you so special?",1,0.574,0,0.6237,0,1.0,0,0.8239,0,1.0
Better fix your (tinfoil) hat,1,0.6098,1,0.6098,1,0.6098,0,0.7967,0,0.6032
"Traitor? Uh, guess you aren't following the stories about Trump being a Putin stooge, are you? Why do that when a guy who believes lizards run the planet likes Trump, the rapist.",1,0.782,0,0.7972,0,0.6046,1,0.5793,0,0.7972
Ahahaha! You are truly delusional.,1,0.812,1,0.6061,1,0.6061,1,0.8029999999999999,0,0.812
I didn't know journalism degrees come in crackerjack boxes. This girl no doubt got hired for her looks.,1,0.6689,1,0.8433,1,0.8433,1,0.6689,1,0.8433
"What junk. Yakker is the worst columnist at the Globe, and that is saying something.",1,0.6021,1,0.588,0,0.599,0,0.6054,0,0.6054
Just being realistic. Arabs are not interested in peace with Jews. They are interestedin the eradication of Jews and the elimination of the Jewish state.,1,0.6006,0,0.8128,0,1.0,0,0.6087,0,1.0
Why don't you go loan them YOUR money hot shot? I hear they are offering a pretty good return on your investment.,1,0.5863,1,0.5863,0,0.8061,0,0.6151,1,0.5863
how old are you? you can’t be over 12,1,0.6369,1,0.8856,1,0.6459,0,0.5196,0,0.6466
Isn't there an unoccupied bridge over in Fort Erie you can crawl back under?,1,0.8065,1,0.5957,1,0.6021,0,0.6031,1,0.6021
Bay Anderson go take your meds granny,1,0.9598,1,0.9272,1,0.9191,1,0.7199,1,0.555
As usual your silly partisanship clouds you from being able to see the larger picture.,1,1.0,0,1.0,0,1.0,0,0.6052,0,1.0
"Lot's of big dirty money on the Hillary Dem side, don't be so dim.",1,1.0,1,1.0,1,0.8388,1,0.6726,0,0.6529
thats why he has an article... because he is a white male the elites think his stupid BS would be more acceptable.,1,0.5996,0,1.0,0,1.0,0,0.5921,0,1.0
"Actually Coach, you have no real idea just your 'guess'.",1,0.5796,0,0.613,0,0.6082,0,1.0,0,0.8009
The US is the seller you idiot.,1,1.0,1,0.7977,1,0.7977,1,1.0,0,1.0
"I know - that's what the 'deep' analysts would like us to believe. She is basically a con woman, who got into her role so deep and benefited so much that she started to believe her own lies.",1,0.7962,0,0.7859999999999999,0,0.8064,0,0.8031,0,1.0
What on earth are you smoking?,1,0.6046,0,0.5995,0,0.5995,0,1.0,0,0.5931
The Holy Bible is wholly babble. It's a bookfull of lies and ancient superstitions. The good news is the trend is overwhelmingly against religion and towards commonsense and science.,1,0.6058,1,0.6058,1,0.6058,0,0.8078,0,0.6166
"And ll expressions of belief are harmless, aren't they? This is quite possibly the most imbecilic comment I have ever read...",1,0.5877,1,0.5877,0,0.5920000000000001,0,0.6295,0,0.8092
"While you are okay with a government that runs on lying, cheating fraud and perjury. Your Family Values must include lying, cheating. fraud and perjury.",1,0.6038,0,0.8011,0,0.8011,1,0.6038,0,1.0
"That's not even passable name calling. BTW by the look of this post, coherency is not your strong suit.",1,0.5877,1,1.0,1,0.7915,0,0.7977,1,0.5961
"@Glenn Fiddich .. seriously, dude, read more.",1,0.5923,1,1.0,1,1.0,0,0.8225,0,1.0
"You live next to a base, which of course, makes you an expert. Based on this post, I can see that you are indeed an expert. Clearly, you have a PhD... Proctology I presume.",1,0.8063,0,0.5576,0,0.679,0,0.7979,1,0.9251
"Peggy, Your puerile attack on Ms. Adams is quite petty. You demean her looks with your comments, yet on her worst day she probably looks better than you with your airbrushed photo!",1,0.8122,1,1.0,0,0.6103,1,0.8122,0,1.0
NETNUB - you mean PE Trudeau's tough on terrorist action? I think you Harperites secretly rub yourselves raw lusting after that moment when the Canadian state confronted the FLQ.,1,0.8032,1,0.8032,0,1.0,1,0.6029,1,0.7935
"Wow, I'm amazed that you can't understand the hypocrisy of your comment. As long as it serves your purpose, eh?",1,1.0,1,1.0,1,0.8038,0,0.6108,0,0.6108
Canada is not a discriminatory country like France or Belgium. People like you are a bigger threat to our security than a few thousand refugees who are far more likely to be grateful than vengeful.,1,0.6013,0,0.6078,0,0.8107,1,0.6013,0,1.0
You think you're the only ones who deal with tragedy? There are lot's of others who make less than half of what you do. You simply aren't worth the price tag.,1,0.5802,1,0.5984,1,0.5802,1,0.5802,0,0.8099
I shudder to think that is our opposition. OMG Mulcair how could you say anything so stupid,1,0.581,0,0.6231,0,0.6044,0,0.6106,0,1.0
"Our way of living? You mean YOUR way of living, of course. At least be honest about your narrow-mindedness.",1,0.8068,1,0.8068,1,0.6045,0,0.8032,0,1.0
you are a fool,1,1.0,1,0.8017,1,0.8017,1,1.0,0,0.8048
"Just remember, you will never, ever, get a straight word out of twist-mouth Saunders.",1,0.5945,0,0.7957,0,0.7957,0,0.5926,0,0.7957
"Golly, I thought you CONjobbers were against 'class war'?",1,0.5877,1,0.6062,0,0.5939,0,0.7977,1,0.7915
So you are holding to the opinion that anyone who disagrees with you is ignorant? Maybe you should look in the mirror.,1,0.5778,1,0.7902,0,0.6278,0,0.7944,0,1.0
Peter MacKay: He?s the Minister of Wrong Again... Why is it that everything the harper CONservatives do is WRONG ????,1,0.5132,1,0.5185,0,1.0,0,0.8294,0,0.6612
What's your point? I'm curious to know whether you have the gumption to actually spell it out rather than regurgitate a slew of statistics in the hopes that they pass for a substitution for an actual argument. And... go!,1,0.6049,0,0.5836,0,0.7905,1,0.5969,0,0.8116
He is as useless as teats on a bull.,1,0.5963,1,0.5963,0,0.6032,0,0.5994,1,0.5963
Not mean minded just stupid,1,0.5667,1,0.5667,0,0.614,1,0.5667,0,1.0
Maybe the Aboriginal people could move to the Middle East? Your post is really really stupid. Do you think the Arabs care about Aboriginals? Of course not. It's just a convenient way of getting at Canada.,1,0.5876,1,0.7837,1,0.7837,1,0.5876,0,0.6027
Thomas- do you ever assess articles based on their merits or are your comments simply a knee jerk reaction to the name of the columnist? If the latter you must be able to do better than 'does't have a clue'By the way that should be 'D'Arcy',1,0.8073,1,0.8073,1,0.8073,0,0.5838,0,0.8063
"...she rolls out aseries of her so called attacks on faith....none of which attack Jesus, or Mohamed or Budda etc .... the pope's the church, aand her aunt....that's not attacking faith",1,0.5001,0,0.9015,0,0.8478,0,0.5428,1,0.5722
'Official' Documentary ?Whatta sucker .............,1,0.8302,1,0.6677,1,0.6712,0,0.841,0,0.8375
"calm down Jo take a pill. Is Wong elected by the people of Hong Kong? How representative are the 80,000 protesters of the 7.2 million citizens? Why it it we dont see any dissenting voice from ordinary citizens in the western media?",1,0.6016,1,0.5931,0,1.0,0,1.0,0,0.7954
The G&M and the CBC are cowards: the are good at demonizing Israel though.,1,0.8011,0,0.7997,0,1.0,1,0.5929,0,0.7965
Junior?? Pls grow up DCM...,1,0.5987,1,0.8024,0,0.6029,0,1.0,0,1.0
Because he's nasty to the bone.,1,0.6033,0,0.8069,0,0.6022,1,0.6076,0,0.8069
"And where would you get this non-garbage, especially in a prairie winter?",1,0.7851,1,0.5933,1,0.5933,1,0.7851,1,0.5933
Seriously? They've never seen a toilet before? Ever traveled outside your one horse town?,1,0.595,1,0.8075,1,0.595,1,0.595,1,0.7874
"'I am a writer, a feminist and ... a woman'. Fine, but you forgot to mention narcissist.",1,0.8854,0,0.8027,0,0.8417,0,0.5242,0,0.9623
@progressive if you think Harper didn't have any scandles in office you're eaither A: Not paying attention. B: blinded by extreme partisanship. C: senile.,1,1.0,0,0.6018,1,1.0,0,0.6148,0,0.6062
"'Fresh air'? Like the air from a flatulent cow, you mean?",1,0.6087,0,0.6039,0,0.6039,0,0.7971,0,0.6039
This article is so meaningless and so pathetic that it doesn't even deserve to be considered for publication in a tabloid.,1,0.5893,1,0.8014,1,0.8014,1,0.5893,0,1.0
Just about the sillest post to date!!,1,0.5870000000000001,1,0.5870000000000001,1,0.8107,0,0.6075,0,0.7932
"Wow, how deep in the sand do you have your head?",1,0.5773,1,0.5863,0,0.6202,0,1.0,1,0.617
"@z55man ? I can't imagine where you get the idea that Yakabuski is Jewish. Moreover, your assumption about the political leanings of ""most"" Jewish people is bizarre. How about you go explain your theory to Benjamin Netanyahu.",1,0.662,0,0.5021,0,0.6747,0,0.5033,0,0.8464
Buster49 I certainly hoped you made the little woman get you some cheese to go with your whine. It's old and tired.,1,1.0,1,1.0,1,0.5023,1,0.5023,1,0.7424
Obsess much Stew? How about stamp collecting? That's a good way to pass the time. Or building ships in bottles? mAybe watercolours? All good hobbies. Seems like you need one.,1,0.5952,1,1.0,1,0.5891,1,0.5952,1,0.6063
The guy's a bad joke. Only silly Libby partisans are too blind not to notice.,1,1.0,1,0.6303,0,0.7859,1,0.7774,0,1.0
Next year he can book passage on the Sliverseas cruise ship as it does a Northwest Passage cruise and save taxpayers money.,1,0.5873,1,0.6131,0,0.7965,0,0.8027,1,0.7996
you dirty internationalist hyenas just dont understand,1,0.8547,0,0.7132,0,0.7132,1,0.9332,1,0.6465
"Well Mike, since you appear to like simple questions one can assume you like simple answers. If someone's not willing to attempt to save themselves from drowning there's no point in jumping in to go down with them.",1,0.5789,1,0.5789,0,0.6141,0,1.0,1,0.5789
This is an opinion piece. He is expressing his opinion. Got it?,1,0.501,1,0.841,1,0.6597,0,0.6628,0,0.6663
You expose your ignorance and stupidity.,1,0.5777,1,0.5777,1,0.5777,1,0.5777,0,0.7923
"The question I always wonder about, is when you stick your head in the sand, is it large granular or small? Coral based, or stone? Pink white, or gray? Do you get a choice? Does it matter?",1,0.5739,1,0.5739,0,0.8029,0,0.6121,1,0.5739
and U will be happy and vote a majority again. Ignorant ontario voters bought out.,1,1.0,1,1.0,1,0.7997,1,0.5992,0,0.7997
"Nope. If it is a war, it is a war on idiots with bad judgment and serious character deficiencies.",1,0.8033,1,0.5935,0,0.5989,1,0.8033,0,0.6032
They have been winning because there are enough Ford Nation type simpleton voters who don't have critical thinking abilities.,1,0.611,0,0.5865,0,1.0,0,0.8025,0,1.0
It's amazing the types of babbling lunatics you can vote buy with a cheap grease burger. The elitist Fords must laugh themselves to sleep over these dupes.,1,0.8358,1,0.6648,0,0.6761,1,0.8358,0,0.8446
Interesting that this article has shown who the ISIS appeasers are - Liberals.,1,0.6045,0,0.797,0,0.5923,0,0.6002,0,0.797
neither does your blathering!,1,0.8186,0,0.5737,0,1.0,1,0.7929999999999999,0,1.0
"Lazy lunk: How many of your wars over the last 50 years have you won, or made the world a better place?",1,0.5656,0,0.8185,0,0.6288,0,0.624,0,0.8104
Oh pleeeeeese!'Progressive economics' is a union-financed flat earth society selling socialist snake oil to the blind and gullible. The policies they advocate would turn us into a basketcase like Venezuela.,1,0.6029,1,0.6029,1,0.6029,0,0.6196,1,0.6088
@Jan60 & @Quaxo The point sirs is not all food is equal. Not all food is health food Some is poison. When we exercise we burn calories - simple. When we eat we ingest calories - simple right? WRONG!!! You both missed the point.,1,0.6024,1,0.6109,0,0.8194,0,0.7915,0,1.0
The Donald and all like him play to an uneducated & brain dead voter base who don't have the intellectual capability to know what is good for them.,1,0.8063,1,0.8063,0,0.5935,1,0.6043,0,0.6043
"'An introvert lurks behind Stephen Harper's austere exterior'No, John, what we see is exactly what we Canadians get - a cold, calculating sociopath who will do anything to retain power.",1,0.5793,1,0.7824,1,0.591,1,0.5793,0,0.8067
Get off your high horse yourself please.,1,0.5893,1,0.7997,1,0.8157,0,0.611,0,1.0
"You are truly either a silly cub reporter or a social misfit, absent of any moral conscious to even think that this is 'Steve's' fault. Keep your silly political views to your self during this tragedy.",1,1.0,1,0.6028,1,0.5748,1,0.7958,0,1.0
Good god. What goes on in your head? Is everything a conspiracy?,1,0.7859,1,1.0,1,1.0,1,0.6053,0,0.792
"' We in Canada 'Get serious. You in Canada had no idea Canada participated in the Korean war and when you were reminded of it wrote that it was trivial, still clueless. A whole host of reasons why you're a Russian troll.",1,0.7966,1,0.8106,0,0.8119,0,0.5968,0,0.6225
"You're just making s__t up now, Ventner. None of the examples you give resemble history.",1,0.5968,1,0.5952,1,0.7953,0,0.6079,0,1.0
Bitter much?,1,0.5979,1,0.8007,1,0.5971,0,0.8007,0,0.8069
Justine? I'm Bill. Aren't you a nice little shiny pony...,1,0.7982,1,0.6061,0,0.6015,0,0.5923,1,0.598
A Progressive is defined as someone who is so open minded that their brains have fallen out.,1,0.8035,0,0.5947,0,0.7962,1,0.8035,0,0.6048
Conservatives are the propaganda arm of the rich.,1,0.6001,0,0.6135,0,0.8058,0,0.5876,0,0.6181
"If there so forgiving why I have not heard the end of the ""admires China"" thing? I see it almost everyday. So enough with the ""buried"" BS. That is mentioned non-stop.",1,1.0,0,1.0,0,1.0,0,1.0,0,1.0
The woman is deluded.,1,0.6093,1,0.8083,1,0.6073,1,0.6093,0,1.0
Sounds like they sold their souls and principles,1,0.5081,1,0.5081,1,0.5081,1,0.5081,0,0.6616
"J632: If you strip out the brainwashed evangelical Christians and their US-Republican preaching, and the gun nuts, virtually nobody voted for the Conservatives. There was al sorts of polling on this issue.",1,0.6039,0,0.5842,0,0.5842,1,0.6039,0,0.6052
"Yes, ""the west wants in"" was always a rubbish statement but it played well to the dumber members of Canadian society. Diefenbaker, Clark, Campbell, Turner ... etc.",1,0.6632,1,0.8259,1,0.6632,1,0.6632,0,0.6544
"Geez, a shame your school wasn't interested in teaching you how to read. Try re-reading it with both hands on top of your desk, westelca21.",1,0.6357,1,0.7592,1,0.6373,1,0.5511,0,0.7245
"Or 2019, 2023, or any year I can think of. One was already too much for Canada, and this one isn't even that smart.",1,0.5777,0,0.8013,0,0.8013,0,0.8013,0,0.6093
Too many left wing loons running this country. We are doomed.,1,0.6635,0,0.5057,0,0.5057,1,0.6635,0,0.8438
"save your ignorant stupidity , its bs period,, castro was a murdering traitor to his own cause, no freedom of speech etc,",1,0.581,0,0.6112,1,0.581,1,0.581,0,1.0
Historical grievances are for deaf and blind ideologues and losers.,1,0.8654,1,0.5834,0,0.5475,1,0.7368,0,0.8503
Wow one article in the G&M about the bankster Hilary Clinton and the rest about Trump... really balanced reporting..,1,0.5820000000000001,0,0.8012,0,0.8048,0,0.8012,1,1.0
"Spoonie, you sound like Donald Trump, -who can't recognize what we have-You must be kidding... yourself and your children. Grow up.",1,0.7946,1,0.7899,0,0.5877,1,0.6068,0,0.7978
Ridiculous. You cannot study at TWU unless you sign onto the covenant. That is the very definition of coercive. Maybe you need to get hold of a dictionary.,1,0.5920000000000001,1,1.0,1,0.7859,1,0.5920000000000001,0,0.8075
"""thoughts and prayers"", yeah that'll save a lot of lives",1,0.7981,1,0.5932,1,0.7981,1,0.5932,1,1.0
It makes me want to puke the true north strong and free hairball.,1,0.6044,0,0.7867,0,1.0,1,0.6044,0,0.7867
Ugh... If ignorance was gold you would be a very wealthy man sir... P.S. Reagan was a piece of garbage.,1,0.7841,1,1.0,1,0.7841,1,0.7841,1,0.7842
Kill urself,1,0.9416,0,1.0,0,0.5744,1,0.9416,0,1.0
nice ideology loser,1,0.5862,1,0.5878,0,0.6091,0,0.8031,0,0.5862
rick the CON will defend all CON crime.,1,0.5952,1,0.8066,0,0.8017,0,0.8017,0,0.7949
"'Communist Witch'? Oh boy. Take a chill pill, dude. You're making the Harper haters look reasonable and you don't want that, do you?",1,0.5976,1,0.5976,1,0.6035,0,0.605,1,0.8003
yawn,1,0.6157,0,0.7979,1,0.6157,0,0.7909999999999999,0,1.0
"Another politically correct North American view by an author who doesn't understand French culture, values or approach towards multiculturalism.",1,0.5777,1,0.5777,1,0.5777,0,0.624,0,0.8091
"It must be terrible for Aziz to live in a hellhole like England. Why doesn't she move to the paradise that is Pakistan ? Unfortunately, she couldn't write whining articles about Islamophobia for bien pensant editors at the G&M if she did.",1,0.8069,1,0.7959999999999999,0,0.6088,0,0.8128,1,0.8069
"So, everyone who disagrees with her - and YOU - are fascists? You're just another pouting SJW, angry that you didn't get a 'Participant' trophy...",1,1.0,1,0.7814,0,0.6186,1,0.6047,0,0.614
The Left pursues fantasies. The Right pursues reality.,1,0.6246,1,0.8059999999999999,1,0.8059999999999999,0,0.598,0,0.7774
"Easy! Get rid of the snowflake socialist stooges that whine about everything, and make little puddles on the ground when things don't go their way.",1,0.7189,1,0.5593,0,0.5618,1,0.7628,0,0.6012
...actually there were special needs kids... Monkey boy here was one of them... they just were not identified and helped in any way.... and the consequence of that was adults like Monkey boy here : ) Thanks.,1,0.5899,0,0.6035,1,0.5899,0,0.6028,0,0.6035
Spread the poverty around. Sounds good.,1,0.6143,0,0.5807,0,0.5807,0,0.5807,1,1.0
Shhhhhhhh Brian dense want people to know,1,0.6014,1,0.8073,0,0.7975,0,0.5913,1,0.7975
"You haven't really learned the key lesson; don't endorse anyone, and however you decide to vote, expect you candidate to lie to you.",1,0.6067,0,0.7929999999999999,0,0.8015,1,0.6067,0,1.0
"i thought you might have some brains until this comment, buddy, this presentation was simpler than half of the senior engineering projects at my state school last year.",1,0.9226,1,0.9213,0,0.6104,1,0.7698,1,0.6428
Really? You feel this column is arrogant. I guess I missed the 'peasant' comment. You don't have to be a peasant to vote for Trump. You just have to be as dumb as a rock!,1,0.5783,0,0.6103,0,0.6103,0,0.6143,0,0.6189
This was a sophomoric piece of tripe.,1,0.6089,1,0.6089,1,0.6089,1,0.6089,0,1.0
Let's talk in 4 years ! Such sophomoric euphoria! Alberta will become another has been province !,1,0.5877,0,0.8163,0,1.0,0,0.6097,0,0.6097
Renzetti is not young. She's an old woman who is very bitter and has blown a gasket from reading this bizarre opinion,1,0.6072,1,0.6072,1,0.6072,0,0.5936,1,0.6132
Solve the worlds problems. Send muslims and jews packing... if they can't accept and live like others in the West. We don't need this crap here,1,0.7813,0,0.6112,0,0.8024,1,1.0,0,1.0
Sure more immigrants. But none of the religion that dare not speak its name. Their numbers are starting to change the culture of the city for the worse. Ask any woman who dares to ride the metro after sunset.,1,0.5028,0,0.7434,0,0.7434,0,0.6252,0,0.758
...And the CFIB is an entirely balanced source with no axe to grind whatsoever on the issue....,1,0.7926,1,0.7926,1,0.5915,1,0.7926,1,0.7926
You are incorrect. The firearms act does not require non restricted to be in a locked room. Maybe you should re read it before you post your B.S,1,0.6659,1,1.0,1,0.6659,1,0.5005,0,0.6632
"Lovin' the red herring arguments, obfuscation and Islamophobia. Stay the course, Team Stupid.",1,0.7913,1,0.7913,1,0.7913,1,0.5888,1,0.7913
Oh silly bylaw enforcement officer take my advice. Pull down your pants and slide on the ice.,1,1.0,0,0.7535,0,0.7535,1,0.7535,0,1.0
It's nice when a poster's punctuation mirrors the quality of their thoughts.,1,0.6176,1,0.6176,1,0.6176,0,0.5801,1,0.6176
Oh he’s gonna be killed on live tv huh? Are you a child who actually believes this or you just some shitty person trolling?,1,0.9614,1,0.9586,1,0.7588,1,1.0,1,0.6373
"Another simpleton, I guess critical thinking isn't one of your strong points.",1,1.0,1,0.8133,1,0.8133,1,0.7917,0,0.8016
Boo! An Arab under every bed!!! Clutching a knife between his teeth to get ya!,1,0.5656,0,0.624,0,0.6288,1,0.5656,1,0.5656
Kevin - still whining into 2013 I see. Exactly when did Harper declare war on First Nations? Speaking of mob rule - take a look at what the First Nations do on a regular base.,1,0.5899,0,0.6035,0,0.6035,0,0.7962,0,0.6035
A LITTLE paranoid???,1,0.7926,0,0.6053,0,0.5837,1,0.5948,0,0.6021
Now go write a post about the medical experiments and sexual abuse that Canadians subjected its minorities to. Or do you have too much invested in trying to keep it quiet from the rest of the world.,1,0.5968,1,0.7974,1,0.5968,1,0.5968,1,0.7895
ahem... 2016. Did they not teach that in the virtual university you attend?,1,0.5965,1,0.8066,1,0.6148,0,0.5953,1,0.6034
"This only shows that the NDP is not the party of working people: a bunch of elitists, college professors and left-wing wackadoos who couldn't get a job in private industry. Who would hire them?",1,0.5871,1,0.5871,0,0.8001,0,0.6058,0,0.8001
If you honestly see the deceitful Cons as the 'best option' available I feel sorry for you.,1,0.6571,1,1.0,1,0.6585,0,0.6729,0,0.841
Please do you use the death of a child for your ulterior motive. It is obvious that you do not care about Chinese or Canada.,1,0.8027,1,0.8027,0,0.6005,0,0.807,0,1.0
Looks like someone has spent an exorbatent part of his life being snubbed by all manner of people. I'm an American. If ou find the time I would love to hear you actually criticize what I wrot given your keen insights.,1,0.5931,1,1.0,1,0.7984,0,0.6085,1,0.5931
Dude you sound like bit of glue sniffer trolling the web. What exactly is your point?,1,0.5861,0,0.6156,0,0.6005,1,0.5861,0,1.0
"blackandblue1, if you think that people should receive different treatment based solely on thieir ancestry/race, then it is YOU who are dirty racist, whether you realize it or not.",1,1.0,1,0.6491,0,0.5148,1,0.8388,0,0.8505
"Your childish and repetitive comments are most annoying. Tell me, is Ms. Gagnon your ex-wife? Or did her dog just defecate on your lawn?",1,0.588,1,1.0,0,0.8091,0,0.6047,1,0.5951
"dave, You don't make any sense pal.",1,0.5943,1,0.5943,1,1.0,0,0.7944,0,1.0
"Buddy, no one cares about your Cons anymore. They're done... yesterday's newspapers. Soon to be polling below 15% in terms of popularity",1,0.8022,1,0.6044,1,0.6033,0,0.7873,0,0.8022
Holy mother of god what a dunce,1,0.9221,1,0.7191,1,0.5944,1,0.6493,0,0.8494
"With that attitude, you must work on Obummer's White House, eh?",1,0.8396,1,0.8303,1,0.67,1,0.6729,1,0.8303
What nonsense.,1,0.5096,1,0.6604,1,0.6836,0,0.513,0,1.0
Oh...be serious ...who made it an issue... The Trailer Park.. made it.,1,0.5055,1,0.5055,1,0.5055,1,0.5055,0,0.6544
"Poor execution of what? 25,000 refugees by Jan 1? Seriously? What exactly is your complaint? That he didn't let in more or that he let in 10,000 too many? That's your segue to ranting about Ontario?",1,0.7943,1,0.7943,0,0.6049,0,1.0,0,1.0
"Ah, when you cannot debate and add to the topic at hand, play the victim card, if that does not work, pull out the conspiracy card. It is getting truly pathetic.",1,0.5876,1,0.7837,1,0.7837,0,0.6092,0,0.6027
"'David, you are missed.'Only by Birkenstock wearing, latte-sucking, leftie elitists from south of Bloor.....",1,0.6062,1,0.6273,0,0.7888,1,0.6062,1,0.8159
"because that's the global geo-strategy you are so misinformed about. I'm willing to bet that your first instinct after this is that I'm a Harper supporter, right? Get informed!",1,0.6057,1,1.0,1,0.8109999999999999,1,0.6057,0,0.8109999999999999
you're just a dupe trying to screw the rest of us,1,1.0,1,0.8447,1,0.682,1,0.8817,0,1.0
"His mother was good at it, too ;-)",1,0.5894,0,0.8027,0,0.8027,0,0.6079,1,0.5870000000000001
Amazing how the federal political partys/politicians can not bring about the wish of most Canadians and close Canada's useless Senate. Weird politicians in what is often a weird country. Canadian voters leave a lot to be desired.,1,0.6089,1,0.8071,1,0.6089,0,0.5924,1,0.8071
"I wish there was. There is not much to Richard Atwell. If he was any more of a lightweight, he would be floating.",1,0.5914,1,1.0,0,0.8166,1,0.6013,1,0.7903
"Many of history's finest examples agree with you as well; Po Pot, Stalin, Hitler, Chevas (sp), Castro....You hand-wringering, left-wing dingbats amaze me. Perhaps your rainbow unicorn has some legal ideas to suggest.",1,0.6896,1,0.6606,1,0.6896,1,0.6896,1,0.5088
what environmentalists have made any such suggestion? And I don't mean lone nutbars on a website.,1,0.6063,0,0.8047,0,0.7921,0,0.8047,0,1.0
as if I was- I was dressed too stylish for my whackjob lesbian manager who HAD to be the most stylish in the office. She was putrid with hatred/jealously. Lost career due to her in large part.,1,0.575,0,0.6393,0,1.0,1,0.575,0,0.8165
"Shameful comment from a wage slave to big oil, climate denier. Hope your kids & grandchildren learn that you and yours promoted chocking our planet and looting an area the size of Florida to get at AB & SASK +300% CO2 content tar sands sludge.",1,0.6225,0,1.0,0,1.0,0,0.5894,0,0.7881
"5tree: you can't even argue straight, and you're calling me uneducated? (Anyway, isn't 'educated' an objective measure? So how would you know?)You yell too much. You lack imagination. I'm bored.",1,0.5777,1,0.5777,1,0.5777,0,0.624,0,0.8091
"Dartguard, you have a situation where 3.1 BILLION dollars has gone missing and you STILL believe they're telling you the truth? May God man! Wake! ... up!",1,0.6087,1,1.0,0,0.6039,0,1.0,0,0.7971
How nice! whiskycharlie crawled out the the cesspool to post.,1,0.8420000000000001,1,0.7204,0,0.5532,1,0.7654,1,0.8491
SACK WHOMEVER IS RESPONSIBLE FOR THIS IDIOCY,1,0.5924,0,0.6261,0,0.8102,0,0.5975,0,1.0
Is this the plank or pillar of his platform? Way to get going Justin. Double dipping makes more sense if you are stoned however we are no oreo cookies. I'd rather vote for Big Bird.,1,0.5943,1,0.5943,0,0.6159,0,0.7944,1,0.7883
"No, ordinary Canadians support the rule of law, which is not rule by the police. A concept you apparently fail to understand.",1,0.5982,1,0.8144,1,0.6003,0,0.8164,0,0.6058
"Planes, trains, automobiles and busses leaving daily for Alberta, leave the welfare slugs and the tax terrorist government of OntariOWE and go where workers are respected and not taxed to pay for other lazy people.",1,0.5838,1,0.805,0,0.6113,1,0.5838,0,0.6129
"So, Joe, were YOU at the trial? Do YOU have legal training?",1,0.6239,1,0.8082,0,0.8015,0,1.0,0,0.7826
"You are welcome to purchase one of those one-way tickets, because your beliefs are obviously out of step with Canadian law and the general Canadian public.",1,0.6066,0,0.5884,1,0.6066,0,0.5884,0,0.6001
"'cloudysky', you seem to enjoy 'smokescreening'. You're off topic... your topic I might add... provincial, municipal... I mean really !",1,0.5929,0,0.6033,1,0.6022,0,0.6112,0,0.8074
"Keep dreaming Liberals, but 'Le Dauphin' is not ready for primetime....",1,0.5934,0,0.607,0,0.607,1,0.5934,0,0.5957
The REAL losers are actually those who donated to the wee Justin Fund.,1,0.6083,1,0.6077,0,0.5966,1,0.601,0,0.8002
"Oh Rorky , but I bet you would have liked to have been close by in a bush for a peek.",1,0.5887,1,0.5887,0,0.6293,0,0.8190000000000001,0,0.7903
Assad is a dictator.,1,0.5827,0,0.805,0,0.7788,1,0.5827,0,0.8024
You have absolutely no idea what you are talking about. I'm not sure if you're trying to be funny or you're just insane.,1,0.8029999999999999,1,0.606,1,0.606,1,0.606,0,0.8029999999999999
"Dress up an invasion any way you want, tovarich. Are you still upset about our winning Eurovision song?",1,0.7528,1,0.6232,0,0.6187,0,0.7512,0,0.6187
"Rod. Stop with the disingenuous, ""low information voter"". What you mean are stupid people.",1,0.607,1,0.7962,0,0.8176,1,0.607,0,1.0
China apologist=======LOL I always say I am Chinese here. Why should I apologize for myself? Being a Chinese is much better than being a Canadian. We Chinese are just not used to be licking ...,1,0.5784,1,0.5784,0,0.6081,1,0.5784,0,0.6208
The biggest liar is Donald Trump. Stop with the BS,1,0.8098,0,0.6,1,0.7988,1,0.6086,0,1.0
"Which is why, today, all Canadian live in igloos and hunt seals.",1,0.6333,1,0.5149,0,0.9421,0,0.8132,1,0.8229
your an idiot,1,1.0,1,0.7634,1,0.7148,1,0.9212,0,0.9565
"But of course. That is why I never seek advice from people older than me about anything, since I know better than they do.",1,0.612,1,0.6007,0,0.5822,0,1.0,1,0.612
"Seems almost banal to point it out, but... here you are...",1,0.5858,1,0.5989,1,0.5858,0,0.8004,0,0.6138
That's what happens when the pretty boy doesn't have content: we find out.,1,0.8032,1,0.8032,1,0.6009,0,0.797,1,0.6009
Hee Hoo - your grasp of the obvious is amazing.,1,0.8028,1,0.8028,1,0.5923,0,0.8225,1,1.0
Colossal waste of time? How about you call a conference on climate change and show the world how to do it right?,1,0.5993,0,0.5962,0,0.7967,0,1.0,0,0.5962
CONs' racist base = bunch of impotent old white guys yearning for colonial times.,1,0.6225,1,0.6225,1,0.6225,1,0.6225,0,0.593
"What about you, Robbins and Summers? Coinpurses nice and smooth?",1,0.5821,1,0.589,0,0.8128,0,0.8128,1,0.6123
"Are you picking a fight with yourself, Sy? I don't see anybody making the statements that you seem to want to correct. Have you tried anger management?",1,0.6019,1,0.7863,0,0.5987,0,0.7896,1,0.6019
"Christian, Jewish, islam are the death religions. You have to die to reach heaven.",1,0.8029999999999999,0,0.812,0,0.812,0,0.6043,0,0.812
"Exactly - if you really insist on ""equality"" try Communism.",1,0.5901,1,0.5901,0,0.5794,0,0.6202,1,0.5794
Vancharger - Stop wasting time on these boards and go back to the SUNTV forums where you belong.,1,0.7986,1,1.0,1,1.0,1,0.5952,0,0.7986
"Come on Mr. 'Summers'. Surely you possess the intellectual capacity to understand that you can love a person while at the same time hating their ideology. Make love, not jihad.",1,0.5963,1,0.6075,0,0.807,0,0.7965,1,0.5963
Allow me to summarise all the liberal posts so far about this editorial:'Waaaahhhh you're mean! We don't like you!',1,0.5704,1,0.8172,0,0.6138,1,0.5704,1,0.8159
"If you are anti-murder, how can you possibly support the Palestinians? I don't get it - someone gets a pass as long as they are only killing women and children? Come on!",1,0.7995,0,0.6034,0,0.599,1,0.6034,0,0.7995
How many times will people ignorant of statistics pull out that canard to justify this decision -- that is the realy question.,1,0.7888,0,0.5875,0,0.5875,0,1.0,0,0.8036
"Man, you lefties are priceless... That was called a satire....Grow a sense of humour...",1,0.605,0,0.8016,0,0.5834,0,1.0,0,0.8016
Your opinion is wrong. Being Canadian means having citizenship. Period. Anything else is just a laundry list of the kind of people you like.,1,0.7974,1,0.5854,0,0.6172,1,0.6219,0,1.0
"You really need to learn to read. The answer, as set out, is 'education, social safety nets and expanded productivity'. Note carefully 'expanded productivity'. Any other questions?",1,0.6039,1,1.0,0,0.5868,0,0.5868,0,0.6118
No threads !!!! Are you mad or simply dishonest. Islam connects all three of them.,1,0.7997,1,0.7952,1,0.59,1,0.6057,0,0.7948
"Just one problem, Justin is as dumb as a doorknob.",1,0.5897,0,0.8073,0,0.8023,1,0.7794,0,1.0
skipping your English as a second language class again ???,1,0.8370000000000001,1,0.8370000000000001,1,0.6649,0,0.5116,1,0.6696
Blood in the streets? I don't get how you and your gangs minds think. The line is going to be built.,1,0.5912,0,0.8122,0,1.0,1,0.5912,0,0.8068
Sorry Earthman cannot agree. Mr Rae has never been 'just' anything unlike your comment which is just foolish.,1,0.8069,1,0.8069,1,1.0,1,0.5843,0,0.8069
"Dishonest Liberals (redundant, I know) will not publish net income numbers because they wish to distort how much doctors make. No overhead costs, no RRSP contribution consideration, no benefits, and no vacation. Raw salary. Hoskins is scum.",1,1.0,0,0.5883,0,0.5883,1,0.8179,0,1.0
I want an intelligent leader. JT isn't.,1,0.6198,0,0.5958,0,1.0,0,1.0,0,0.7844
"> Yes, that clang you hear is the top of the dustbin closing. Sounds exactly the same as your mind closing. I suppose they are exactly the same thing.",1,1.0,1,1.0,1,0.8112,1,0.5962,1,0.8112
Trudeau is an embarrassment for CANADA!,1,0.5978,0,0.5948,0,1.0,1,0.5978,0,1.0
What a classic load of 'blame the victim' drivel....,1,0.603,0,1.0,0,1.0,0,0.5995,0,1.0
"Jeffrey, Jeffrey, I am thinking this sounds very 'un Canadian'! I'm also thinking the baby sitter driver will be having you on a naughty list. There will be an 'inspector' comming to 'vist' you.",1,0.8073,1,0.8073,0,0.5838,0,0.5838,0,0.6089
How is radical Islam an enemy of Canada? Have you let fear of the bogeyman take over your common sense.,1,0.5979,1,0.5979,0,0.8135,0,0.8135,0,1.0
"Good grief, the thing has found an opening for its drool.",1,0.653,1,1.0,1,0.6632,0,0.5211,1,0.5198
I think the G&M has gone skunky.,1,0.5971,1,0.5971,0,0.6069,0,0.6069,0,0.7959
"How the heck did you come up with that? Check out the groups involved, Einstein...",1,0.5957,1,1.0,1,0.5999,0,0.5956,1,0.8044
"Why should someone have to pledge allegiance to the welfare queen, she doesn't even live in Canada",1,0.6632,1,0.6632,1,0.6632,1,0.6796,1,0.5055
Thoughtless knee jerk reactions like your comment is the reason small 'c' conservatives like me feel 'homeless' politically now for quite a few years.,1,0.5777,1,0.5777,1,0.5777,0,0.624,0,1.0
Yeah let's focus on Shumuer. Let's FORGET that Donny is the most incompetent president in US history...,1,0.6022,1,0.7211,0,0.5253,0,0.5167,1,0.8489
They are totally confused and incompetent! What's the problem?,1,0.6635,1,0.6635,0,0.5149,0,0.5149,0,0.5057
A vacuous comment from a simple mind.,1,0.8874,1,0.8791,1,0.7652,1,0.6845,0,0.7702
Yummm... likely not Canadian bias... more like Russian-sponsored paid trolls... and likely drugged up as well....,1,0.7954,0,1.0,0,1.0,1,0.7929999999999999,0,0.7976
"Uhm Laureen put in a ten hour day yesterday, stop being a Union liar...",1,0.6034,0,0.8006,0,0.8006,1,0.6034,0,0.7984
Selective reading comprehension will do that to you. You must open your mind in order to detect what others are telling you.,1,0.596,1,0.7843,1,0.595,0,0.5933,0,0.8117
"The author's name doesn't change the point I make. Typical lefty, attack the messenger to deflect from the issue.",1,0.7986,1,0.6051,1,0.6051,0,0.8065,0,0.5938
"And we all believe they were Bags of sandwiches the Liberals were giving to each other in a Car garage. Oooops, Inconvenient Truth - Adscam! Need more?",1,0.7256,0,0.5738,1,0.5720000000000001,1,0.5720000000000001,1,0.721
"Yup, no spin whatsoever from the ""pro choice"" side: 8 months of ""choice"" isn't enough, that ""fetus"" halfway out the birth canal is still just a lump of cells, just part of the woman's body, right?",1,0.7985,0,0.6064,0,0.8029,0,0.8101,1,0.6086
Citizen 1 What planet do you live on? The media bashes Harper 24-7. This columnist in particular. 1. too many disgruntled sore loser leftists who still cannot accept Harper's MAJORITY 2. Leftists don't play fair,1,0.8107,0,0.5948,1,0.5944,0,0.5944,0,0.8107
"The Globe and Mail hates white people. The roots go back to WW2, planned slow genocide of whites through massive 3rd world immigration.",1,0.5952,0,0.6095,0,0.8063,1,0.5952,0,0.7952
Your stupidity rises so high I can't see it from down here. ,1,0.9592,1,0.8803,1,0.8367,1,0.92,0,0.6071
First stop for Russia is the land of the gullible baffled and befuddled Canadians who could t care less about their own country. Why would Russia risk a confrontation with the US when they can exploit the accomodating and wimpy Canadians,1,0.614,0,0.7904,0,1.0,0,0.5969,0,0.8075
Not only are THEY deafThey are DUMB,1,0.5981,0,0.6075,0,0.6075,0,0.5981,0,0.7991
seems all you have to do is make a broad sweeping mindless criticism of Harper and you get 8 thumbs up from a small bunch of lemmings .....I think I'll give it a try ......Harper is the worst PM Canada has ever had !,1,1.0,1,1.0,1,0.6075,0,0.7994,1,1.0
"And yet this opinionated dunce of a columnist who has no experience in medical science or clinical research, yammers on about something he knows nothing about. So do many posters.",1,1.0,1,1.0,1,1.0,1,1.0,0,1.0
RegressiveCons need to be sent back to the century they came from....the 16th I believe.,1,0.8075,1,0.8075,0,0.5972,1,0.8075,0,0.5886
"Don227 gives no indication of his feelings about the author being ""a conservative"", only saying that he worked for the Conservative Party. You need to give your logical fallacy factory a rest.",1,0.7984,1,0.7984,1,0.792,1,0.6,0,1.0
you must be a paid shill of the lieberals... I mean who really remembers the details of the mulroney government ...nobody.,1,0.6066,0,0.5884,0,0.5884,1,0.6066,0,0.8033
Really - someone pays you to post this drivel or do you sit around all day waiting for inspiration? BTW - it's kumbaya and it means Come By Here (Lord). That song really should be right up your alley as you and Steve hold hands and sway.,1,0.7919,1,0.5998,1,0.5998,0,0.6012,0,0.6061
Not again? Try reading the famous Canadian Charter and have a look at our silly Human Rights Commissios and get back to me in the morning.,1,0.5795,1,0.787,1,0.5955,0,0.8143,0,0.7925
Nothing like marijuana to distract Liberals...,1,0.6796,0,0.6509,1,0.5055,1,0.5055,1,0.6796
Obviously the truth the G&M endorses corrupt Liberals doesn't sit well with the bought and paid for Liberals on forum manipulation duty tonight.,1,0.5907,0,0.6051,0,0.6051,1,0.5907,0,0.8197
"You're not the only Canadian, but you may be the only idiot.",1,0.8140000000000001,1,0.6061,0,0.6082,1,0.7929999999999999,1,0.6061
"I thought sexes didn't exist, only societal constructs. Thus, Hillary can identify as either male or female at any given time.",1,0.5977,0,0.5989,0,0.8056,0,1.0,1,0.5977
"Dumbest statement ever! If I am doing nothing wrong, then why are you spying on me?",1,0.8082,1,0.8082,1,0.6163,1,1.0,0,0.8001
"LOL considering how much time you spend on the G&M comment board, at least I can say I have friends and acquaintances. And I have no doubt the diversity of them far surpasses anything in your life.",1,0.6052,1,0.5941,1,0.6052,1,0.6052,0,0.6124
"So I guess you think that the RCMP is a bunch of Communists? Every time you post, you live up to your user name in oh so many ways.",1,0.5907,0,0.6186,0,0.6186,0,0.6047,1,0.6047
"Stephen, speaking of idiots that can't read - what part of ""you're endangering everone else's kids"" don't you understand?",1,1.0,1,0.6068,1,0.6022,1,0.8057,0,0.6013
Since when? A long time. Guess you don't remember chretiens big red book of lies. Your comments are foolish.,1,0.6046,1,0.6046,0,0.5903,0,0.5956,0,1.0
"well Steve_d1, I was pretty sure you were a science denier, but after your last comment now I'm absolutely sure.",1,0.6016,1,0.6016,0,0.8039,0,0.5901,0,1.0
"Although pretty boy Justin is an airhead, Canada would be much better off with either the CPC or LPC in charge. The NDP are nothing but a bunch of whackjobs that have no idea as to how the real world works.",1,0.7956,1,0.7909,0,0.5897,1,0.5912,0,0.7988
thats slightly cracked you freak a holic,1,0.8126,1,0.7959999999999999,1,1.0,1,0.6086,0,0.8126
The oil tax cow was very small in comparison to what Norway did with their oil income. The Alberta cow is now dry and albertians have no one to blame except themselves for being so stupid and greedy. Tough times ahead. Jack Mintz is an idiot.,1,0.5929,0,0.8074,0,0.8074,1,0.5905,0,0.8074
Pretty much all of what this clown says is NOT true.,1,0.8847,1,0.5996,1,0.757,1,0.7296,0,1.0
"So, what are the winning LottoMax numbers this week, M. Perspicacity? You know nothing, Jon Snow!",1,0.5811,1,0.5855,1,0.7829999999999999,0,0.6164,1,0.7829999999999999
Justin and Adams deserve each other - political opportunists,1,0.5132,0,1.0,0,1.0,0,0.6576,0,1.0
Google it you twerp.,1,0.9561,1,0.8314,1,0.7881,1,0.8752,0,0.9593
I think you must be insane. The Thomson family is deeper blue than the ocean.,1,0.6057,0,0.7879999999999999,0,0.589,0,0.8096,0,1.0
That woman has no class ... Clearly demonstrated that night!,1,0.5752,1,0.5763,0,0.8689,0,0.5897,0,0.7372
"Three comments already Mr/Mrs 'chinaknnews'?What an insecure, paranoid government China must have to actually employ people to troll the comment sections of newspaper forums around the world.",1,0.644,1,0.644,0,0.5153,0,0.5153,0,0.8468
"True dick, but not you. You define 'fanboy sycophant'.",1,0.5673,1,0.5673,0,0.6179,0,0.6179,0,0.8082
"Showing your age there, God.",1,0.5878,1,0.5878,0,0.5995,0,0.605,1,0.8018
Balanced reporting as far as the Clinton groupies go.....especially EEElectric banana,1,0.6066,0,0.5852,0,0.5852,0,0.7851,0,0.8082
"You're reference Ottawa, nothing but hot air.",1,0.5948,1,0.8028,1,0.8028,0,0.6023,0,1.0
I am glad you didn't say soccer! Those goofshead butt other players in the face!!,1,0.6022,0,1.0,0,1.0,0,0.6042,0,1.0
"skier, The only reason you aren't able to extend the same charitable excuses you made for Harper to Ontario and Quebec that are subject to the very same factors is because you are a blind apologist for the Cons.",1,0.807,1,0.7788,1,0.5971,0,0.7929999999999999,0,0.7788
"Earthquakes, you say? Oh, well. No dumber than the rest of your post.",1,1.0,1,0.7443,1,0.7443,1,1.0,0,0.75
Stupid is as stupid does. Simple.,1,0.5809,0,0.6055,1,0.5809,1,0.5809,0,0.6257
"But at least they're honest in their racism, not the two-faced hypocritical type expressed by many White Canadians.",1,0.8373,1,0.6632,1,0.5055,1,0.5055,0,0.8107
"Maybe, the real lesson in all of this is when one listens to the likes of Repugnican denialist dinosaurs like J. Howard Pew and the Koch bros, they end up burnt in the end. AMEN",1,0.6042,1,0.6042,1,0.6042,0,0.6041,0,0.7918
Well then stay under your rock.,1,0.7566,1,0.7566,1,0.7566,0,0.7641,0,1.0
Would you vote for a wind sock like Justin Trudeau? You betcha you would.,1,0.8021,1,1.0,0,0.8023,0,0.5999,1,0.6059
Gee but you had no issues when Chretien played the same game. The hypocrisy of the anti-Harper crowd is very amusing and quite ironic.,1,0.7998,1,0.7926,0,0.8023,0,0.6053,0,0.8023
"Oh my, Lamont, that's pathetic -- best you can do? mimicry? -- you do a lot of this, try harder next time.",1,0.8094,1,0.7975,1,0.5975,1,0.5995,0,0.7912
Cute. Dear Leader? Is your life really that sad under our current (and long-standing) Prime Minister? I admit he has many faults -- and I'm not a fan of his party -- but 'Dear Leader' is a bit far.,1,0.8148,1,0.7958,0,0.6078,0,0.6031,0,0.5821
That every time JT opens his yap he says something stupid.,1,0.6101,1,0.6101,1,0.8007,0,0.5937,0,1.0
"Man, what weird logic. ""Lemming"" logic, actually (""Oh look, they're all rushing off the cliff... must OK if they're all doing it. Lemme do it, too.."") Me? I'd head for the lifeboat davit.",1,0.5964,0,0.5915,0,0.7958,0,1.0,0,0.5915
That course is as usful as Womens Studies. If this is what is taught in university then no wonder the only job many university graduates can get is flipping burgers.,1,0.7777,1,0.7777,0,0.7991,0,0.6079,0,0.6048
"Idiot and moron, very intelligent response. And by the way, the largest producer of carbon emissions is China.",1,0.6191,0,0.7771,0,0.7771,1,0.6191,0,0.7771
Really?? And where did you get your common sense ??,1,0.6004,1,0.6004,0,0.7938,0,0.8066,1,0.6004
tell him that he should resign! we need less of these pigs feeding at the public trough thinking they are unaccountable: michael. duffy@sen.parl.gc.ca,1,0.7982,0,0.5979,0,0.7982,1,0.8088,0,1.0
Such a silly comment. The Royal Family is a refreshing change from the elected politicians.,1,0.6072,1,0.6072,1,0.6072,0,0.8034,0,1.0
"You mean the British VIP paedophile ring involving senior politicians, judges, military top-brass, secret service, senior police officers, entertainers, etc?",1,0.7872,1,0.5937,0,0.6144,1,0.7872,1,0.5791
"What ARE they saying then? Enlighten us, Mr. Comprehension.",1,0.774,1,0.774,0,1.0,0,0.7459,1,1.0
. ^ Looner .... do you believe this? ^ Just lost my lunch.,1,0.7854,1,0.5947,0,0.604,0,0.604,1,0.8013
It was kind of dumb to post this once. Doing it half a dozen times doesn't make it smarter.,1,0.5928,1,0.8043,1,0.5928,1,0.6022,0,0.6007
"Yes, WKW, because if they're more successful than you, they MUST be crooked, right? C.",1,0.8139,1,0.5973,1,0.8052,0,1.0,1,0.8052
"Ford and Harper should get no credit because they are big bad evil right wing fascist meanies. This one time, I saw Ford punch a kitten. This other time, I saw Harper steal a bowl of soup from a homeless guy.",1,0.6056,1,0.8132,0,0.5768,0,0.7908,1,0.6309
You are an obvious twit. Try learning about the industry before spouting off.,1,0.5913,0,0.7869,0,0.6036,0,0.8051,0,0.8051
They were fools. I would have preferred Ford over here.,1,0.5639,0,0.6192,1,0.5898,1,0.5639,0,0.7813
"Forcing a gov't employee to remove a crucifix or turban is not separation of church and state I'm afraid. Only in the minds of weak, insecure bigots.",1,0.5773,1,0.8024,0,0.6202,0,1.0,0,0.8057
You should be poisoned and murdered. ,1,0.8508,0,0.5244,1,0.5724,1,0.8503,0,0.902
"@formerly, you need to dig up some facts, and think a little before commenting.",1,0.5923,1,0.7862,1,0.7862,0,0.6022,0,1.0
"Notley: 'Oh, who will rid me of this troublesome Levant'. LOL. Go Ezra! You're getting under their skin.",1,0.5805,0,0.8081,0,1.0,0,0.7987,0,0.8127
Old news. Anyone finding glee in this is a HYPOCRITICAL LEFTIST SELF righteous idiot. who take their hate and venom to the grave,1,0.7943,1,0.7895,0,0.5981,1,1.0,0,1.0
That comment has been plastered on these forums often enough that only a stupid person would post it again.,1,1.0,1,0.8,0,0.6095,1,0.7952,0,1.0
Konrad must be smoking something to suggest that the government increase the tax?????Give them a chance to screw us some more???? IDIOT,1,0.7876,0,0.5945,1,0.5847,1,0.6084,0,0.5945
"Onward Christian soldiers marching off to war... Anyone still wanna buy those F-35s,ah,ah,ahhhhh? This, is the price you pay... Highway of hero's??? More like highway of fools...",1,0.8396,1,0.8396,1,0.8332,1,0.6729,1,1.0
I'll put my hours up against yours any day. Bet you $100 that I work harder and longer than you.,1,0.5956,1,0.8037,1,0.6091,1,0.5956,0,1.0
"Bad news dude, as an economist no one respects you.",1,0.8109,1,0.8109,1,0.6027,1,0.8109,0,0.8011
"colon7, you are partially right. Religion is the problem. A minority of one religion.",1,0.6617,1,0.6617,1,0.6617,1,0.6617,0,0.5084
"So, any thoughts on Ottawa or Montreal or does the deficit thinking apply only to the crack heads and drunks ?",1,0.6165,0,0.7992,0,0.7992,0,0.5826,1,0.6165
And you know this fact because? Maybe you just imagined it from a dream?,1,1.0,1,1.0,1,1.0,0,0.6273,0,0.8048
bobthebob... that's all you've got?????,1,1.0,1,1.0,1,0.6812,0,0.6356,0,1.0
What will the spoiled students in Quebec do now that their tuition will spike without that hated oil money? They can try banging pots again I guess.,1,0.5770000000000001,0,0.5865,0,1.0,1,0.5770000000000001,1,0.7877
Memo to the Tory war room: there is really no need to run ads attacking Little Trudeau. He will disappear up his own behind soon enough.,1,0.5091,1,0.5091,1,0.5091,1,0.5091,0,0.835
"Shutting down and taxing the living crap out of Toronto, Montreal, and Vancouver making them live in caves would be most effective",1,1.0,0,1.0,0,1.0,1,1.0,0,1.0
Speaking rubbish to readers.,1,0.5953,0,0.6047,0,0.8047,1,0.6,0,1.0
HATE is not a strong enough word but I hate Stephen HarperHe is RUINING our country,1,0.611,0,0.8014,0,0.8014,1,0.611,0,1.0
Does this mean Muslims who follow the Koran and believe gays should be killed cannot be allowed as lawyers or again are these law societies just cowards ?,1,0.5963,1,0.6015,0,0.5963,1,0.5963,0,0.8139
The Globe and other MSM outlets regularly delivered dissections of Harper's psyche and how he was 'cold' and a 'control freak'. Lawrence Martin even wrote a whole book on the subject. Liberal supporters need to put on their big boy pants.,1,0.5013,0,0.6724,0,0.6724,0,0.6724,0,0.5088
In a word Kristen the man is a psychopath.,1,0.7809,1,0.7809,1,0.5823,1,1.0,0,0.5688
I always get a kick out of the fascist who can't read. Of course if they could they wouldn't be facsists now would they. Google 'rail valdez' you halfwit.,1,0.8088,1,0.8088,0,0.6043,1,0.5999,1,0.6219
"Amazing. Thank goodness the Clinton web of deceit hasn't yet taken over Apple autocorrect, Inspektor. Once that happens we know we are in deep deep doo-doo.",1,0.6041,0,0.6047,0,1.0,1,0.6041,1,0.6025
"You are no Conservative. Prepare for another Harper Majority. The left is delusional, disorganized and self important. Trudeau and Mulcair will be replaced after the next election.",1,0.8119,1,0.5931,1,0.6207,0,0.6112,0,1.0
"I think he means, roach. Them hippy liberal dudes all smoke the ganja, man.",1,0.5799,1,0.5799,0,0.5953,0,0.6319,0,1.0
"Oh, and if you think talk of tax cuts isn't pandering to the Toronto Sun and to the Libertarians of Lanark, you haven't been watching.",1,0.612,1,0.612,0,0.8031,0,1.0,0,0.8058
Trump supporter's r dumber than rocks,1,0.962,1,0.8001,1,0.6725,1,0.7195,0,0.7607
"You know steve_d1, most people grow out of that 'engineers vs arts students' thing by the time they graduate. It's a common theme with you.",1,0.589,1,0.595,1,0.595,0,0.8081,0,0.8016
"Joanne... since you are a believer, what on earth are you doing using a computer? Turn it off and save the planet!",1,0.6481,1,0.6734,1,0.6612,1,0.8179,1,1.0
Spoken by the poster whose needle has been stuck on Kardashian for months.,1,0.7926,1,1.0,1,0.7804,1,0.8127,0,0.573
"Marx, That is obviously not true, and it says a great deal about you to even suggest it.",1,0.5643,0,0.8553,1,0.5643,0,0.8528,0,1.0
"Yes, they certainly will increase our population quickly and easily. What do you know about population biology and ecology? Not much at all, obviously.",1,0.6042,1,0.6042,1,0.6042,1,0.6042,0,0.8012
such a shallow 1d1otic analysis !,1,1.0,1,0.5948,1,1.0,1,1.0,0,1.0
Funny cause all Harper has ever done are carefully managed photo ops. You obviously fell for them.,1,0.6006,1,0.8088,0,0.6024,0,0.8078,1,0.5888
"David, not even pretending anymore? So bold in your racism. Congratulations.",1,0.792,0,0.6012,1,0.5947,0,0.5997,1,0.8041
You guys are hilarious - the Liberals lost 3 seats held by cabinet ministers (finishing 3rd in 2 of them) and it's Hudak who's unelectable?? Please share whatever you're drinking ...,1,0.8029999999999999,1,0.615,1,0.615,0,0.6105,0,0.593
You already posted that. Do you have anything to original to add?,1,0.5909,1,1.0,0,0.5941,0,0.8197,0,0.8197
A union economist? LOL! What the frig is that? Great at spending other people's money until it runs out and then asking for a grant to continue?,1,0.6728,1,0.5153,1,0.6674,1,0.6728,1,0.5153
I'll whisper it in your rear Corn. It is called satire.,1,0.6068,1,0.8078,0,0.8078,0,0.8078,0,0.7907
Much ado about a little 'chicanery'.,1,0.6174,1,0.6174,0,0.7887,0,0.7951,1,0.6174
Meaning the Bible thumpers won't be allowed to thump gay folks to death? The victory will be costly to whom?,1,0.6116,0,0.8015,0,0.804,1,0.6116,0,0.7979999999999999
"Let's be perfectly clear, PP is just a mouthpiece for Hairper, nothing this Government does or says is of free thought. All is the Fascist Agenda of Hairper.",1,0.5908,0,0.7901,0,1.0,0,0.6079,0,0.8048
Idiot. You know nothing about how the government works. Crawl back into your hole.,1,1.0,1,0.8542,1,1.0,1,1.0,1,0.5642
Yes it is complete crap and has been debunked many many times//www.hc-sc.gc.ca/fn-an/gmf-agm/seralini-eng.phpI have many more refs to scientific opinions of it if you want more.,1,0.6176,0,0.8076,0,0.8076,1,0.5942,0,0.7852
"Dumb as a big bag of rocks, that's how stupid they are, gullible too.",1,0.6068,1,0.7956,0,0.8091,1,0.7995,0,0.7885
"I guess the expressions, 'Don't judge a book by its cover' and 'Appearances are deceiving' are lost on you, Tom.",1,0.6037,1,0.8111,0,0.5982,0,0.5982,0,0.7981
Just a few brain cells and qualification for the job would o.,1,0.7918,1,0.7918,0,0.8002,1,0.7918,1,0.8022
"All true, but the real 'why' is that the others were loyal Canadians, while Harper is a traitor engaged in treason.",1,0.7622,0,0.7426,0,0.7426,1,0.7622,0,1.0
like you never re-use expressions. Cheap criticism pal,1,0.6139,1,0.6047,0,0.6139,0,0.5937,0,0.8022
"It was not a Sig Sauer Platform, it was a Sig Sauer MCX rifle. If people are going to discuss something, having the correct facts are a necessity... BTW...aren't pedantic people annoying ;-)",1,0.6582,0,0.5057,0,0.6813,0,0.5133,1,0.6659
"Nice straw-man, and a wonderful false dichotomy to boot. Now stop deflecting and actually comment on the current situation in Canada, you know the subject of the story.",1,0.5183,1,0.6722,0,0.8288,1,0.6603,1,0.5183
"Not only is it a lost cause so long as islam is its answer regardless of the question or issue at hand, the so-called 'islamic world' should be blockaded, quarantined, and sealed off from the civilized world.",1,0.7963,1,0.6072,1,0.8109,1,0.7963,0,0.8109
"Oh deer: Hitler really! I have nothing but respect for Jews, they are truly a remarkable people. It's you retread, left wing , tambourine banging, pot circle sloths I have no time for. Ps love your conspiracy theories, do you hear voices?",1,0.5741,1,0.9274,0,0.5047,0,0.5073,0,0.6005
"Your accusations are more like bold faced lies , you did not substantiate one of them. So what does that make you , perhaps you should look in the mirror.",1,0.7783,1,1.0,1,0.5848,1,0.5649,0,1.0
Europeans are generally elitists.,1,0.5578,0,0.9623,0,0.9261,0,0.5558,0,1.0
"'I want a job but I don't want to have to actually go to my job'Whine whine whine whine whine whine whine. With such perverse senses of entitlement, how does these people ever get jobs in the first place?",1,0.602,1,0.7955,0,1.0,1,1.0,0,0.6048
Did your brain explode before you could finish your sentence? Lucky brain.,1,1.0,1,0.833,1,0.6638,1,0.833,1,0.6529
It has to be BS. It attacked the true Messiah. Didn't you know - we will all benefit from JT's trust fund.,1,0.5987,0,1.0,0,1.0,0,0.6038,0,1.0
So post with your real name and readers won't think you are a coward.,1,0.5961,0,1.0,0,1.0,1,0.5924,0,1.0
You don't understand international finance do you fatty.,1,0.9238,1,0.9235,1,0.6842,1,0.9238,0,0.8422
"The country is better of without a party of turncoats, thieves and scum.",1,0.79,0,0.7959999999999999,0,0.5875,0,0.5956,0,0.7959999999999999
"wow are you ever stupid people. BC makes you pay for medicare, and ALL FEES.",1,0.6126,0,1.0,0,1.0,0,0.5832,0,1.0
Kill the rich. Problem solved!!,1,0.5969,0,0.5942,0,0.5942,0,0.5985,1,0.5969
"Paul, she must have cousins too since there are now 4 down-thumbs. I am more inclined to attribute to dumb thumbs.",1,0.6091,0,0.601,0,0.601,0,0.595,1,0.5923
"Let me know how that works for you. Oh, and don't forget to add Cuba to the list, seeing as how little boy wonder things Fidel and the thousands of murders by Castro were such a good thing.",1,0.8438,1,0.8788,0,0.8855,1,0.8068,1,0.84
Thats a very interesting world you live in. How far is it from Earth?,1,0.6298,0,0.5893,1,0.6015,0,0.5823,1,1.0
"Harper knows that most Conservatives are stupid people, so he plays them like a fiddle. That old fogey who called Lori Graham of CTV a 'piece of .....' is quite typical of the ignorant Conservative base.",1,0.8124,0,1.0,0,1.0,1,0.6103,0,0.7889
Sure Bud. Can you provide a single instance where voter fraud has in any way influenced a Canadian election? Just one example for the sake of us uninformed liberals?,1,0.607,1,0.8179,0,0.6065,0,0.7864,1,0.6272
"...Says the man who didn't know the PMO was a public institution....So, based on that, we should just accept any unsubstantiated assertions you make around who's a liar and who isn't, right?",1,0.5916,0,0.608,0,0.608,0,1.0,0,0.8051
Fatuous drivel.,1,0.5876,0,0.7926,0,0.597,0,0.6079,0,1.0
"Do hat stores seriously still exist in 2019? Anyone wearing a hat, other than for sun protection, is either a virgin or a pedophile.",1,0.6008,0,0.5907,0,0.6384,0,0.5517,0,1.0
"Trump couldn't govern effectively not because of rioting, it would be because he is not capable of it. He has proven that he is an idiot.",1,0.6034,0,1.0,0,1.0,1,0.6034,0,1.0
idiot alert!!!!!,1,1.0,1,0.792,1,0.5929,1,1.0,0,1.0
Just ignore the CON PROPAGANDISTS. The OP is a shrill pug. The cons want to destroy Canada but dumbing it down.,1,1.0,1,0.7883,1,1.0,0,0.6134,0,0.8028
"Iran is a cesspool, even the americans and canadians that went there came back as sadists. let it rot. let Isreal rot too. leave Canada out of that BS.",1,0.6019,0,0.7968,0,1.0,1,0.8,0,1.0
"Old curmugeon, it does appear that you are confused by the facts.",1,0.7986,1,0.8065,1,0.8065,1,0.6011,0,0.8051
Where did you come from?,1,0.6009,0,0.5878,0,0.7949,0,0.5878,0,0.7929
"gasoline price fixing, no way. you must also believe in UFO s and sasquatch",1,0.6059,0,0.6089,0,0.6089,1,0.6059,1,0.6059
"OK, I'll bite. You're a racist and a Trump supporter. It seems you can't be one without the other.",1,0.807,1,0.807,0,0.5885,1,0.5888,0,0.7983
why would Brad Wall save Ontario? There is no need to. Let Ontario drop.,1,0.5009,0,0.6331,0,0.6148,1,0.5009,0,1.0
typed like the true racist you've proven to be,1,0.5870000000000001,0,0.8043,0,0.7913,1,0.613,0,0.7913
I think your tin-foil hat is screwed on too tight.,1,0.6593,1,0.8217,1,0.8283,0,0.6694,1,0.8379
"The Chief Justice of the Supreme Court is a cushy job? You really have no idea what you're talking about, do you?",1,0.6128,1,0.6128,1,0.6118,0,0.5818,0,1.0
"Wow, TO must be an interesting city, full of bile and incoherence. Your opinions of your fellow citizens have nothing to do with the scientific evidence for global warming.",1,0.7915,1,0.583,1,0.583,1,0.6109,0,0.7867
Funny that you don't see the errors in your post considering that a whole lot of right wingers just voted in a president who against free trade.,1,0.5807,1,0.5952,0,0.6121,0,0.8056,0,0.6137
"Worko: If you want crap please read the postings by your housemates Slippery, Booger, Truthnotteller and Mumbo Jumbo, to call out just a few. Enjoy your collective wallowing in it.",1,0.6197,0,0.5965,0,0.8052,1,0.6197,0,1.0
"What's worse, hiding in a closet or behind your wife's nightshirt?",1,0.799,0,0.594,0,0.799,0,0.5936,0,0.6074
"Hmm. Sounds like maybe your brain is wired to dismiss the science/ignore climate change. Could it be the author is actually onto something? Nah, let's go with your conspiracy theory and call it 'logical thinking' instead. Yeah, that's the ticket.",1,0.6741,1,0.6741,1,0.6647,0,0.5043,1,0.8432
Maybe fools like you shouldn't have supported Bush-Cheney's criminal War on Iraq.,1,1.0,1,1.0,1,1.0,1,1.0,0,1.0
"Dieudonn? = not an anti-Semite!! Oh wait, very much so -- honestly, trying to find the ulterior meaning / rationale behind the bigotry. Not there. #JeSuisAPlank#Loser",1,0.5827,0,0.6169,0,0.6026,1,0.5827,0,0.6026
"Well now that oil prices are down, he should probably just prorogue parliament. The Christmas break can't come soon enough, eh Harpo?!",1,0.6051,0,0.5998,0,1.0,0,1.0,1,0.8081
"Why all this talk about bombing. According to the latest jobs statistics, Trudeau Lite just created 36,000 new bums here in lotus land. Enough already..",1,0.603,1,0.603,0,0.612,0,0.5839,1,0.603
Tell yourself that if it helps you sleep at night. Comrade Notley and her communist horde will be reduced to a few seats in Redmonton in the next election.,1,0.8114,1,0.6006,0,0.5927,1,0.6054,1,0.5911
Paid by Soros? What are you smoking?,1,0.5856,1,0.5875,1,0.607,1,0.5856,1,0.8027
right. because hiring tons of republicans with fraud records equates 'less flashy',1,0.585,0,0.615,1,0.5905,1,0.585,1,0.5942
@skybot Yet you read and commented on the article. Not have anything better to do with your time?,1,0.79,1,0.79,1,0.613,0,0.5956,0,0.5875
Ohhh I thought you were gonna say he pulls out his gun!!!! Because the brains are insufficient to make a counter argument....,1,0.5919,1,0.8031,0,0.6097,0,0.8031,1,0.7985
"Return them to their families? Sometimes, you really don't think your posts through all the way.",1,0.5784,1,0.5784,0,0.6081,0,1.0,0,0.8135
You mean like the Liberals when they choose not to get rid of GST? Or rip up NAFTA? Or being the only party to turn hundreds of thousands of people into criminals over night? You mean that kind of dictatorship?,1,0.6008,0,0.8068,0,0.7982,0,1.0,1,0.5924
"'it is a misnomer to categorize the two recent events in Canada as 'terrorism'.'================================Doug88888, just a suggestion. Buy a dictionary. Look up the word 'terrorism', and then delete your post.",1,0.7926,1,1.0,1,1.0,0,0.6059,1,0.597
"Are you read to go Trump and execute their families too? Uncles, nephews, and maybe their neighbours just to be sure?",1,0.794,0,0.6203,0,0.6203,0,0.5857,1,0.6155
and if he sent a battle group and a few squadrons you boners would all be screaming warmonger... bunch of phonies,1,0.9198,0,0.7192,0,0.8056,1,0.8161,0,0.9649
Spare everyone your drivel you rambling fool. Your chance to work toward prosperity was not stolen. You're just too stupid and/or lazy.,1,0.6048,0,0.596,1,0.6048,1,0.6048,0,1.0
"Rob, first of all, Steven Harper wasn't tossed aside in an election, he was tossed aside in a high school popularity contest. Big difference. Secondly, you should get some help. The anger in your writing indicates a problem.",1,1.0,1,0.8517,1,0.578,1,0.7114,0,0.8701
"The old broom closet vet abuser is laughable, a well known idiot around the globe.",1,0.8061,1,1.0,1,0.5797,1,0.6,0,0.5934
"The Hillary campaign is terrible at name calling.. All Trumps supporters are deplorable and irredeemable and Bernie's supporters are all basement dwellers.. She has names for everyone. I wonder what she calls her own supporters? Suckers, I guess.",1,0.6956,1,0.6956,0,0.7143,1,0.6956,0,1.0
"US A, is there a war raging in your head? There are chemicals to help you.",1,0.8156,1,0.7967,1,0.5864,1,0.8156,1,0.5864
Cool! Ad nauseam to the point of fanaticism.,1,0.5867,0,1.0,0,1.0,1,0.5867,0,0.6032
"IdeologyIsForLosers is a loser with an anti-intellectual bias against Albertans, which is his ideology.",1,0.7992,0,0.5893,0,0.7967,1,0.5918,0,1.0
"Silvershelf aka Tom Smarty Pants - Talk about over-killing an opinion. Like most Liberal progressives, you like to dish it out but you can't take it. Cheers.",1,0.7896,1,0.8129,0,0.5924,1,0.5849,0,0.8129
Yet you drool over Simpson and Lawrence opinion pieces that are not objective and massively bias against Harper. Why is that?,1,0.5919,0,0.8117,0,0.8117,0,0.8072,0,0.5919
"Men MUST use condoms if they don't want a baby. That's taxed. ---------------------- So MUST women. I guess men could just get a vasectomy. That's a tax WRITE OFF. You're very juvenile, as well as misogynist, DustyPixie.",1,0.6157,1,0.6026,0,0.5879,1,0.6157,0,0.5944
"Levae the man alone, go find some other rock to suck on",1,0.5985,1,0.7927,0,0.5870000000000001,1,1.0,0,0.5985
Another anti-Harper diatribe from a known liberal/left commentator!,1,0.8492,1,0.8492,0,0.562,1,0.5579,0,0.5825
"If SCIENCE cant' be certain, YOU 'believers' certainly can't be 'certain'.Believe all you like but you may NOT tell my kids science 'believes' as much as YOU do. Now who's the fear mongering neocon?",1,0.5771,0,0.6217,0,0.6,0,0.6217,0,0.7988
. . . bite it @dave . . . he was 10x the person that you will ever be.What have YOU done lately . . . besides whine? At least that 'demagogue and bully' stood up and made his mark in history.,1,0.8068,0,0.5845,0,0.6039,0,0.6039,0,1.0
I'm not completely sure but I think you may be a contender for the most propaganda spewed within a single news article comment section. Congratulations.,1,0.5983,1,0.6053,0,0.6049,1,0.5983,1,1.0
"'Albertans are afraid of the rest of Canada...'Pardon?Having seen an influx of 1 million people from the 'rest of Canada' in just over 15 years, that statement reeks of anti-Alberta bigotry. And so do you.",1,0.6243,0,0.787,0,1.0,0,0.787,0,1.0
"Sort of like how all those Red, anti-Obama staes who whine about the oppresive ature of the federal government are the largest recipiants of federal funds every time the economy goes belly up.",1,0.5979,0,0.7996,0,0.7996,0,0.594,0,1.0
"Boy, are you desperate for a scandal. Those charges sound fairly tame compared to Bev Oda's wild and crazy times.",1,0.5792,1,0.6033,0,0.607,0,0.607,0,1.0
"Hawaiians hate whites, have you ever been to Hawaii the natives will literally shit in your face and spit in your food- nobody batts an eye. The open racism towards white people is on another level. Just don’t talk back to the natives and you’ll be fine; otherwise, you’ll leave the island with two black eyes and no one will care not even the cops.",1,0.7556,0,0.6065,0,0.6828,1,0.7228,0,0.8420000000000001
You are a re-take on the movie 'I'm All Right Jack.',1,0.5153,1,0.5153,1,0.5118,0,0.6517,0,0.6579
"Ruth must be having one right now, because she's evidently lost her mind.",1,0.5983,0,0.597,0,0.597,1,0.5983,0,0.597
"Hahaha and you buy that crap? The list of leaders that can make the kind of changes you suggest is non-existent. Whether is was Kennedy, PET or Obama, charismatic leaders have never lived up to their expectations. Prepare to be disappointed.",1,0.5902,1,0.8085,0,0.612,0,0.6228,0,0.787
Reform tin foil hat wingnuts that ruled during the lost decade are not Conservatives. Quit insulting real Conservatives who support our current PM on climate change issues!,1,0.61,0,0.5897,0,0.8019,1,0.61,0,0.7909999999999999
Harper. That's the idiot.,1,0.6029,1,0.6004,1,0.8069,1,0.6004,0,0.8069
What a pitiful piece of nonsense. You represent the PC's of Canada who are the enemies of French-speaking Quebecers - contrary to what Jeffrey has suggested in his pitiful column.,1,0.7868,1,0.5751,1,0.5751,1,0.5885,0,1.0
"No, you've just demonstrated the 'God in the gap' fallacy: anything that is beyond your personal knowledge or comprehension must be 'God'. Apparently you could learn more from this episode with the coin...",1,0.5822,1,0.7271,0,0.8497,0,0.7197,0,0.703
Mr. Page is pompous bureaucrat. A perfect Liberal.,1,0.8071,1,0.7683,1,0.8084,1,0.8053,1,0.579
Actually you wont decide who lives in your city. Get over yourself.,1,0.5759,0,0.5869,1,0.5759,1,0.5759,0,1.0
Amen cm. surely an issue such as this needs better. Is this the best the g&m has? It's as if she has just rehashed ignorant posts she read on earlier g&m boards.,1,0.6074,1,0.5914,1,1.0,0,0.6041,0,1.0
"Well Loonie, he's either a liar or extremely incompetent on the refugee file for a starter. He is saying the opposite of what his ministers are saying regarding the failure to bring 25,000 refugees in before 2016.",1,0.5879,1,0.5879,0,0.7164,1,0.7326,0,0.7164
Every society hates women. It's true. We're doomed. As a whole.,1,0.7982,0,1.0,0,0.7904,0,0.6026,0,1.0
"Yo're stoned, MR? No great surprise there, I suppose.",1,0.8078,1,0.8078,1,0.8078,1,0.6073,1,0.617
good joband while we are it conservatives typically have lower IQs and should not be put in positions of authority,1,0.603,1,0.7917,0,0.7949,0,0.5878,0,1.0
don't like Canada and it's tradition and laws. Lots of other countries to move to and mooch off the social security teat.,1,0.6085,0,0.6018,1,0.6085,0,0.6018,0,0.5994
"Actually I did and they were jerks, to put it bluntly. However tell me you didn't cringe everytime the Minister of Democratic Reform opened her mouth.",1,0.6079,0,0.8063,0,0.5968,0,0.7952,0,1.0
"John, are you taking a break from your determined search for those WMDs in Iraq?",1,0.5183,1,0.6722,0,0.8288,0,0.6595,1,0.8381
"Oh yes, a fascist will solve all your problems. The depths of some people's insecurity...",1,0.5945,1,0.8129,0,0.5926,0,0.5926,1,0.8051
And I applaud your thorough misunderstanding of the situation.,1,0.6009,1,0.6009,0,0.5878,0,0.5878,1,0.7917
"So a former Secretary of State and Two-term Senator is, in your mind, worse than a clown with no understanding of how the Government works and what the Constitution says. That soesn't say much good about your thought processes.",1,0.5957,1,0.5941,1,0.5957,0,0.807,0,0.8039
Very well said. Let's hope Justin's hair and the brain cell of his handlers never get into power.,1,0.807,0,0.6036,0,0.6036,1,0.807,1,0.7932
Strawman attack. Stay on topic yellowwing.,1,0.5893,1,1.0,1,1.0,0,0.611,0,0.611
"DustyPixie, I did no such thing. Please: a) read, and b) think before you post comments insulting others.",1,0.5789,0,0.6141,1,0.5789,0,0.8118,0,1.0
"LOL, Even after 2 years now, you lefties still cling to what passes (to you) as math... What part of 'you lost the election, bigtime' don't you understand?",1,0.5881,1,0.802,0,0.6172,0,0.6046,0,0.8099
By all means! Lets elect the Liberals so we can get the old gang of sycophants and toadies back in power before they lose their touch.,1,0.6065,1,0.7979,0,1.0,0,0.5988,1,1.0
Media monkey!,1,0.6018,1,0.7969,1,0.5998,1,0.6033,0,0.8044
Europe is already very ugly.,1,0.6046,0,1.0,0,1.0,0,0.5956,0,1.0
OMG - just get over whatever neurosis is affecting you,1,0.7819,1,0.7981,1,0.579,1,0.7819,0,0.8091
"So, not only do you and your fellow shills want to rain a hail of invective down on people whose politics are different than yours, you think they should volunteer for it? Zealotry is warping your brains.",1,0.7953,1,0.7945,1,0.5898,1,0.7953,0,0.8069
Harper is the cancer.,1,0.6057,0,1.0,0,0.7971,1,1.0,0,1.0
Lame and desperate mooned. LAME ! Lol,1,0.6033,1,0.6139,1,0.8048,0,0.5875,0,0.792
A stupid collumn by a stupid Zionist collumnist ...shame ob G & M ...shame on Canada !,1,0.795,1,1.0,1,0.585,1,0.795,0,0.8139
And they can start with not listening to your sour attitude in your post. You don't like what men are doing..? TOO BAD FOR YOU..!,1,0.6055,0,0.6072,0,0.6072,1,0.6055,0,0.6072
you are a closet idiot,1,0.9593,1,0.8404,1,0.7236,1,0.9202,0,0.8458
I guess the Liberal left did not like the Maude Barlow post... tough She is a fool with followers like many here today!,1,0.8088,1,0.6034,0,0.6024,0,0.6048,0,0.6166
Hahaha! You can't get laid on your own merits!,1,0.5817,1,0.5817,1,0.5817,0,0.6153,0,0.6054
Did you like how he tried to hijack the ever popular 'politically correct' term to advance his idiotic and ineffective ideology?,1,0.5933,1,0.8082,1,0.8082,1,0.5933,0,0.8001
"'Saturn, if you truly believe that, you don't understand the issues in the broader context.'Or the rest of the story, in that the university is the one that stirred it up with its incompetent response.",1,0.813,1,0.621,1,0.621,0,0.6093,0,1.0
"Maybe ""you"" do, but I don't and my friends and family don't. If you want to fry your brain, go for it, but don't take the whole country down with you.",1,1.0,1,0.8170000000000001,1,0.8170000000000001,0,0.6012,0,0.8055
"@roguechumpStill supporting ANY Lieberal shows YOU are THE Problem inthis Country/Province!@JoeYou have to know, Lieberals love Shiny things. Much like 'Bling' to shine through their rose colored glasses.",1,0.6595,0,0.5038,0,0.674,1,0.6595,1,0.5009
"I much prefer the good old fashioned theft of the liberals - adscam -cough,cough.",1,0.5870000000000001,0,0.5987,0,0.5987,0,0.8143,1,0.625
Your attitude & ignorance are a root cause of terrorism. Uninformed hatred is often met by uninformed hatred,1,0.7986,1,0.7986,0,0.5924,1,0.6159,0,1.0
"Please continue living in your bucket, that is the best place for people whose eyes remain closed to other cultures.",1,0.7806,1,0.7842,1,0.8935,1,0.5432,1,0.5431
One might think a former Nortel employee working in the field of neurological imaging should be smart enough to realize that a transparently fake 'oh I hope this doesn't happen' would be no shield at all. But then stupidity comes in many forms.,1,1.0,1,0.5901,0,1.0,1,0.6148,0,1.0
Now! Now! Nothing can be as BAD as O-bummer-Care.QED.,1,0.5956,1,0.8037,0,0.5991,0,0.5991,1,0.6024
"So, Zimmerman wasn't left unconscious in the rain and Martin is dead. What's your point? Did the kid die for the sake of a 'what if?'. Man, you sound really bitter.",1,0.6066,1,0.6083,1,0.6066,1,0.6066,0,1.0
"Justice4AllTo answer your question, YES. In fact, IMO, there are 2 western leaders that should have already seen the front end of a firing squad.",1,0.5875,0,0.7166,0,0.7166,1,0.8613,0,1.0
"Mosha, Not so, they will do it because they don't deserve Harper's.When are you going to get out of limiting beliefs and into reality...?Hugs!",1,0.5893,1,0.5999,0,0.5997,0,1.0,0,0.8109999999999999
Thats a sexist stupid comment.,1,0.6099,0,0.5919,1,0.6252,0,0.8169,0,1.0
Canada1 is another Kremlin troll that posts agitprop on every Russia related article in the G&M.,1,0.5941,1,0.5941,0,0.6031,0,0.8101,0,1.0
C_Williams Actually conventions are part of the constitution . The constitution is made up of the written part and conventions . Who doesn't know that . I guess you .,1,0.7874,1,1.0,0,0.599,0,1.0,0,1.0
Does stupidity come naturally to you or do you practice?,1,0.5855,1,0.5855,0,1.0,1,0.5855,1,0.5855
"Nice trolling job. is that the new trick the PCs are trying 'I'm super liberal, but even I agree with this Harper decision.' Sounds a little desperate.",1,0.5898,1,0.8121,0,0.5945,0,0.7933,1,0.8048
habsp: Absolutely. These people (?) are buried up to their butts head first.,1,1.0,1,1.0,1,1.0,1,1.0,1,0.5915
Is this one of the trained seals now? Did your master tell you to post this? Ark ark!,1,0.5827,1,0.5827,0,0.6116,1,0.5827,1,0.5827
"Sorry, sneaky, didn't realize you didn't know how to use Google: ""The commitment needs to be a commitment to grow the economy and the budget will balance itself""",1,0.5739,1,0.5739,0,0.8029,0,0.6121,1,0.5739
"NF - I don't take selfies -- because I'm not a vapid, narcissistic cheeseball.",1,0.5992,1,0.7941,1,0.5992,1,0.5992,0,0.5992
"Of course it's okay, what do think pro sports is all about? Naive comment.",1,0.5965,1,1.0,1,0.8066,1,0.5965,1,0.6067
you must feel pretty stupid about now...........,1,1.0,1,0.5964,1,0.5966,1,1.0,0,0.8071
"Not sure if you're willfully blind to your attitude, or if you really don't know what condescension means.",1,0.6,1,0.7919,1,0.6,0,0.8031,1,0.595
Liberalism: the application of unworkable solutions to imaginary problems. Fits like a glove!,1,0.6001,0,0.6023,0,0.6023,0,1.0,1,0.6001
"Layla4 4 minutes agoTrudeau ended his career over nothing.-------------...HAHAHA,kind of early to be drinking eh,to which 'Wishful thinking is no longer a winning strategy' Cons... 2019 equals a much larger Liberal majority federally!...",1,0.5877,0,0.7977,0,0.5976,0,0.7977,1,0.5914
Please enlighten us on Mr. Trudeau's pro-Muslim agenda. You claim to know quite a lot about it.,1,0.5887,1,0.5887,0,0.805,0,0.805,1,0.5887
"Canada is a cesspool, used to be the nicest country on earth, now it is a cesspool of 3rd world immigrants and parasite politicians that have sold Canadians out to keep power. This place is SH.",1,0.61,0,1.0,0,1.0,0,0.7917,0,0.8087
CEO's are paid high wages as a result of taxpayer subsidies for their corporations. Oh....i see you forgot that.,1,0.5869,1,0.8092,0,0.6086,0,0.8045,1,0.7844
Publishing garbage because it is free.,1,0.6001,0,0.6135,0,0.6181,0,0.62,0,0.8058
Now I understand why you support Trump so fervently. You are incapable of logical or rational thought.,1,0.7454,0,0.7513,0,0.7513,1,0.7454,0,1.0
Bury your head in the sand...,1,0.7982,1,1.0,1,1.0,1,1.0,0,0.6096
"the PMO wrote nothing... Wright wrote a personal cheque - annotated 'senate expenses.......'liar, liar, pants of fire..........",1,0.598,0,0.8145,0,0.8145,1,0.5801,0,0.6058
"Imagine being against public lynchings and FOR courts, laws & justice! You old commie, Alceste. Remember when Ignatieff said 'A Canadian is a Canadian is a Canadian'. That's leadership.",1,0.5777,0,0.624,0,0.624,1,0.5777,0,0.624
"You can easily get an answer to Uber insurance question by checking the website, it's not so hard to fact check but alas most complainers prefer fantasy to reality.",1,0.6021,1,0.6021,0,1.0,0,0.5891,0,1.0
"Joey, You're rudeness is indicative of what stock you come from and how you've been educated. I'm a capitalist, LOL, and conservative, but you can't figure it out?",1,0.5858,1,0.8004,0,0.6088,0,0.6041,0,0.6155
You are free to leave and go to a backwards country that doesnt use fossil fuels any time since you feel so guilty.,1,0.6126,1,1.0,0,0.603,0,0.5801,0,1.0
Obama is lazy,1,0.8051,1,0.8087,1,1.0,0,0.6003,0,0.8051
You must be refering to the Republican anti-science hysteria. You did mention patients of the asylum.,1,0.5924,0,0.6053,0,0.7815,0,0.8239,1,0.5924
I never get tired of pointing out to the world what a classless troll z55man is. This paid troll is the quintessential vanguard of the Trump movement.,1,1.0,0,0.5723,0,0.7855,1,0.6106,0,0.8109999999999999
"Gee Vincent, all Detroit has to do is change its accounting procedures and it will be magically solvent again.",1,0.6279,0,0.5883,0,0.5883,0,0.7926,1,1.0
And you're an expert? What are your medical qualifications?? Did you even graduate from high school?,1,1.0,1,1.0,0,0.5824,1,1.0,1,0.5454
"Where do you think your heat and transport fuel comes from; the sky? If you don't need those, I guess you can make it without pipes, but only if you want oil railed in (lac Megantic II?)",1,0.6014,1,0.7905,1,0.5956,0,0.6061,1,0.8109
Kick Russia out and don't let the Chinese in... Don't trust either of them.,1,1.0,1,0.5881,0,0.6032,1,1.0,0,0.597
"OMG, a woman is offended. Everybody rush to protect her delicate sensibilities from the outside world.",1,0.579,0,0.6144,0,0.6144,0,0.6144,1,1.0
"you're welcome not to live in Quebec Keith, how about getting a life not spent pushing your religious privileges in everyone else's face?",1,0.5672,1,0.5672,1,0.5672,1,0.5672,0,0.8188
"@showmecanuck Note: A cancer patient gets a thumbs down hereabouts - without explanation. Or is that just another ""alarmist Chicken Little"" contribution in your childish parlance.",1,0.8003,1,0.6049,0,0.7969,1,0.8003,1,0.6033
Ron....you merntion brainwashing... the more you post the more it seems your brain is still drying on the clothes line,1,0.7886,1,1.0,0,0.605,0,0.605,0,0.6083
You know very well what I was alluding to? Why are you being a 'smartass' about it?,1,0.6047,0,0.5959,0,0.7947,0,1.0,0,0.8011
She's an empty shell... She has risen politically far beyond her abilties or intellect. She will be known as the 'Photo Op Premier' as a short footnote in BC political history.,1,0.5015,0,0.7561,0,0.8864,1,0.742,0,0.7682
Socialists. The actual term is 'Watermellons'. Green on the outside and red on the inside.,1,0.7929999999999999,1,0.6012,0,0.5995,0,0.5931,1,0.5869
"Are you serious, silly or just stupid?",1,1.0,1,1.0,1,0.895,1,0.8876,1,0.5658
"G&M, I think you are going to find yourself quite out of touch with Canadian's. You fools.",1,0.7948,0,0.804,0,0.5964,1,0.5872,0,0.804
I recall Iggy's eloquent dialogue about how the Liberals are like Puffins who clean up after themselves by burying their skat. Harper's pooping puffin hate ad will go down in history along with the Liberals soldiers in the streets classic.,1,0.6162,0,0.6279,0,0.7553,0,0.6257,0,0.7553
Your writing style (as it is) leaves much to be desired.,1,0.8153,1,0.8153,0,0.7966,0,0.6027,0,1.0
sorry cant feel sorry for the guy been sucking on the front tit for too long and the only reason he's at all relevant is our government allows french language laws to rule. Yes french spelled wit a small f.,1,0.7825,0,0.5821,0,0.5821,1,0.5984,0,0.7939
You've correctly highlighted one of the most stupid comments in the article. Anything that is taught was research at some point in time.,1,1.0,1,1.0,1,1.0,1,1.0,0,1.0
"Dusty; C'mon, be honest, you could not do your taxes before, quit blaming the math programs. A not-too-bright comment, no doubt by a not-too-bright Canadian.",1,0.6688,1,0.8426,1,0.6688,0,0.6539,0,0.6512
I like to see you in about 60 years when you sit in a wheelchair Maybe then you can buy yourself another snowboard or play game of hockey. LOL,1,0.6219,1,0.5999,0,0.6132,0,0.5870000000000001,0,0.7869
Here's a thought for you SteveM. Just because you (may) have the right to do something doesn't mean it is a good idea to do it.,1,0.7926,1,0.5915,1,0.5915,1,0.7926,1,0.5915
"Yeah, well - this is the guy who thinks porn is victimless.",1,0.6079,1,0.603,1,0.8121,0,0.8055,0,0.6079
"If you are Irrational, don't make stupid comments, make rational ones 'We will only pay for the who get sick through no fault of their own; the public should not be expected to pay for life-style diseases.'",1,0.5611,1,0.5693,0,0.5601,0,0.5878,0,1.0
Is that the best you can come up with faecal geologist?,1,0.5808,1,0.7828,1,0.7828,1,0.5808,0,0.7979999999999999
One can only conclude that his supporters are as unethical as he is. Sad.,1,0.5838,1,0.805,0,0.6113,0,0.6113,0,0.8079999999999999
"You're just mad because we are the world superpower and have accomplished more than you, and you have nothing to say for yourself.",1,0.7609999999999999,1,0.8018,1,0.5608,1,0.5215,0,0.963
Clever come back!,1,0.5796,1,0.5796,1,0.5796,0,1.0,1,0.5796
"Go fly a kite, Khan.",1,0.7872,0,0.6025,1,1.0,1,0.7872,0,0.8117
"I think it's a concern about Canada, but go ahead with your continual, ineffectual baiting, as you always do.",1,0.5133,0,0.6584,0,0.5038,1,0.6701,0,0.6606
"You like to use the word Facist, seth. Do please tell us what you understand that label to mean. Then compare and contrast your 'notion' with reality.",1,0.5789,1,0.5789,0,0.6141,0,0.807,1,0.5789
"Utterly delusional, kool-aid drinking, Liberal partisan pap. Cringe-worthy.",1,0.6016,0,0.5931,1,1.0,0,0.5901,0,1.0
It was Trumplethinskin that used 'oral sewage and fear Mongering' - the very 'oral sewage and fear Mongering' that has most Americans (and a vast chunk of the rest of the world) panicking. Your projection is almost as 'good' as The Orange One's.,1,0.619,0,0.5714,1,0.8061,0,0.7845,0,0.5974
"Harper never behaved in this childish, physical manner.",1,0.6032,0,0.7916,0,0.6032,0,0.7936,0,1.0
That would be an insult to the dinosaurs. They are magnificent. Jim Prentice is not!,1,0.6041,0,0.8025,0,0.8022,1,0.6041,1,0.6041
why then funding them partly is ok?? is that make it only half wrong or half right? it is either right or wrong. make your mind up.,1,0.5646,1,0.5646,1,0.5646,1,0.5591,0,0.7190000000000001
"Say what, gun haters lying. Say it is not so!",1,0.6114,0,1.0,0,0.7918,0,0.7873,1,0.6265
"I'm surprised that the chicken hearted pawns at the gutless G+M didn't censor your comment. But, as it is critical of the Catholic church, and not of this newspaper's Jewish patriarchs, I guess it stands. Good for you!",1,1.0,1,0.6139,0,0.5035,1,0.8813,1,0.627
Tory will not get re-elected. This and the DumbTrack will be a nail in his coffin. Buh buy Mayor Tory. You are no better than any of them.,1,0.662,1,0.662,1,0.662,1,0.662,0,0.5112
"Darn the truth, eh Joey and babbleon",1,0.6541,1,0.6541,0,0.5112,1,0.8231,1,0.5033
"American pols use culture as wedge issues to divide, raise money, and stay in power. That's what culture wars means. The whole piece is a descriptor of how that is occurring (mostly among the Dems).Deal with it..",1,0.6005,0,0.8056,0,0.8056,0,0.8008,0,1.0
"Interesting reasoning. No doubt you feel we should apply it in cases of human suffering as well. When disasters strike, when famines hit, when wars are afoot... if there's too many victims to treat them all humanely, we should euthanize them. Right?",1,0.6057,1,1.0,1,0.7918,0,0.6025,1,0.8057
Poor women. You just wave money in front of them and all that hard fought for freedom of choice vanishes out the window. They're like Pavlov's dog I guess.,1,0.7948,1,0.7948,0,0.609,1,0.598,1,0.7948
And it is hard to fix stupid,1,1.0,1,0.8069,1,0.594,1,1.0,1,0.601
Old Stock Reformer What a ridiculous comment. Canada produces less than 2% of the world's CO2 emissions. The real problems are the US & China. Another victim of mad harper disease.,1,0.5643,1,0.6976,1,0.7089,1,0.5826,0,0.7357
"Is that a Drumpf endorsement, Ravensbud ?",1,0.5162,1,0.5162,0,0.6557,0,0.8251,1,0.5107
"' however, I think the guy needs professional medical help'Detox?",1,0.6578,1,0.8353,0,0.6762,0,0.5115,0,0.6635
"62,amalgamation of two losers does not make a winner",1,0.5867,0,0.6085,0,0.8038,0,0.6085,1,0.6094
"No maids, no chauffeurs, no gardeners, no chefs, just your lies Miss Smyth.",1,0.5982,0,0.8125,0,0.8125,0,0.7991,0,0.7857
The layman would call Fords bullies and professional psychopaths (as sociopaths are smart). Never trust stupid aggressive man as they are dangerous beyond imagination.,1,1.0,0,0.8035,0,1.0,1,0.8029999999999999,0,1.0
Nonsense. You have any evidence for this claim or is it a religious belief on your part?,1,0.5601,1,0.7689,0,0.5534,0,0.7838,0,1.0
DenF you are completely out to lunch on the serial killer claim and that type of extreme nonsense discredits anything else you have to say.,1,0.8064,1,0.7976,1,0.5935,1,0.6045,0,1.0
you people seriously need help . You are all pathetic......,1,1.0,1,0.9194,1,0.8382,1,0.8433,0,0.8811
"Forgot, Muslim hippy leftist gay activists...",1,0.6029,1,0.5896,0,0.6063,0,0.6088,1,0.5896
Rogers are the bandits on the bridge exacting toll from the peasants. Never again with those crooks!,1,0.6167,0,1.0,0,0.8029,0,0.5977,0,1.0
Silly stupidperson! I bite my thumb in your general direction. Your father was a meter maid and your mother a toilet brush.,1,0.8023,1,1.0,1,1.0,1,0.8023,0,1.0
"@Airface,More sneering, more contempt, more disdain. It makes you feel good, n'est-ce pas? It is patently obvious that you have not the slightest understanding of the metaphor of the 'Hundred Dollar Table'.",1,0.8064,0,0.5886,0,0.579,0,0.8179,0,1.0
Oh Mel! You're so entertaining. And these fools hang on to every word you say. Hilarious!,1,0.6001,1,0.6001,0,0.6024,0,0.6024,1,0.6094
"They're Con trolls, SR. Start distinguishing.",1,0.6156,0,0.7846,0,0.7846,0,1.0,0,1.0
Perhaps if you opened your eyes...,1,0.6116,1,0.8019,1,0.7909999999999999,0,0.7954,0,1.0
"Almost? These poor bitter journalists, clinging to their socialist dreams and delusions of adequacy.",1,0.5845,1,0.5845,1,0.5845,0,0.8037,0,1.0
"Hey Craig, why won't Nick Kouvalis run any relection campaign for Ford unless he goes to rehab??? This has nothing to do with 'Ford haters'. Folks don't like Ford because he is a clownish blow-hard who can't grasp his job.",1,0.5982,0,0.8097,0,0.6098,0,0.6017,0,0.7876
"SARAH KENDZIOR, LOLI did warned you sister, you loose, we win. Please do not move to Canada. Bye again.",1,0.5979,1,0.5979,0,0.5932,0,0.7904,0,0.5932
glad to see the usual warped paranoiac russian supporters/us bashers out here todayTry this: what if anything would you do differently and how would that impact things; Rather than this'us bad bla bla bla...',1,0.5828,0,0.6251,0,0.8203,0,0.8203,0,0.8048
Who cares jazzer??? They could call themselves FordNayshun for all I care. Stop being lazy and find the right thread to whine on.,1,1.0,1,0.7976,1,0.7976,1,0.5858,0,0.8117
"And ,attracts leftist trolls.",1,0.6151,0,0.7972,0,0.589,0,0.8128,0,0.7958
Mr. Obviously Wrong. The fools who put the plants there are the ones who will bear the responsibility for their cancellation. If you took of your Liberal Lackey jersey you would know that already.,1,0.7917,1,0.7917,0,0.5878,0,0.5878,0,1.0
"NO Canadian province will go 'bankrupt' now, or any time in the future without the Feds stepping in. If you think a bankrupt Ontario is a good thing, then you're absolutely clueless. Your fear mongering is pathetic.",1,0.5841,1,1.0,0,0.5873,1,0.6004,0,0.7928
"You must be Rascist! Immigration Good. Asking Why, Bad!!!",1,0.5955,0,0.6068,0,0.6068,0,0.612,0,0.7925
I assume you'll be voting to get Hudak into power. You must have a very strong stomach.,1,0.6249,0,0.5933,0,0.8016,0,1.0,0,0.8016
I couldn't get past the incredibly ignorant line where Wente claims most city people are against hunting....What an ignorant fool she is...,1,0.5851,1,0.7949,1,0.5851,1,0.5851,0,1.0
"However, saying a dog is not a dog doesn't make it any less a dog. Don't you think that anyone appointed as a senator will not be beholden to whoever appointed them? It's the appointment precedure, stupid!!!!",1,1.0,1,0.5952,1,0.5952,1,0.5952,0,0.6048
As I mentioned you are full of hate. Thanks for proving it.,1,0.5966,1,0.601,1,1.0,0,0.7957,0,1.0
"Rob The Cons have a 5% advantage straight off because they their supporters get out and vote, unlike the Lefty supporters that sit at home and watch TV.",1,0.6081,0,1.0,0,0.8039,0,1.0,0,1.0
"Yeah I know, the government just rounded me up to my work camp today! they're making me give up all my belongings to a family of religious extremeist child rapests who immigrated from Mexistan... ohh wait nevermind, that didn't happen",1,0.6046,1,0.6046,0,0.7985,0,0.8007,1,0.8116
"Since you are online, search for them yourself. They are very easy to find. Do you actually buy the G&M or just read it online for free, like most people?",1,0.6066,1,0.6083,0,0.5884,1,0.6066,0,0.805
You left our our Universal Health Care program. The man has no conscience.,1,0.6134,1,0.5957,1,0.6134,0,0.5828,0,0.8001
"Well you seem pretty sure YOU know all about the case, although you've demonstrated you haven't even read the basic facts about it.",1,0.5936,0,0.5884,1,0.5936,0,1.0,0,0.6136
"Wow, 3P, you have contempt for gays AND women. Kind of narrows things down for sexual partners, doesn't it?",1,0.8042,1,0.6085,0,0.5904,1,0.8042,1,0.6054
That's too ignorant to be worthy of a real answer.,1,0.5949,1,0.924,1,0.9228,0,0.6024,0,0.9208
"Harper appeals to bitter, small-minded people. No one else. He will be tossed into the gutters of history where he belongs.",1,0.5871,0,0.6102,0,0.6102,0,0.6102,0,1.0
An article from Martin to cast doubt and insult the conservatives. Wouldn't you be better served drooling over Trudeaus shoes?,1,0.7936,0,0.5967,0,0.8009,0,0.5785,1,0.5945
you are so na?ve.,1,0.5029,1,0.8303,1,0.8303,1,0.5029,0,1.0
"Oh, wow. Give it a rest.",1,0.6191,0,0.5778,1,0.6191,0,0.5778,0,1.0
... or a corrupt establishment politicians feathering her nest... and a naive billionaire who thinks he can beat the system .... so pa thetic ...,1,0.7715,0,0.6079,0,1.0,0,0.6206,0,1.0
HAHAHAHAHAHAHAHAHAAHAHAHAAAHA!'Nothing funny' he says! omgHAHAAAAHAHAHAHA!,1,0.5907,0,0.6015,0,0.6015,0,0.7998,0,0.5907
"No, we should just execute them. Unfortunately there are too many p*ssies like you who would complain. So just throw away the key. And yes, life should mean life and those criminals should never even have the option to be paroled.",1,0.7983,0,1.0,0,0.5864,1,0.7983,0,1.0
Germany elected a quantum physicist... and became the trash can of the world.,1,0.8016,0,0.7816,0,0.7927,1,0.8016,0,1.0
Hey kid (savetheplanet) time to grow up.,1,0.8122,1,1.0,1,0.8122,0,0.6129,0,1.0
traitor....now you have given the North Koreans the Platform edge... on the Conservatives... what's next ...Froggy....Ideologue for Cons..,1,0.8084,0,0.804,0,0.804,1,0.6007,0,0.6124
"'Ownership by one group'Back in MY day that was code for believers in the 'Jewish conspiracy'.PM, are you an anti-semite?",1,0.5717,0,1.0,0,1.0,0,1.0,0,1.0
On your way to delusionland remember who made Canada a one-trick pony of OIL OIL OIL,1,0.7985,1,0.5939,0,0.8035,0,0.6098,0,0.5939
"Careful, your inner elitist pseud is showing",1,0.7624,1,0.5903,0,0.5246,0,0.6109,1,0.6453
You are being really fucking nasty about this,1,0.7551,0,0.6802,0,0.6455,1,0.7174,0,0.9639
What a ludicrous garbage.,1,0.7977,1,0.7945,1,0.584,1,1.0,0,0.6182
I think the Ontario Wynne Liberals are crashing because they can't stop throwing away our tax dollars!,1,0.5632,0,0.5897,0,0.8511,0,0.7223,0,0.5857
"Hey CH, you're lost. The Rob Ford comments are that way -->",1,0.5862,1,0.6028,1,0.5964,0,0.605,1,0.5964
"you idiot, the ndp voted against, the libs for",1,0.8096,1,0.8096,1,0.6225,1,0.6225,0,1.0
"Shouldn't Traitor Trump be the most afraid, since he has openly invited an unfriendly foreign state to interfere in an American election?",1,0.8396,0,0.6711,0,0.8434,0,0.6691,0,0.6711
give it a rest people the story is toast find something better to talk about like the provincial liberals they should all be in jail,1,0.6019,0,1.0,0,0.7959,0,0.8038,0,1.0
"Do some research, you are wrong.",1,0.5921,1,0.8069,1,0.8069,0,0.601,0,1.0
"No, the rednecks were lied to by Bush and Powell and Hillary Clinton etc. They were not happy and wanted real conservatives, not draft dodgers like Bush.",1,0.846,0,0.7219,0,0.7219,0,0.7298,0,0.5836
Since he's a New York socialist I would lean towards sex offender...,1,0.5007,0,0.6746,0,0.8287,0,0.8287,0,0.6746
"You can't spell, or write a sentence in English, but you can explain the intricacies of climate change. Sure, I take you seriously.",1,0.7923,1,1.0,1,1.0,1,0.614,1,0.8216
Ms. Wente is usually so cynical that I expected she would attack the credibility of the woman involved. Pleasantly surprised.,1,0.5915,1,0.5915,1,0.5915,1,0.5915,1,0.5915
"Congratulations Emilio: you are a fool, easily tricked by a demagogue who has no idea what he's doing. PS, Trump's fraud trial begins this month, and he's got even nastier trials on the horizon. You've been duped.",1,1.0,1,1.0,1,0.5933,1,0.7927,1,0.5965
"You are a total slave who hates liberty. No one is forcing you to do anything, stop banning others from doing what they want to their own bodies you slave-master no doubt christian scumbag!",1,1.0,1,0.5903,0,0.8023,1,1.0,0,1.0
Feel free to leave Ukraine and live in Russia. And you can take your chattels with you. When in Russia you might also take English as a Second Language training so that when you move West you can be a busboy or something similar.,1,0.5774,1,0.5774,0,0.8169,0,1.0,1,0.5774
"Swing and a miss, Globe. There's nothing wrong with insisting on value for government spending, whether on small items or large. Or do the Globe's editorial writers think it's impossible to walk and chew gum at the same time?",1,0.6173,0,0.8029,0,1.0,1,0.6173,1,0.6173
"You are right. Everyone in Canada now speaks Mandarin, and we have a communist dictatorship. You should leave now! Trumpville is calling...",1,0.6013,1,0.6045,1,0.815,0,0.8038,1,0.815
"LMAO, you're using the wild west to educate yourself. You truly are naive.",1,0.8069,1,0.9629,1,0.7606,1,0.608,0,0.6883
Precisely. You make no sense.,1,0.8073,1,1.0,1,0.8063,1,0.6137,0,0.8026
Don't bother just tom. Mouth breather won't get it.,1,1.0,1,0.8069,1,0.6029,0,0.8128,0,1.0
dream on-Bush's SAT score of 1206 correlates with a 95th percentile IQ or a corrected IQ of around 125that kid wouldnt even be closeHe got his mothers smarts ............not his fathers,1,0.5938,0,0.5971,0,0.7979,0,0.607,0,0.7946
I'm starting to like this guy. Refreshing. Ford in 2014 !!!PS Ainslie is a goof.,1,0.5012,0,1.0,0,1.0,0,1.0,0,0.6686
"Your describe Hillary as obese, but Trump is likely about 75 lbs overweight. Have you ever seen pictures of how slim Trump was in his 20s and 30s.",1,0.6225,0,0.8185,0,0.8185,0,0.7925,0,1.0
It looks like Canadians are the ones 'fascinated' by this case. Your media can't stop covering it. And you ignoramuses can't stop commenting about it.Face it. You have a problem.,1,0.8005,1,0.7973,0,0.8086,1,0.8005,0,0.8086
wow you are a fool,1,0.9225,1,0.96,1,0.8437,1,0.8785,0,0.8072
'Corporatist'....the lexicon of a follower of Noam Chomsky....one of the dumbest people to ever walk the face of the earth (other than Karl Marx),1,0.6649,1,0.6649,0,0.6716,1,0.6649,0,0.5038
"Understandable, to some extent. Not that it should be but a cop's interest is to maintain the status quo. After all it is the present regime that pays his usually excessive salary.",1,0.6191,0,0.7919,0,0.8031,0,0.5889,0,0.8031
Wait until this happens to your family. You will not be so cavalier with your comments.,1,1.0,1,0.8069,1,0.8069,1,0.5972,0,0.8069
The Globe has a great stable of professional liars. Kendzior is not so great.,1,0.8305,0,0.6686,0,1.0,1,0.6832,0,0.8276
"It's an issue in sports, not politics. Your anti-Russian obsession is becoming McCarthy-like. You might want to seek help.",1,0.59,1,0.59,1,0.59,0,0.6085,0,0.7879
I did. It is not insulting to point out someones ignorance if they have made an effort to put it on display.,1,1.0,1,1.0,1,0.7909,0,0.5954,0,0.8073
"Who wrote this joke? Ezra are you writing for the G&M now? Looks like the reich-wing machine is starting to step it up, must be getting near election time.",1,0.7949,1,0.7902,0,0.8092,1,0.5866,0,0.6009
"Of course, since he earns a hefty salary moonlighting as a Liberal PR hack.",1,0.5911,0,0.606,0,0.606,1,0.5911,0,0.606
So basically 1/3 of Americans are stupid.,1,0.7892,1,0.7892,0,0.8009,1,0.7892,0,0.5901
Same rubbish Canadians produce every election cycle.,1,0.7918,1,0.6046,0,0.5856,1,0.7918,0,1.0
These muslim immigrants are takers not makers. All they do is further tax the system.,1,0.7977,0,0.6038,0,0.6038,1,0.593,0,1.0
Is that your way of telling us you don't have a science degree?,1,0.5893,1,1.0,1,0.5858,0,1.0,0,0.6121
his deep dive is his head up his anal cavity,1,0.7986,0,0.6069,1,0.6041,1,0.6041,0,1.0
"Those damn Liberals .CONS are responsible for absolutely nothing. Mr. Harper is SO HELPLESS during 8 years in power because of those D? LIEBERALS. As a now anti Con, I THANK YOU for RECOGNIZING HOW WEAK mr. harper/baird truly are",1,0.8075,1,0.8075,1,0.6119,1,1.0,0,1.0
the miscreant turns in the bits and gets a new (probably better) phone - big disincentive,1,0.7847,1,0.5955,0,0.7966,1,0.5928,0,0.6106
Adolescent sloganeering is all the left is good for. Hit the streets with your pink Mohawks and let the adults handle the serious issues.,1,0.8061,1,0.8061,1,0.8061,1,0.6046,0,0.6109
"Government is the ProblemLegal power to use violence? The UN?Kidding, right? .",1,0.5915,1,0.5915,1,0.7989,1,0.5915,1,0.5915
Attitudes like yours are a threat to freedom as we have known it.,1,0.8033,0,0.5884,0,0.5884,1,0.5984,0,1.0
Says the guy commenting on a story in the GM.,1,0.5858,1,0.7872,0,0.6025,0,0.6121,0,1.0
oh please. Go back under your rock.,1,0.8069,0,0.6035,1,0.8069,1,0.6004,0,1.0
"This still doesn't explain why males have an over-inflated sense of confidence while women don't. Oh, and men are never hard on other men? Rii-iight. Time for some actual self-reflection about the whole issue, dear.",1,0.5945,1,0.5945,0,0.5998,1,0.5945,0,0.8007
"Silly, it's not the Harper judges telling women in COngo they can't abort their unwanted rape pregnancies - Harper leaves that joy for his cabinet ministers!",1,0.5795,1,0.7938,0,0.6075,1,0.5795,0,0.7873
They'd have that money if they would drop their feeble attempts at comedy that are really cleverly disguised attacks on whatever government is in power (at all levels) in the form of satire.,1,0.5911,0,0.7966,0,0.7966,1,0.5911,0,0.7966
"Ear, god man stop drinking the kool-aid before you kill the last brain cell you have. What if the next step of the police is not to attend your call unless you slip them some Borden's (that is a $!00 bill in case you didn't know)",1,0.5739,1,0.5739,0,0.6121,1,0.5739,0,0.6169
Not a ' bogeyman'.... Simply a ' good kid' leaving Canada to kill and maim in the name of a particular prophet?,1,0.6202,0,0.5901,0,0.5901,1,0.6202,1,0.6202
Speaking of mindless cult - you should talk. Light bulb moment for you leftist whiners - majority in 2015.,1,1.0,1,0.6241,0,0.7927,1,0.5919,0,0.6065
Terry Fox? You're an idiot.,1,1.0,1,0.6073,1,0.7988,1,1.0,0,1.0
Well said. The Ontario Liberals have proved that indeed you can fool all of the people all of the time.,1,0.516,0,1.0,0,1.0,0,0.8273,0,1.0
"You got yourself all worked up over useless jocks? Get a life, pally!",1,1.0,1,1.0,1,0.6051,1,0.8027,0,0.8002
Your opinion is worthless - despite the caps.,1,0.6089,1,0.5999,1,1.0,1,0.6219,0,1.0
"Yeah... nothing like a smarmy, socialist, high school drop out who couldn't handle the intellectualism of grade 10 running the show...",1,0.8041,1,0.8041,1,0.8041,1,0.6091,1,0.8041
Distorting a message as you do shows your immaturity. See a shrink!,1,1.0,1,1.0,1,1.0,1,1.0,0,1.0
Everyone with a brain knows why. That obviously excludes Harper supporters.,1,0.6001,0,0.6023,0,0.6023,1,0.6001,0,0.8078
WATCH IT HAPPEN! You represent the very FRINGE of Canadian society !,1,0.5963,1,0.5963,0,0.6032,0,0.8006,0,1.0
You do not rep Canada at all.But your delusion is no surprise. Go walk a dog or something,1,1.0,1,0.9487,1,0.9487,1,0.8497,1,0.7497
Call for a national inquiry john and refuse to do anything to better yourself til you get one. Sort of like holding your breath and kicking and stomping your feet til you get your way...,1,0.7932,0,0.6057,0,0.6057,1,0.5931,1,0.7932
"""chaplin 50 minutes ago What a remarkably crabby, small-minded little man you must be..."" Says the person who posted elsewhere that most Canadian women are ""ordinary housewives"".",1,1.0,1,0.5982,1,0.5982,1,0.6073,0,1.0
"Wow Ron, aren't you just a chirper person this morning. The topic is child care and my point is whether or not we can afford it. Your ramblings and labelling speaks more about you than anything else. What other hate messages do you have?",1,0.5898,1,0.7848,0,0.7881,0,0.7881,0,0.6128
Keep factual rather than judgmental. Is it too hard for you? Some can do it easily.,1,0.5778,1,0.5778,0,1.0,0,0.8103,0,0.8035
"How many times have you heard cons accuse someone of being a racist, homophobe, bigot, sexist, xenophobe, redneck? Leftists do it ALL the time.",1,1.0,0,0.613,0,0.613,1,0.6036,0,0.7986
But I see you drooling LPC sheep got here first.,1,0.8114,1,0.6006,0,0.8035,1,0.6054,0,0.615
Even the Chinese woman at the consulate here in Vancouver declared Canadians were stupid.,1,0.6603,0,0.6528,1,0.5164,1,0.6603,0,0.843
"Hey Preston, now that your buddies in Edmonton have had several days of shredding documents, maybe there's a chance you can 'rebuild' your phony ideology.",1,0.5903,0,0.6064,0,0.6144,1,0.5824,1,0.5954
She's gross because she's a promiscuous slob. Just like any guy would similarly be gross.,1,1.0,1,0.5911,0,0.6135,1,0.7902,0,0.8063
"The fact that such comments can be made about any person shows you how low we have sunk in this country. You have no respect for yourself, let alone the Prime Minister.",1,0.5164,0,0.6597,0,0.6597,0,0.6807,0,1.0
Only if he can avoid speaking or putting his foot in his mouth,1,0.5897,1,0.7809,0,0.5999,1,0.5897,0,0.6192
Maybe you better keep a close eye on the nuclear subs sitting off the coast of Canada and the US. So who should take who out? Idiots who propose WW3 as you do should hopefully be the first in line to go. Maybe on the end of the A-8.,1,1.0,1,0.778,1,0.778,1,1.0,0,0.7981
"If you believe that Trump is further left than Clinton, you are clearly delusional. Trump has made no political mistakes simply because he hasn't ever had the power to do so. He's a right-wing fascist in reality.",1,0.743,0,0.5047,0,0.5047,0,0.6201,0,0.8736
The citizens that voted weren't the 'DUMB' ones it's the 'citizens' who didn't vote that are dumb as heck.,1,0.8096,0,0.6013,0,0.7959999999999999,0,0.6013,0,0.8053
"I think the G&M gets these 'articles' for free - and the authors thereby obtain a soap box for their pet diatribes, mostly uninformed !",1,0.5005,1,0.8395,1,0.8395,1,0.5005,0,0.6632
"Miller, at least you don't whine like your buddy, Trump. You simply throw him in the trumpeter and move on your the next whacko. So it's Jill Stein is it? ""Real Solutions go Working People"" - wow! Inspiring!",1,0.6648,1,0.5053,0,0.8446,0,0.5037,1,0.8358
"What!?! They want generous holidays, pensions, salaries, benefits and love as well? They should count themselves lucky that they don't get the boot where the sun don't shine.",1,0.7896,1,0.5822,1,0.5822,1,0.5822,1,0.7926
globe editors.. stooping to new lows every day... Run along little editors... Harper beckons with more lies..,1,0.6102,1,0.8185,0,0.6028,0,0.6028,0,0.5913
you are a fool.,1,0.5825,1,0.5825,1,0.5825,0,0.5936,0,1.0
"I guess Conservatives everywhere are the party of hatred, sexism, xenophobia and bigotry. I don't mean to say that all Conservatives are this way, but clearly many who do think this way find a comfortable home within a Conservative party.",1,0.7903,0,0.6014,0,0.8079999999999999,1,0.7903,0,0.8079999999999999
"Best mayor ever. Taxes are down, the unions have been brought to heel. AND we have a crack scandal. Lighten up people.",1,0.6137,1,0.6137,0,0.5954,0,0.7909,1,0.6137
OldBanister.....sore loser if there ever was one!,1,0.5984,0,0.6023,0,0.7982,0,0.6034,1,0.5926
"Gee Ray, you must e a Dipper - try the Tyee, they never stoop to 'yellow journalism'.",1,0.7846,1,0.8128,1,0.5633,0,0.8163,0,1.0
You make Trump sound rational. Please get help.,1,0.5988,1,1.0,1,1.0,0,0.8170000000000001,0,0.5842
pierre polivier has got to have one of the most punchable faces in the history of canada. of course the cons dont want electoral reform. this broken system is the only reason they won any election in the first place.,1,1.0,0,0.6023,0,0.6023,1,0.8024,1,0.5926
"Hey, I was just talking about you. The lowest common denominator, illiterate left-wing voter.",1,1.0,1,0.7763,1,0.5870000000000001,1,0.7763,0,0.7932
A simple answer from a simple mind. Doesn't surprise me at all.,1,0.7797,1,1.0,1,0.586,1,0.5894,0,0.7898
Nothing smacks of pretension like a left-wing wannabe writer. Do you wear round glasses and have elbow patches on your corduroy jacket?,1,0.8325,1,1.0,0,0.6751,1,1.0,1,0.8399
"Most parents beat their kids in Canada, why do they do it? Husbands and wives are the same, maybe physically maybe psychologically.",1,0.6099,1,0.6002,0,1.0,0,0.5838,0,1.0
"Has this guy got an anger management problem, or what. I think is a good candidate for sensitivity re-training.",0,0.6115,1,0.5944,0,0.6115,0,0.8064,1,0.5835
Whiner1tis has a pretty twisted mind... you just got a glimpse of it.,0,0.6083,1,0.6052,1,0.5876,0,0.6083,0,0.8073
"FYI, it's Ms and too bad for you.",0,0.6048,1,0.7812,0,0.6028,0,0.8236,0,0.7812
Keep you head firmly planted in the sand dougy,1,0.5905,1,0.5905,1,0.5905,0,0.6095,0,0.7952
"You say it's not corporations job to create jobs, so I guess you think that's the government's job, right???",0,0.6143,1,0.7829999999999999,1,0.5885,0,0.6143,1,0.5933
Please don't be here all week.,0,0.6029,1,0.6101,0,0.8028,0,0.7996,0,0.8033
I think his bottom is pretty full already. I believe it is were he keeps his brains.,1,1.0,1,0.6146,0,0.5993,1,0.7859999999999999,1,0.6146
"Don't let the door hit you on the way out. Say, Boogey, you'd have a better chance of becoming 1st class if you had basic literacy skills. Why don't you start with Russian?",1,1.0,1,0.7977,1,0.7977,1,0.8068,1,0.8032
"You didn't even read them, did you?",1,0.6137,1,0.6137,1,0.8063,0,0.5954,0,1.0
"truthhurtstheleft: ""hey idiot your clueless"" - The irony is especially delicious when someone who doesn't understand punctuation or spelling labels someone else ""clueless"".",1,0.8029,1,0.8029,0,0.5929,1,0.5946,1,0.8029
Complete hogwash and a real disappointment coming from a former Statistician.,1,0.8143,1,0.616,1,0.616,1,0.8143,0,0.8143
You're just too lazy to walk the extra 300metres to take the WonderTrain.,1,0.5784,1,0.5784,0,0.8073,0,0.6143,0,1.0
"Of course the CBC sensationalized this story. Otherwise, they would have had a promo that said 'Tonight, on the CBC, we have a non-story, about a non-issue, that frankly isn't worth your time watching. More at 10.'",0,0.7948,1,0.6052,0,0.7948,0,0.8041,1,0.6052
The ignorant shall always be with us.,0,0.7911,1,0.5912,0,0.8088,0,0.7911,0,1.0
"So, in short, you got nothing. But you won't let that stop you from saying it.",0,0.6261,1,0.7926,0,0.8023,0,0.8239,0,1.0
"This is the least perceptive column Ms. Wente has written in several years, and that's saying something! My prediction: until the PM comes clean, this will hang around like a bad smell.",0,0.8626,1,0.589,0,0.5589,0,1.0,0,0.7205
"Don't set yourself up as being so special. Evangelical, Anglican, Presbyterian, Catholic, Muslim, Hindu, Shamanism, Buddhist, Sun Worshipers and Kardashian Fans. It makes no difference. They are all equally worthless.",1,0.5941,1,0.8031,0,0.6043,1,0.5941,0,0.6043
"Based on the venom flowing in this forum, I would say the T-lite fanboys are starting to sound a little worried.",1,0.8069,1,0.7959999999999999,1,0.5868,0,0.8128,0,0.8128
Is that what you do when you have nothing useful to say?,0,0.6075,1,0.7992,0,0.5919,0,1.0,0,0.8102
No more BS from you,1,0.7909999999999999,1,0.5748,1,0.7909999999999999,0,0.5942,0,1.0
"Yeah, stuff should be free. Do you have the t-shirt?",0,0.7934,1,0.6083,0,0.5884,0,0.7934,1,0.805
Not me - but I await the revelation from the curly guy with the Trudeau halo in eager anticipation ....,0,0.8071,1,0.5982,0,0.8071,0,0.8071,0,0.5868
Keep drinking harper kool aid.,1,0.6009,1,0.6009,1,0.6009,0,0.5878,0,0.6041
I see you haven't bought into JT's 'new style of politics' rhetoric and prefer the standard Chr?tien liberal style of divisive partisan ad hominem attacks. I tweeted your comment to him. You made him cry.,1,0.6715,1,0.6652,0,0.5107,0,0.5045,0,0.5063
Wow Citizen 1. Give your head a shake. No harm has been done? 'Daddy what is crack and why does the mayor smoke it?',0,0.8025,1,1.0,0,0.6125,0,0.7964,0,0.5958
"What in heaven's name does your obsession with our new PM (maybe it hurts comparing where he is to where you are in life?) have to do with the topic Martin is discussing? Oh, right. Nothing. Off you go, now.",1,0.8079999999999999,1,0.6072,0,0.5892,0,1.0,0,1.0
"A weird bit of illogic. Every citizen gets one vote, not many - obviously. You vote where you are obligated to register, which is where you live, or as an expat, last lived. Is that hard for you to understand?",1,0.6116,1,0.8065,1,0.8065,0,0.7873,0,0.5924
Pol Pot and research on drought are one in the same? Really?,0,0.7976,1,0.6198,1,0.5999,0,1.0,0,1.0
Getting 'Trudeau' and 'naked' in the same headline may be the best that comes of this tawdry incident for the Liberals.,0,0.6141,1,0.5981,0,0.6141,0,0.6141,1,0.5971
Don't blame the media for this loser.,1,0.8104,1,0.7917,1,0.5865,1,0.7917,0,1.0
"Surprising just how many people have not clued into the fact this is nothing more than a tax grab under the veil of climate change. Poor execution, as we would expect from Junior.",0,0.7996,1,0.6106,0,1.0,0,0.6024,0,0.7996
God Bless Stephen Harper for his support of this school for criminals.,1,0.6099,1,0.8073,0,0.7929,0,0.5838,1,0.8073
"That's nice, sweetie, you keep thinking that",0,0.5644,1,0.9203,0,0.5619,0,0.8806,1,0.8033
ECON you knowledge of history is seriously lacking.,0,1.0,1,0.5792,0,0.805,0,1.0,0,1.0
"Yeah, Yeah, Yeah. The only war the Liberals want to continue is the war on Poverty. After 22 trillion dollars it has been a total disaster. Baltimore got 2 billion dollars from the 2008 stimulus fund program. Where did the money go.",0,0.813,1,0.5843,0,0.6132,0,0.813,0,0.813
"By definition then, you appear to be a disciple of said fallacy.",0,0.6043,1,0.6021,1,0.6021,0,0.5891,0,1.0
"An idiot criticizing another idiot, seems about right.",1,0.7871,1,0.5804,1,0.7871,1,0.7871,0,0.6072
do you expect people to read your post after seeing your monicker. Look up that word as I'm sure you have no idea what it means.,0,1.0,1,1.0,1,0.5876,0,1.0,0,0.5938
Thank you independentlypoor for your astute insight on the human dilemma.,0,0.5974,1,0.8097,1,0.6116,0,0.5974,1,0.8097
"That's all baloney nicky/truthhurts/retiree. You have no proof for any of that. You also need to watch your mouth with the insults. Oh, and try going back to public school to see if you can finish this time.",1,0.9635,1,1.0,1,0.8392,1,0.8839,0,0.8027
Yah if you want to have a 45 minute conversation about your sore throat. Waste of time and resources.,0,0.8095,1,0.6108,0,0.5797,0,0.6027,1,0.6074
"and she is 'negotiating' with the Chinese? wow,such a deal...",0,1.0,1,0.6032,0,1.0,0,1.0,1,1.0
"Hey Broom Closet, I see you haven't seen your doctor yet.",1,0.5585,1,0.5585,1,0.5432,0,0.6672,0,0.5595
"apparently, you and george are incapable of rational thought",1,0.6152,1,0.6152,0,0.5974,0,0.7918,0,1.0
"War is part of our history, but it is not an occasion to celebrate it. War represents failure to resolve conflicts and differences. The Globe editorial board contunies its support of stupidity.",0,0.6139,1,0.5887,1,0.5871,0,0.8117,0,0.8117
This is exactly the kind of hyperbole that the article refers too. Can't you see that?,0,0.5829,1,0.7914,0,0.5829,0,1.0,0,1.0
"They are people of significance. If that offends your delicate sensibilities, stop reading.",0,0.7929999999999999,1,1.0,0,0.5874,0,0.7929999999999999,0,0.8176
They were probably all there- lighting matches! How can people be so misinformed and narrow minded?,0,1.0,1,0.6035,0,0.5997,0,1.0,0,0.8076
The NDPs election results were a flash in a pan. They are back to stupid policy and we are back to voting for someone else.,0,1.0,1,0.6099,0,0.8041,0,1.0,0,1.0
stay on topic voof,1,0.6176,1,0.8073,1,0.6176,1,0.6176,0,1.0
The 'chattering classes'?Wente is a solid member of the chattering class. Your cartoon view of the world misses reality by miles.,0,0.5836,1,0.8001,0,0.5836,0,0.7985,0,0.8082
I think that most things are complex for him,0,0.8053,1,0.6029,0,0.7975,0,0.8053,0,1.0
Not paranoid. Just out of touch with political reality.,0,0.6011,1,0.6034,0,0.8001,0,0.8009999999999999,0,1.0
You do remember what Paul Martin had to do in the 1990's remember? You realize he had to do that because of a massive mountain of debt built up over the years preceding him. Ridiculous to say that red ink doesn't matter.,1,0.581,1,0.581,1,0.581,0,0.6266,0,0.8102
"Bloggins, who pays you to spew such rubbish. You come across as a fool.",1,0.9196,1,0.9246,1,0.8083,1,0.6033,0,0.8009
Are you sincerely this ignorant?,1,0.8049,1,0.8049,0,0.5854,0,0.6098,0,0.8049
Another bandwagon ride with Lysiane xenophobe Gagnon. As if no Quebecois could have ideas that don't fit the mold. And Lysiane is true to herself finding another topic on self-destruction eh! What a princess eh!,0,1.0,1,0.6176,0,0.5951,0,0.7889,1,0.7889
with what? are you going to write a letter of concern? LOL,0,0.615,1,0.5975,0,0.615,0,0.8211,1,0.7875
"So your logic for saying it ISN'T xenophobia is by saying that by LOOKING at PICTURES of the terrorists, we can immediately draw conclusions that all single straight middle-eastern men are terrorists? Good luck with that.",0,0.601,1,0.8059,0,0.6042,0,1.0,1,0.6042
"What are you on, Art? Canada did maintain relations and investing with Cuba even at the displeasure of the USA. You have to know that.",0,0.8057,1,0.6095,0,0.7991,0,0.8057,0,0.7858
"Sure. Legalize it and tax it... so uh, the kids can't get it. Like they can't get at alcohol or porn or sex...",0,0.7942,1,0.6225,0,0.7942,0,0.7942,1,1.0
Precocious doesn't mean what you think it does. Look it up.,0,0.8007,1,0.8828,0,0.8064,0,0.923,0,0.8834
"Spin as you like. The undeniable fact is, Ontario has been ""transformed"" from a giver to a beggar after the 11-year ruthless abuse committed by the incompetent and yet very corrupted Liberals and Wynne is the worst of the worst, the rotten one.",0,0.5957,1,0.6019,0,1.0,1,0.5974,0,1.0
Are you one of the 1% or are you one who doesn't mind falling behind. Unions keep the general population from falling too far behind the 1%. Do you not read or listen to the news?,0,0.5988,1,0.6052,1,0.6052,0,0.8041,0,0.7948
Too right! What a drama queen.,0,0.7921,1,0.5992,1,0.5977,0,0.5855,0,0.7919
"Larry, please, go back to writing about politics. Sentimental articles about great hockey players you have seen is really not that interesting.",0,0.5954,1,0.5987,1,0.6103,0,0.7927,0,0.8042
"Wow, Konrad, surely you can't believe what you're saying. To actually say that losing half your paycheque is a good thing and will make you work harder - have you time-travelled here from Dickens' England?",0,0.7942,1,0.8017,0,0.6021,0,0.7942,1,0.5959
"So, Wente comes from Michigan, so I guess that makes her an expert on Detroit, right? Puh-leeze. Stop trying to shoehorn your pathetic and superficial analysis of a complex, tragic story you know precious little about, okay, Wente?",0,0.6035,1,1.0,1,0.7874,0,0.6035,1,0.8081
A petulant twelve year old boy!,0,0.5953,1,0.5983,0,0.5963,0,0.7899,0,1.0
You may want to re-read the article and comment on the topic.,0,0.82,1,1.0,0,1.0,0,0.82,0,0.7981
Yeah all cops strive for the day they can shoot and kill somebody! You really have no idea.....,0,0.8361,1,0.6825,0,0.6668,0,0.8506,1,1.0
"Think you've 'done' it to yourself. Get some help, dude.",0,0.6085,1,0.5943,0,0.6085,0,0.6085,0,1.0
"Well then, johnny boy--you clearly imply that you know what a psychopath is, but fail to follow through by providing us with a demonstration of your dazzling intellect. Maybe you can look up the definition of popinjay and get back to us.",1,0.7964,1,1.0,1,0.5919,1,0.599,1,0.7955
Oh yes More Gun control is the answer right? I know we forgot that the Gun drove itself to the scene and met the shooter there.,0,0.6752,1,0.6508,0,0.6314,0,0.8778,1,1.0
"Your belief in the sky daddy threatens the world. When the catholics start paying tax, I might not despise your organization quite as much.",0,0.6024,1,0.5839,0,0.7997,0,0.7997,0,0.6164
Simply proves that intelligence is not a prerequisite for wealth.,0,1.0,1,0.5965,0,1.0,0,0.7975,0,0.7975
Hey Guido. Does this pass for intelligent comment where you come from?,0,0.7869,1,0.5999,0,0.8131,0,1.0,0,0.5870000000000001
"David, maybe you should leave economics to others, and instead remain focused on justifying Canada's involvement in every war, everywhere, all the time.",1,0.5702,1,0.5702,1,0.5702,0,0.6071,0,0.7825
"Well, they didn't have your supreme brilliance to guide them.",0,1.0,1,0.5879,0,0.7812,0,1.0,0,0.6309
Suddenly Trudeau's eco-sphere has become a lot smaller. Big daddy is packing his bags.,0,0.7942,1,0.6044,0,0.6127,0,0.7942,1,0.5916
Millions are starving even with fossil fuels... what's your point?,0,0.6025,1,0.6102,0,0.6025,0,0.6025,0,1.0
You are wrong. It has definitely made an impact elsewhere. Get some new talking points.,0,0.5948,1,0.5929,0,0.79,0,1.0,0,0.6023
"Joe, your rhetoric is about 30 years behind the times.",0,0.5521,1,0.8062,1,0.7719,0,0.8055,0,0.8103
"There is nothing on the 'voter's mind'. That is this very ignorance, this emptiness that allows such clowns to take up space in it.",0,0.6038,1,0.598,0,0.8086,0,0.6038,0,1.0
So drinking on the job and hanging out with drug dealers during the working day is a lifestyle choice that others should be tolerant of?Who knew?,1,0.6137,1,0.6137,0,0.7909,0,0.5838,1,0.8073
"i will lie to you, raise your taxes, increase the debt, and make sure you vote for me brother.",0,0.6403,1,0.508,0,1.0,0,0.8852,1,0.7427
I really don't think Europeans give Canada a second thought. Does paranoia run in your family?,0,0.5948,1,1.0,1,0.7916,0,0.5948,0,0.8013
You have no idea what you are talking about. Superficial information without any understanding of reality. One word S400. You are a fool and think you are immune. During the Ukraine crisis I was looking North and West.,1,1.0,1,1.0,1,0.5956,1,0.8106,0,1.0
"Hawksd, if you bothered reading the article before you posted, $50 K is actually the median income in Canada.",0,0.7983,1,0.5861,0,0.6005,0,0.7983,0,0.6005
"Your first sentence makes sense. Too bad you didn't stop there. That last sentence is just absurd. Like everyone else in a free country a police officer is free to read any book, newspaper or watch any TV show he wants.",0,0.6095,1,1.0,1,0.5931,0,0.8056,0,0.7909999999999999
"You're kidding right? The coal industry has been laying off coal miners for years. When they switched to mountain top removal and open pits, they laid off the majority of the miners.",0,0.6172,1,0.6046,0,0.8073,0,1.0,0,1.0
"In an ideal world, that would be a lovely solution. But Syria is hell on earth now. Are you personally going to take on ISIS ?",0,0.6004,1,0.6037,0,0.7905,0,0.7905,1,0.7872
"yes, Avi. Destroying our economy will certainly bring us together. You should roll those joints a little thinner.",1,0.7797,1,1.0,1,1.0,0,0.5961,1,0.8096
What a flimsy editorial built around a one-line quip that exactly characterized PM Stephen Harper's behavior and the idea that Canada has to do airstrikes because so many others are.,1,0.6078,1,0.6078,0,0.585,0,0.6045,0,0.7877
Yet another one-issue fringe voter...,0,0.606,1,0.5993,0,0.5846,0,0.8161,0,1.0
Difficult to respect your comments when you cannot even spell the word Principal correctly.,0,0.7969,1,0.5869,1,0.5869,0,0.7969,0,0.7969
'Government's sudden need to debate terror bill smacks of opportunism ...'Globe editorial board - your grasp of the obvious is amazing.,0,0.5889,1,0.5954,0,0.7896,0,0.7896,1,0.5954
"Rifleman: and I think you missed out the words, ""completely unrelated"" there as well.",0,0.8101,1,0.5848,0,0.8101,0,1.0,0,0.8028
"And your calling others stupid is not insulting. You are a case for study, Studly. :)",0,0.6243,1,0.5712,1,0.5712,0,1.0,0,0.5957
You are part of the problem. WHy don't you give your house to some deserving refugees? It would be consistent with your self-defeating views....,1,1.0,1,0.7097,0,0.7241,0,0.5744,1,0.5521
What a bunch of nonsense - what 'what undemocratic maneuvers' ? Repeating the same baseness rubbish ad nauseam doesn't make it true.,1,0.5859,1,0.7828,1,0.601,1,0.5859,0,1.0
Ash is another out-of-touch globalist sympathizer. Pay no heed to this elitist.,0,0.5834,1,0.6079,0,0.5864,0,0.5834,0,1.0
Spineless. Wimpy. Where's my thesaurus when I need it..........,0,0.6081,1,0.6033,0,0.6081,0,0.6081,1,0.8034
"Maggie114 - if you're 'stocky', you'll fit in the seat. If you're overweight, it will be extremely tight, if you're obese, you're going to over-flow.",0,0.8056,1,0.6061,0,0.6029,0,0.8056,0,0.5883
And we should care.....why?,0,0.7904,1,1.0,1,0.7997,0,1.0,1,0.6117
It would seem that Globe readers - from reading this response to Doug's story - are the most easily misled on the planet.,0,0.7852,1,0.5772,0,0.61,0,0.7852,0,0.7852
"Darryl, you should read ( more ?) . International surveys are conducted annually by UN related bodies, multinationals ( HSBC) , etc and the results are well documented. Think before you post .",0,0.8296,1,0.5824,0,0.6182,0,0.8296,0,1.0
Ideology can make people stupid . . . It's worked for you.,1,1.0,1,0.6464,0,0.7215,1,0.8801,0,0.5957
how is this relevant?,0,0.8052,1,0.8217,0,0.8052,0,1.0,0,0.8052
The man is petty when it comes to Ontario. He tried lecturing us. And how long did he purposefully avoid meeting our Premier?,0,1.0,1,0.6023,0,1.0,0,1.0,0,1.0
Clearly you do not know the difference between peace and war. Men like Putin and Harper and Poroshnko adore your simplicity.,1,0.8033,1,0.8033,0,0.5884,0,0.5984,1,0.8033
"You remark about Jeffrey not being a good Canadian, and then you proceed to not spell it 'licence'.",1,0.6112,1,0.6112,0,0.6076,0,0.7978,0,1.0
If angry Tom quits being so angry and becomes moderate. I'm not sure he has it in him.,0,0.7957,1,0.5873,0,1.0,0,0.8128,0,1.0
"Justin is well traveled, unlike mos conservatives. He understands the world a lot better. Most conservatives think the world and north America are interchangeable words.",0,1.0,1,0.5969,0,1.0,0,1.0,0,0.7922
This just in: Mass shooters are mentally ill. Wow. Really? Who'd a' thunk it?,0,0.7198,1,0.5265,0,0.7569,0,0.7622,1,0.9249
'No one would dare say that the Prime Minister endorses unethical activities...'I'll say it...loudly!,0,0.6579999999999999,1,0.6726,1,0.5029,0,0.6579999999999999,0,0.6778
Please don't tell me you think any Quebec government has ever 'taken on the unions' . That statement is laughably incorrect.,0,0.6127,1,1.0,0,0.6127,0,0.8056,0,0.6173
Guess men would be better off finding a feminist who enjoys sex then. You'd think we'd learn.,1,0.7054,1,0.7243,1,0.5576,1,0.5506,1,0.8521
Your medical experience does not inform the argument. It is individual choice and one's own perception of quality of life. All individuals have more experience than you in that regard.,0,0.6047,1,0.5875,0,0.6003,0,1.0,0,1.0
Don't pick on Jenni. She can fool 5.6 million Canadians all of the time. But her moral compass needs work.,0,0.5893,1,0.8009,1,0.6098,0,0.8009,1,0.8089
"You don't understand how national economies work. That is a huge problem in Canada; the ignorance of so many voters. Could you please all read a couple of books, and stop getting your information from rightwing blogs?",0,0.7925,1,1.0,0,0.7925,0,0.7925,0,0.6053
It is the first time I have ever read 'overly medicated' or 'lobotomized' to be 'statesmanlike'.,0,1.0,1,0.6083,0,1.0,0,1.0,0,0.6113
Me thinks you doth protest too much...,0,1.0,1,0.6093,1,0.5985,0,1.0,0,0.8126
"You are part of the problem, not part of the solution.",0,1.0,1,0.6162,1,0.6162,0,0.8132,0,1.0
Let's hand the province over to a guy who gets his talking points from Rob and Doug Ford...,0,0.5934,1,0.8038,0,0.7749,0,0.5934,1,0.8038
Try doing that yourself. I'd love to see how far you get.,0,0.5909,1,0.6012,0,0.5909,0,0.5909,0,0.5909
"He will be fed, housed, given books to read, the chance to take courses, all things his victims have lost forever. How is that 'torture'? Are you a lawyer, by chance??",0,0.5799,1,0.5973,1,0.6062,0,1.0,0,0.8052
"Nutcases like you will be heartily condemned, as you should be, by the same people who wouldn't dare say boo to the equivalent from that other religion.",1,0.8025,1,0.6094,1,0.6,1,0.7931,0,1.0
"Still here, NTA? I thought you cancelled your subscription. Maybe spend the money you saved on spelling lessons.",1,0.799,1,1.0,0,0.6063,1,0.799,1,0.5947
We recently tried to donate a used (but in full working order) colour TV to Habitat when we upgraded to a wide screen TV in our family room. It was refused. Seems only wide screen TVs are acceptable to the poor! Times change.,0,0.7896,1,0.5954,0,0.7896,0,0.7896,0,0.615
What have you been smoking ?,0,0.8138,1,0.5898,0,0.8076,0,1.0,0,0.8076
"George, You must have failed your logic course. Or perhaps you've never been introduced to the concept?",0,0.6015,1,1.0,0,0.5997,1,0.5981,1,0.6096
Your comment sounds like a trial run for the CPC talking notes for the upcoming election. Do you work for the PMO or just the party war room?,0,0.6075,1,1.0,0,0.5919,0,1.0,1,0.5919
"As a new day dawns on Canada... the Liberal Red Bull tsunami will flood the country and give Justin ^^^wings^^^ over 24 Sussex Dr. .... Way to go Justin, udaman !!!!!",0,1.0,1,0.5973,0,0.8035,0,1.0,1,1.0
Because the rate of inflation is slowing down wouldn't mean that inflation has stopped. Learn logic.,0,1.0,1,0.8108,0,1.0,0,1.0,0,0.8113
Another person who does not believe in earning your place in life. How sadly pathetic.,1,1.0,1,0.614,1,0.8005,0,0.8115,0,1.0
I have Ericka on ignore. She is a total waste of electrons.,1,0.8013,1,0.6027,1,0.8013,0,0.7917,0,0.8087
imagine actually being religious in 2019...did your parents not let you go to science class?,0,0.6778,1,0.8931,0,0.5709,0,0.6778,1,0.8319
Expecting locgic or truth from a moonbat is like expecting a Stanley cup from Toronto - even if it looks like its possible - it ain't really.,0,0.6073,1,0.7966,1,0.593,0,0.5963,1,0.593
"I suppose you will be told that because male judges wear robes at work, they too refuse to adapt to Canadian values and thus their judgment cannot be trusted. 'Ennemies of the country' are everywhere. LOL",1,0.6075,1,0.8119,0,0.5836,1,0.7956,1,0.6207
You must be pretty young to think that those that lost the last federal election did not believe in stimuli. It just shows your level of knowledge on the subject.,1,0.7883,1,1.0,1,0.6275,0,0.6004,0,0.7944
A rather long winded plea to keep the hard working mice ( Conservatives) in party and to keep the parasitic cats and lizards ( liberals and NDP ) on the outside -but i cant fault the argument,1,0.5931,1,0.5931,0,0.8024,1,0.5931,0,1.0
Uhhhh......Canadian when you learn to spell correctly?,0,0.6372,1,0.5579,0,0.8176,0,0.8196,0,1.0
southcoaster: left to these clowns is anyone who does not think that taxes should be rolled back to 0.,0,0.5951,1,0.6064,0,1.0,0,1.0,0,1.0
"What on earth kind of word is 'it,s'?",0,0.5988,1,0.5997,0,1.0,0,0.7958,0,1.0
"'ignorance, lies & plain hypocrisy'You got that backwards....this is what nathuropathy is entirely based on.",0,0.6347,1,0.8177,0,0.6182,0,0.6347,1,0.5997
Must be bonus time for the paid trolls,0,0.6081,1,0.5784,0,0.6081,0,1.0,0,0.6143
"Sharp, you consider voting strategically something that is under-handed and sleazy?!?!You do know there is this thing called Parliamentary democracy, right?",0,0.8153,1,0.6096,0,0.5751,0,1.0,1,0.5987
Peacekeeping. Hahahahaha. One of the main pillars of sanctimonious Liberal blowhards in Canada.,1,0.6829,1,0.5073,0,0.6474,1,0.6829,0,0.5191
"How is Caledonia indefensible? The Crown tried to sell land that was under claim for over 25 years, and the Natives stopped it. That's a win, in my books, my boy.",0,1.0,1,0.5944,0,0.5944,0,1.0,0,0.8051
a lot of big words there professor. stick with your textbooks and living off the public dole.,0,0.6624,1,0.9264,0,0.6634,0,0.7368,0,0.7377
Doug's fairy tale world.,0,0.5984,1,0.6152,0,0.8093,0,1.0,0,0.7891
Pathetic political press.,0,0.6085,1,0.7891,1,0.6008,1,0.7891,0,0.7924
Not what I said at all. But keep trying.,0,0.6566,1,0.5185,1,0.5185,0,1.0,0,0.6525
oh really? try learning what a cult is before making a sweeping statement like that.,0,0.6048,1,1.0,1,0.616,0,0.6048,0,0.7812
No! They have been shown to be Muslims from Pakistan. Can you not read. I have known about this for years. People have been warning that this was going on. Silence on the politically correct front. Disgusting. When is the west going to wake up?,1,0.5827,1,0.5827,0,0.6116,0,0.6164,0,0.8009
Then why do the Liberal thumb monkeys constantly put down the Conservatives for doing the same thing during hard times?,1,0.8029999999999999,1,0.5978,0,0.7986,1,0.5922,0,0.6016
"rhenaeGOOD for you 'R'.(You are in a TINY minority, but good for you anyway) .",0,1.0,1,0.5955,0,0.7954,0,1.0,0,0.8016
I think you should review the definition of the word assumption. What is it that you think atheists have assumed?,0,0.5968,1,0.5798,0,0.794,0,0.8027,0,1.0
And most of the people I know from BC can think - why can't you before writing a moronic post?,1,1.0,1,1.0,1,1.0,1,0.5911,0,0.7928
"You make no sense. Every dollar used fighting drug criminals makes their life more difficult and drugs less available, if only because drugs become more expensive ... which is really drugs activists concern .... isn't it ??",0,1.0,1,0.8166,0,0.5821,0,0.7903,0,0.6085
"Perhaps you have been in the Egyptian desert. The questions being asked are the questions that thinking people HAVE been wondering about . The fact that you feel insulted by the audacity of the G & M asking, says you have decided not to think.",1,0.5998,1,0.5998,0,0.6064,0,0.7938,0,1.0
"Oh, Darcy.... you're so full of yourself judging others without reflecting on your own silly comments ..... soooo obvious",0,0.8099,1,0.5887,0,0.606,0,0.8099,0,0.7961
"@JC12345 Would you let us know which neighbourhood was being destroyed? Here in the westside of Vancouver, my neighbourhood is getting better by the day!",0,0.8143,1,0.5847,0,0.8143,0,0.8143,0,0.8085
Wade22 - if you are neither a Liberal or a CON then you must be OMG a Dipper. Actually I had a lot of time for Rae whether he was an NDP Premier or a Liberal Cabinet Minister. One of the few with some substance.,0,0.596,1,0.6138,1,0.6138,0,0.596,0,1.0
Ya its all a big cover up!,0,0.7936,1,0.5868,1,0.5868,0,0.8128,0,0.5843
"No comparison. Americans were not being chased down the street, beat up, stabbed and murdered. Your ignorance is telling.",0,0.6019,1,0.8015,1,0.5844,0,0.6019,0,1.0
"I guess you're a city person. I've always had a pocket knife on me since I started school [to sharpen my quill pen]. It's just a tool, & so are you.",0,0.6068,1,0.6052,0,0.6068,0,0.8081,0,0.6208
"Richard, are you referring to the russian spetsnaz with advanced weaponry who portray themselves as 'regular' Ukrainians? Nice try comrade.",0,0.7172,1,0.5784,0,0.5682,0,0.8504,0,0.594
"It really doesn't, Michael. I hope you don't have kids.",1,0.8206,1,0.6083,0,0.7959,1,0.5998,0,0.8206
"'With bigger majorities than any of his predecessors have seen.' Uh, that should read 'successors'. Darned Alberta education.",0,0.6155,1,0.799,0,0.6155,0,0.8143,1,0.8012
"There are no TV journalists anymore, there are just teleprompter readers with pretty faces (facelifts) to deliver the lies of the day from the government and the connected elite.",0,0.6103,1,0.5870000000000001,0,0.7943,0,0.6103,0,0.8042
"Like a broken clock that is right twice a day, Steve had a good week last week. That doesn't make up for the past 51. And next week, this band of merry screw-ups will be back on their usual course again. Harper - over his head.",0,0.6105,1,0.79,0,0.8139,0,0.8139,1,0.5995
Patrick D'Aloisio aww! Are they making fun of your Imaginary Friend?,0,0.6442,1,1.0,0,0.8237,0,0.8168,0,0.7047
It's a shame that neither the dear professor or the globe editor took the time to learn what Dutch disease was before writing an article on it. Good alma mater you got there Steve.,0,1.0,1,0.6064,0,0.8048,0,1.0,0,0.6064
Small words. Short sentences. Celebrating ignorance. Living in a dreamworld. Welcome to Ford Nation.,0,0.7976,1,0.5999,1,0.5999,0,1.0,1,1.0
"You think your ""expertise"" is worth something? You uneducated rube! In the real world, what YOU think is exactly meaningless.",1,0.8741,1,0.8798,1,0.8382,1,0.9577,0,0.7243
"What! So you'd rather have the law of the jungle, eh?Do you want squatters claiming your house? Or youngster bidding on your job?",0,1.0,1,0.616,0,0.8017,0,1.0,1,0.5954
Think again loid...,0,0.6007,1,0.8096,1,0.8096,0,0.6007,0,0.8096
"Nice try, but fail as a force-fit.",0,1.0,1,0.595,1,0.7874,0,0.8081,0,1.0
"Do yourself a favor, turn off the computer and go for a walk.",1,0.8073,1,0.8073,1,0.7999,1,0.6087,0,0.7879999999999999
"2 minutes with google to find that, apparently 2 minutes too long for the idiot who wrote this absurd article. Or was he just deliberately lying to us?",0,0.5898,1,0.8161,1,0.6221,1,0.6014,0,0.5834
That; s not what the jury found dieter. But I guess you know better than they do ...right?,0,0.598,1,0.8017,1,1.0,0,0.598,1,0.8095
give it a rest. It is well documented and studied as to who and how these woman are meeting their demise. ramp up the insanity.,0,0.6128,1,0.6128,0,0.8105,0,1.0,0,0.6128
"Just got in on the conversation and forgot to get informed, huh?",0,0.5861,1,0.6208,0,0.591,0,1.0,0,0.7883
"monkey121, good luck with that economy that makes everyone richer.",0,0.8,1,0.6079,0,0.6,0,0.8,1,0.6079
Illiterate moron.,1,0.7832,1,0.586,1,0.6018,1,0.7832,0,1.0
"the cream rose to the top of the barrel h, you just haven't been reading hard enough...",0,0.639,1,0.5724,0,0.8185,0,0.8205,0,1.0
?Should the Canadian government screen potential immigrants for anti-Canadian values as part of its normal screening for refugees and landed immigrants??Duh ..... yeah.,0,0.7948,1,0.6016,0,0.7948,0,1.0,1,1.0
"Maybe you should inform yourself as to who did the hostage taking. Start by considering who locked out the teachers and refused to bargain, later doing so in bad faith.",0,1.0,1,0.6043,0,0.792,0,1.0,0,1.0
This should be pretty simple for you to understand...,0,0.6442,1,0.9496,0,0.8,0,0.8031,0,0.9038
Stupid and immature comment.,1,0.7942,1,0.7942,1,0.7942,1,0.7942,0,1.0
"Being in the ""debate"" section of a national newspaper is still ""journalism"" sparky. And making a sweeping generalization and ""proving"" it with a couple of examples is still lazy. Yawn.",1,0.5978,1,1.0,1,0.8042,0,0.5966,0,0.5981
"The Southern strategy is accurately described in this article. You need to read up on your US political history, and stop posting nonsense.",0,0.6034,1,0.7931,1,1.0,0,0.8029,0,1.0
Get a better job if you want a liveable wage. Read an economics textbook idiot.,1,1.0,1,0.9346,0,0.7928,1,1.0,1,0.7928
"LOLGood for what, exactly?",0,0.5865,1,0.5957,1,0.6134,0,1.0,0,0.6005
This kind of left wing pseudo-intellectual drivel is as bad as the extreme right wingers who are stockpiling and waiting for Armageddon.,0,0.6033,1,0.5952,1,0.5968,0,0.8079999999999999,0,1.0
"Are you calling Margaret a bigot? What, you can't handle the truth? LOL at comparing Wente to Trump. Really, some people are beyond salvation.",1,1.0,1,0.7953,1,1.0,1,0.7953,1,0.5931
"Trump is not using race as an issue? You mean he is welcoming to Blacks, Latinos and Muslims to his rallies? What is the evil agenda that you speak of?",0,0.5165,1,0.821,0,0.5165,0,0.6831,1,1.0
"Just a suggestion, keller ..... try some new material. This is pretty tired.",0,0.588,1,0.5976,0,0.588,0,1.0,0,1.0
"Come on Dosibe. Get real. They want highly skilled, ticketed workers out west like welders and pipe fitters. Not just any unemployed Easterner who can hop on the bus!",1,0.7948,1,0.804,0,0.5923,0,0.7893,0,0.8089
"You guys just can't help lying I guess. In fact, Trump's plan is to tax outbound remittances, which is pretty brilliant actually.",0,0.5967,1,1.0,0,0.6024,1,0.6086,0,1.0
"Exactly what OVERSIGHT do you want are you just mindlessly repeating ""oversight"" as a clich??",0,0.6009,1,0.5994,0,0.5943,0,0.7946,0,0.7946
PIII you are really losing it man. Chill. Have a toke with the Mayor.,1,0.5954,1,0.7977,1,0.7977,0,0.8121,0,1.0
"Tory is taking his time, as well he should, and I'd be very surprised if he said yes, every indicator save for the Kool-Ade drinkers is NO.",0,0.7928,1,0.5979,0,0.7928,0,1.0,0,0.8102
I don't think you actually read the article.,0,0.6122,1,0.8088,0,1.0,0,0.815,0,1.0
"Yes, you do continue to live in a potted plant world where the sun don't shine.",1,0.7802,1,0.7802,1,0.7802,0,0.6318,1,1.0
"It's cheaper still to go the LIBRARY. Can you not read or are you being deliberately obtuse? Besides, you have posted elsewhere that people read on the internet now. Do you have a local used eBook store?",0,0.6031,1,1.0,0,0.6031,0,0.6031,1,0.7917
So let me get this straight ... AP is lying because the WaPo says so?Pot meet kettle.,0,1.0,1,0.6132,0,1.0,0,0.7886,1,1.0
We have an evangelical christian who thinks he talks to his god. I think an airhead would be a great improvement.,0,0.5974,1,0.8019,0,0.5974,1,0.5929,0,1.0
"Your opinion and you are welcome to it, but not to impose it on the rest of society. 'Things we all consider true'? A little out of touch with things as they are and not how we want them to be, are we?",0,0.597,1,0.5938,0,0.7954,0,0.8016,0,0.597
"Not just the Israeli's integrate genders with great success. The Germans and the Austrians and the Canadians do as well as many other developed countries. They learned from the mistakes of others. You sir, have not.",0,1.0,1,0.5982,0,0.7927,0,1.0,0,1.0
I sure hope that you're not an educator or someone with any political power. Your judgemental views are quite scary.,0,0.8002,1,0.6004,1,0.5844,0,0.8002,0,1.0
"Citing things from 70 years ago, that were matters of national security and comparing them to political slush funds of today, does nothing to bolster your argument. I could eat a bowl of Alphabets cereal, and crap a better argument.",1,0.7883,1,0.8215,1,1.0,0,0.6004,1,0.6098
try following the news yourself and actually following what he says and does.,0,0.8031,1,0.8109999999999999,0,0.8031,0,1.0,0,0.7802
hes way too smart. (the bar is low),0,0.5884,1,0.6029,0,0.5884,0,0.7989,1,0.6029
That's right. Don't fight evil. Let some other Country do it Jean. You are a cultural icon!,1,1.0,1,0.6671,0,0.52,0,0.6875,1,1.0
Stop arguing that which you do not understand. You're making a fool of yourself.,1,0.8145,1,1.0,1,0.5922,1,0.6036,0,1.0
Chuckie isn’t the sharpest knife in the drawer,1,0.919,1,0.8858,1,0.721,1,0.5693,0,0.6809
Racist slime. Really?,0,0.5989,1,0.8026,1,0.5985,0,0.7979,0,1.0
"Obviously you aren't ready either Kevka. If you were, you might have said something relevant to this thread instead of a simple, meaningless and sloganeering hashtag.#KevkaJustNotReady",0,0.6021,1,1.0,0,0.6021,0,0.7942,0,0.6006
"on the other hand right wing pundits as a general rule cannot be taken seriouslyThere, fixed that for you.",1,0.6001,1,0.6067,0,0.7799,0,0.8077,0,0.8058
"Ohhh, and these refugees would know that? Not sure the Globe has home delivery in the camps.",0,0.5822,1,0.612,0,0.5822,0,1.0,1,0.612
Glad you understand that ethnic cleansing is a no-no. You might want to tell the Russians in Crimea that removing the indigenous Tatar community from Crimea is an act of ethnic cleansing.,0,0.5852,1,0.6158,0,0.5915,0,0.799,0,0.5852
What info? Tell us more. Did they find Vlad's fingerprints?,0,0.6063,1,0.5868,1,0.5868,0,0.8128,0,0.7936
"During the election, the CPC aired advertisements with the caption 'Just not ready'.I put that off to hyperbole ... but wow ... they were spot on.I have never seen a group of such inept amateurs more interested in the 'self' governing this country.",0,0.8064,1,0.6148,0,0.8064,0,1.0,0,0.6006
"Yes, let's dump the shallow analyses of real-life statistics and deny them to fit your bubble agenda. Very funny post if it wasn't so sad.",0,0.7958,1,0.5981,0,0.7958,0,0.812,1,0.8023
What's the difference between your comments about Muslim refugees and Charlotte Whitton's views of Jewish refugees in 1939? Well done for exposing your true nature and lack of any Canadian values or characteristics.,0,0.6076,1,0.6111,0,0.6076,0,1.0,1,0.6111
"Chee, everyone else gets it",0,0.7554,1,0.7523,0,0.7554,0,0.7554,0,1.0
"Wow. Can someone decode that for me, I left my ring in my other vroomenleggings?",0,0.5906,1,0.5987,0,0.5906,0,0.7938,0,0.6075
"Keith D LaRiviere are you referring to the trillion dollar give away, please sit down and read",0,0.7178,1,0.7766,0,0.6709999999999999,0,0.8617,0,0.9043
"Steven, do you put your money where your mouth is? Do you live without using carbon-based energy? If so, then tell us how you accomplish it, so we can emulate you. Otherwise, please spare us your sanctimonious hypocrisy.",1,0.6052,1,0.6052,1,0.6052,1,0.6052,0,0.5988
That you would post something like this only underlines how you don't have the first clue about the crisis facing our veterans.,0,0.6027,1,0.5654,1,0.5766,0,0.8227,0,1.0
"John Baird calls UN drought agreement 'talkfests'Is this a surprise? Remormists can't even stand discution on national matters within their own party? How could they discuss about world wide matter? C'est la politique du Je, me et moi.",1,0.782,1,1.0,1,0.5697,0,0.6128,1,0.5928
Beans cause gastric gas... so does your post!,0,0.6079,1,1.0,0,0.6079,0,0.8073,1,1.0
"The suffix 'Jr.' Should only be used when the son has the same first name as the father. Ironically, with your use of the word as an attempt to suggest he is a man of lesser competence you have demonstrated your own lack of competence.",1,0.5184,1,0.6844,1,0.5021,0,0.6639,0,0.6639
Your premise starts to fall apart when you consider that the Queen is also the 'Supreme Governor of the Church of England'.,0,0.787,1,0.6062,0,0.6013,0,0.787,0,1.0
b-o-r-e? Learn to spell. How hard is it?,1,0.5835,1,0.6141,0,0.7918,1,0.7916,0,0.5941
What a scurrilous attack. You should be ashamed of yourself.,0,0.6093,1,0.6062,1,0.6062,0,0.6093,0,1.0
You don't understand ad hominem plainly or you wouldn't admit it.,0,0.8082,1,0.8058,1,0.7876,0,1.0,0,1.0
Let's hope he gets some adult supervision.,0,0.7966,1,0.5829,0,1.0,0,0.7966,0,0.8077
Delusion -That's a big word Bill.,1,0.723,1,0.8882,0,0.5209,0,0.5175,1,0.6374
Reading the whole article would have helped.,0,1.0,1,0.6096,0,0.6023,0,1.0,0,0.7879999999999999
Apparantly you geniouses missed my first sentence. The officer was clearly in the wrong here. I said that already. That doesn't make right what sammy was doing that got everyone into this mess.,0,0.7928,1,1.0,0,0.6038,0,1.0,1,1.0
"'In the West, bitter talk of alienation and estrangement is all but gone.'What planet are you on? It's never been worse!",0,0.8076,1,0.5997,0,0.5997,0,1.0,0,0.6044
'Pig in the poke' Obama is wallowing in his sty.,1,1.0,1,0.6038,1,0.6038,1,0.8051,1,0.6011
You're missing the point. Taxpayers have to match employee contributions. Obviously employee contributions increased. The matching resulted in a tripling of the cost to the taxpayer. And it continues to increase exponentially.,0,1.0,1,0.5013,0,0.8342,0,1.0,0,1.0
Really? You think it is progressive to export raw bitumen - and good value-added jobs to the US rather than refining here is progressive? Wow!,0,0.5955,1,0.5896,0,0.5955,0,0.7987,0,0.7968
Stop with your daily propaganda... nobody believes any more.,0,0.8019,1,0.5929,1,0.5929,0,0.8019,0,1.0
"'This is an extremely bright, ambitious, competitive woman who would love nothing more than to exceed her predecessor's time in office.'Sorry... you lost me after the first comma.",0,0.6081,1,0.5784,0,0.6081,0,1.0,0,0.8135
"Oh, please, another 'back in my day' story. Did you have to walk 2 hours a day to get t school too? The kids are alright.",1,0.7189,1,0.5621,1,0.7189,0,0.716,0,0.594
Glad to watch the games. LGBT Nazis like you only tell us that we are right.,0,0.6086,1,0.5924,0,0.6086,1,0.5924,0,0.8087
Omer Aziz must be a 'Honorific Certified Gold Member' of the 'Chattering Class'.What a waste of ink.,0,0.5997,1,0.5997,1,0.6035,0,1.0,0,0.6152
how many gay athletes do you think there are competing you fool.,1,0.5755,1,0.5755,0,0.8220000000000001,0,0.6025,0,1.0
Liberals failing to take a tough decision. Who would have thought that could happen.,0,0.7994,1,0.5758,0,1.0,0,1.0,1,0.6019
you are a literal retard,1,1.0,1,0.9599,1,0.7968,1,0.885,0,0.8383
I'm sure our Premier does understand that she has hard choices. You really ought not to sound like a pompous fuddy-duddy.,1,0.5963,1,0.5963,1,0.5963,0,0.5994,0,1.0
"WOOOOOOOOOOOOOOOOOOOOW wow..... I......wow.....this...right here... Ok, you ever heard something so THICKHEADED that it put you in shock, LL7, what you wrote is it, for normal people.",1,0.8023,1,0.608,1,0.8057,0,0.5904,1,0.6098
"They might have clout, but unfortunately they don't have much brain.",0,0.5878,1,0.7917,0,0.7949,0,0.5878,0,1.0
Those with a risk of brain cancer should have their brains removed.,1,0.7848,1,0.8095,0,0.5979,1,0.7848,1,0.8078
as naive as the liberal voters in Ontario I suspect.,1,0.8044,1,0.8044,1,0.6009,0,0.5988,0,0.7965
"Amarone, If you deny Mr. Khadr was a child soldier when the incident took place, then why would we believe you that your 14 year old knows right from wrong?",0,1.0,1,0.5957,0,0.8009,0,1.0,0,0.7978
Link Hogbrow 5 hours agoAnd the Nixorovian Culture that enables them.-------------how can you thumb down something you don't know the meaning of,0,0.6005,1,0.5861,0,0.6005,0,0.6005,0,0.7983
Truly dumb. THese people have no hope yet aren't interested in coming to this frozen wasteland was the point.,1,0.5984,1,0.8024,0,0.5992,1,0.5984,0,0.6064
"Your ancestors didn't have the guts to fight 'Indian Wars' 200 years ago, and their descendants don't have the guts to fight them today. Like you, for example, tough guy.",1,0.8022,1,0.6044,0,0.7873,0,0.7873,1,0.5895
As long as you like Liberal party propaganda.,1,0.5035,1,0.5035,1,0.5035,1,0.5035,1,0.6759
"The Health Minister? That means jack squat. Trudeau also said FATCA was an assault on our sovereignty (it is), and now he loves it. Same for Brison and Goodale. Maybe they've lied so much they can't remember.",0,0.6114,1,0.6233,0,0.7997,1,0.8034,1,1.0
Harper will be played by some dolt.,1,0.7942,1,0.7942,1,0.6086,1,0.7942,0,0.8144
Par for the course from the smug 'progressives' who run the Globe.,0,0.8059,1,0.59,0,0.7952,0,1.0,0,1.0
"Get right on that case, Inspector Clouseau.",0,0.8313,1,0.6839,0,0.6534,0,1.0,1,0.8459
"please God, Margaret, just go away - your rants are so tiresome and reek of desperation.",1,0.5903,1,1.0,1,0.7886,1,0.7886,0,1.0
Speaking of morons you fit the bill.,1,0.9201,1,0.8071,1,0.8489,1,0.9227,0,0.8451
GOOD TO SEE GARY MASON OFF THE BC POLITICS FILE and back talking about a sports related topic that he can handle...,0,1.0,1,0.6039,0,1.0,0,1.0,0,1.0
Laughably biased!,0,1.0,1,0.5119,1,0.5026,0,1.0,0,0.8298
"You should put Trudeau's speech on your youtube, so you know what he actually said.",0,0.8066,1,0.6136,0,0.8066,0,0.8066,0,0.8075
"Looks like you're a self-hating old stock Canadian. Your family is old stock, it's nothing to be ashamed of, and it's no more divisive than 'newcomer' which is word we use all the time.",0,0.6219,1,0.6187,0,0.8016,0,0.6219,0,1.0
Nonsense. Are we to overlook that the natives took slaves as well?,1,0.5899,1,0.5820000000000001,1,0.5820000000000001,0,0.6065,0,0.5966
Well said Bob. This is another example where the writer of the opinion piece is clueless but many of the comments are knowledgeable.,0,1.0,1,0.5967,0,1.0,0,1.0,0,0.8015
"You'd have felt right at home in the Gestapo, Joe. Congratulations...",1,0.5923,1,0.5966,1,0.5923,0,0.6006,1,0.8028
'me and my husband'? i recommend that she and her husband pick up a copy of Fowler's Modern English Usage before she applies for a position as a judge.,0,0.8121,1,0.8044,0,1.0,0,0.8121,1,0.6006
"What a ridiculous 'endorsement', if you can call it that. Weasel words. You should be embarrassed.",0,0.6032,1,0.6083,0,0.8033,0,0.6032,0,1.0
"[I don't think Alberta can learn from the Liberals or journalists from Ontario.]Alberta is unable to learn from anyone, intelligent, well versed Albertans included. Lougheed would call you a fool.",0,0.6009,1,0.5999,0,0.7992,0,0.7936,0,1.0
To be a 'real journalist' you don't use the attribution error as your argument.,0,0.5985,1,0.8017,0,0.5985,0,0.5985,1,0.8017
Silly comment there! There is no 'Russian imperialism'.,0,0.6106,1,0.5883,0,0.8095,0,1.0,0,1.0
Lining up for your Guaranteed Annual Income any time soon?,0,0.7905,1,0.6037,0,1.0,0,0.7905,1,0.6037
Before posting try to keep up with the debate. We are talking about face coverings!,0,0.6047,1,0.7958,0,0.7975,0,0.6047,0,1.0
"Check your facts, Doog.",0,1.0,1,0.7952,1,0.5945,0,1.0,0,1.0
Talk about completely missing the point.,0,1.0,1,0.7982,0,0.6117,0,1.0,0,0.8029
"You're in denial, keller.",0,0.6021,1,0.6197,1,0.6197,0,1.0,0,1.0
It's so cute the way climate change deniers are desperately trying to re-frame themselves as defenders of the global poor. But it's not workin' for ya.,1,0.6199,1,0.6199,1,0.6199,0,0.8016,1,0.6199
Donald Trump twitter followers - 17.4 millionElizabeth Renzatti twitter followers -8000 (most / all of them in the GTA)Elizabeth - you're an irrelevant GTA Liberal whiner.,1,0.7906,1,0.7906,1,0.7906,0,0.6019,0,1.0
Politics is a full contact sport. Attacks have nothing to do with sex. Get used to it.,0,0.607,1,0.8061,1,0.6004,0,0.607,0,0.607
"""""n fact, we need to figure out how to manage population decreases."""" LOL !!! See: """"World population stabilization unlikely this century"""" at science. org.",0,0.6733,1,0.6674,1,0.5118,0,0.6733,0,0.5158
"These are the frustrated proletariat, bored gvt. workers, or paid commenters, lol. Most admit they haven't read the article, just have a tantrum like toddlers.",0,0.5852,1,0.7951,1,0.5998,0,0.5852,1,1.0
Filthiest oil on the planet - the EU calls it 'dirty oil' and embargo it - people should listen to Neil Young and David Suzuki - they got more brains than all of the Canudian government put together,0,0.597,1,0.7957,0,1.0,0,0.597,0,1.0
You should try to understand the history of your adopted country. This is far from a watershed moment.,0,0.6004,1,0.6162,0,0.6004,0,0.8127,0,0.8127
"Of course, we wait for the judgment. I stand by what I said. That man was killed unnecessarily. You are wilfully blind if you do not acknowledge that, and hope for much, much better in future.",1,0.5919,1,1.0,0,0.6085,0,0.6069,0,0.8166
Perhaps you should actually read some information on the weather and you will find extreme weather recently is below average within historical norms... But why let facts get in the way?,0,1.0,1,0.8103,0,0.8082,0,1.0,0,0.6007
"roach Try to stay on the topic. If it's good enough for the pot, you can't leave the kettle out of the discussion or you end up looking like a fool.",0,0.616,1,0.616,0,1.0,0,0.8142,0,0.8142
"Denial doesn't change reality, John. Try facts.",0,0.6145,1,0.5901,1,0.5901,0,0.6145,0,0.5881
He actually compared canada's record with china'sOne would think the press would challenge him on that point... He has lost all credibility at that moment. He really has no clue,0,1.0,1,0.8067,0,0.7947,0,1.0,0,1.0
"What a specious counter argument, happy - the subject is Harper, not universal freedom of belief.",0,0.8249,1,0.5986,0,0.6076,0,0.8249,0,0.8249
"I see the liberal response. If you are honest and break the law, that's ok. Typical of the >if it feels good do it",0,0.7968,1,0.6097,0,0.7968,0,0.7968,0,0.5905
'Why not just commit to the most negative and cynical view of humanity and this planet's future 'What are you talking about? How is that going to save the falling Canadian economy?,0,0.602,1,0.6107,1,0.5949,0,0.7936,0,0.6012
There is no 'peace' on this one princeed8.,1,0.5116,1,0.6726,1,0.6726,1,0.5116,0,0.8303
How many friends issued from recent immigration do you have? How many co-workers issued from immigration do you have sitting next to you?,0,0.6071,1,0.5702,0,0.6051,0,0.6071,0,0.7825
"Every single sentence a blatant lie. Good work, Peter1410.",1,0.6726,1,1.0,1,1.0,1,0.6726,1,0.8226
"Right. And 'we' might do the same to you, one day, even though you'd scream, 'but I'm innocent, I tell you! I' m innocent!' Sure... and a liar to boot. Think about it.",0,0.7972,1,0.8132,0,0.8035,0,0.8035,0,0.5877
"Kid in Short pants? Can't you Conservatives ever come with something on your own. Apparently original thought is contrary to your ideology, but I guess the word conservative implies that. Repeating someone else's history.",0,0.5901,1,0.6142,0,0.5769,0,0.5901,0,1.0
"Ravensbud. YOU DON""T HAVE TO GO TO THE CEREMONY. The oath is taken when you fill out the paperwork. Seeing somebody's lips moving is absolutely ridiculous.",0,1.0,1,0.6007,0,0.7936,0,1.0,0,0.8035
Someone needs to let him know.... it's the 21st century.,0,0.8044,1,0.6164,0,1.0,0,1.0,1,0.6083
"The sad part is that the ads are aimed at the stupidest Canadians, those too dumb to think for themselves, so they need Harper to tell them how to think. Fortunately over seventy percent of Canadians are smart enough not to fall for it.",1,0.8468,1,0.8723,0,0.8695,1,0.7163,0,0.8723
proving there is no cure for stupidity.,1,0.5816,1,0.5816,1,0.5816,1,0.5816,0,0.8001
Wow. A couple of western premiers were 'indignant'. Now that's ground breaking news reporting. Next you'll tell us that the premier of Quebec has been 'insulted'.,1,0.5977,1,0.5977,0,0.6088,0,0.8128,1,0.8069
Even more skill throwing money at advertising non-existent projects like the Conservatives ?,1,0.614,1,0.8114,0,0.7973,0,1.0,0,0.6113
"If all else fails play the gender card. Ironically this puts all woman behind men, by demeaning them and stereotyping them as the saviour because they are woman. Chelsea comes off as phony and downright ridiculous.",1,0.6643,1,0.8352,0,0.6764,1,0.6636,0,0.5048
"Art: Your argument is specious. US private health care is the most costly in the OECD. What we have is not perfect; and can be improved, but to suggest a 'free market' is lame.",0,0.8140000000000001,1,0.6211,0,0.7866,0,0.8140000000000001,0,1.0
Funny how Liberals think that the 39.5% of he electorate that voted for Junior is a Landslide....,0,0.6063,1,0.8069,0,0.6063,0,0.8128,1,0.6029
"I suppose you're a centrist? Not everyone who disagrees with Harper is a ""lefty"".",0,0.6069,1,0.5828,0,0.6069,0,0.6069,0,0.7823
gawd... you again. how many times have you posted your pathetic petition this time?,1,0.5598,1,0.5997,1,0.8744,0,0.5209,0,0.7525
"'con-serve-yourselves'How correct, smart, and witty!",0,0.5972,1,0.5954,0,0.5982,0,0.7909,1,0.5954
That my comment has gotten under your skin with such little effort on my part gives me more pleasure that I can relay to you. Thank you. The bonus is that the quality of your comment proves Mill's point.,0,0.7972,1,0.6194,0,0.7972,0,0.5831,0,0.7972
"You've got to wonder where Rob Ford would be if he hadn't inherited money? Probably working at some minimum wage job, because he doesn't have the education, the intelligence, or the social skills for anything else.",1,0.5889,1,0.6233,0,0.7997,1,0.8034,1,0.6031
"the fact that an racist, ignorant, hateful cretin like donald trump is given any media coverage at all says everything about what kind of country the united states has become.",1,0.7966,1,0.596,1,0.596,1,0.7966,1,0.596
"Trudeau represents the two worst qualities of the last couple of American presidents. He is inexperienced like Obama, perhaps even more so, and he is riding on a famous last name like G. W. Bush.",0,0.7909,1,0.5992,0,1.0,0,0.7909,0,0.8026
"Try and change the conversation to America, because China has been shown to be an irrational bully.",1,0.7854,1,0.7854,0,0.5991,1,0.7854,0,1.0
"Cynicism about politicians? Al Gore and our Un-elected Liberal Lesbian, standing tall together celebrating the 'Green Scam' ? LOL!!!!!",1,0.7956,1,0.5872,0,0.6087,1,0.5999,0,0.8043
You want them to serve in Assad's Armed Forces? So they can use poison gas on their enemies?,0,1.0,1,0.5013,0,0.6671,0,1.0,0,0.8316
And you think Verizon will make this better? Hahahahahahahaha!Good luck with that!,0,0.7964,1,1.0,1,0.8028,0,0.7964,0,1.0
I assume it would have taken them too much time to figure out Justice Nadon worked in the Federal Court of Appeal for Quebec which is the crux of the issue here. Nice try at deflection though.,0,0.7928,1,0.8148,0,0.7928,0,1.0,0,0.6029
"Speaking of bit players, when did you make your first billion",0,0.5908,1,0.6238,0,0.5908,0,1.0,1,0.8104
Deficit spending is NOT the cure for low productivity. The Liberal government is peddling a fiction.,0,1.0,1,0.616,0,0.7985,0,1.0,0,1.0
The number of fatal injuries has been going up which the author states and your graphic shows. Might help to read what you use as evidence before you post.,0,0.7835,1,0.6166,0,0.7835,0,1.0,0,0.8048
Huh? Thomas are you truly that naive?,0,0.6104,1,0.7914,0,0.6083,0,0.8164,0,1.0
"Sorry, but who the heck is Frances Wooley and why is her opinion worth attention?",0,0.6279,1,0.7963,0,0.8079,0,0.5929,0,1.0
"Ranger fans don't have any say in the laws of this country, Buddy.",0,0.5929,1,0.5962,0,0.5929,0,0.5929,0,0.5929
I think you had better read the article. Feel free to speak - justr don't expect anyone to listen,0,0.6154,1,1.0,1,0.5792,0,0.8209,0,1.0
"It doesn't help me either, but it's not all about me. Do you understand how a society should work, matt calgary?",0,0.8109,1,1.0,0,1.0,0,1.0,0,0.7926
There is really no need to argue. Just pack up and go. Leave those who need major medical treatment to stay. And come back when you need medical treatment.,0,0.792,1,0.6007,0,0.596,0,1.0,0,0.804
"Thumbs down because I cannot take Miley Rae Cyrus seriously after all this, and I'm not even willing to try. She's tacky and not worth the effort. I'm sure she'll do just fine without my support.",0,1.0,1,0.6166,0,0.8035,0,1.0,0,1.0
Dostoevsky is turning over in his grave that the likes of you has appropriated that name.,1,0.718,1,0.5651,0,0.7123,0,0.7123,0,0.7171
"I'm sorry, but have you actually spoken to any real, live women on the subject?",1,0.6075,1,0.6058,1,0.6075,0,1.0,1,0.8064
It appears we didn't read the same article. You need to get a grip.,0,0.8066,1,0.8075,1,0.8075,0,0.8066,0,0.7939
So your logic is 'we have trading relationships with a human rights abusers so we should continue to sell them what they want.' Wow.,0,0.7947,1,0.6065,0,0.7978,0,0.8009999999999999,1,1.0
Go straight to your room!,0,1.0,1,0.602,1,0.6008,0,1.0,0,1.0
My how you add to the discussion.,1,0.6635,1,0.6635,0,0.5018,0,0.8376,1,0.6635
"last time i checked, political parties were comprised of canadians. i find it amazing that canadians - yes canadians - can hold mackay to one standard but refuse to do the same to themselves! hypocrite.",0,0.7998,1,0.5954,0,0.8087,0,1.0,0,1.0
LOL. You are completely out of touch with reality. Why don't you check who was the ruling party of the day when women got the right to vote in this country.,1,1.0,1,0.7991,0,0.6072,0,0.5894,0,0.7903
">So in your own words, what IS going on then? (No conspiracy theories on oil, and pipelines and Jews and military-Industrial complexes please! And definitely not UFO's)",0,0.828,1,0.593,0,0.579,0,0.828,0,0.579
"Same question to you. If I'm wrong, how many 600 foot tall industrial wind turbines do you see all along the shoreline from Hamilton to Oshawa? Hmmmm? I know more about this subject than you, I can guarantee it. Wanna try me?",0,0.595,1,0.8059,1,0.6007,0,0.6041,0,1.0
"I'm chuckling already, just thinking about the upcoming winters - when I'll be warm as toast with my wood stove while all the GTA Liberals will be freezing or going broke because of the green energy they voted for. :)))",1,0.6223,1,0.6223,0,0.7829,0,0.8104,0,1.0
So you are complaining about human nature. Your argument seems to suppose that all the budget issues are the result of this self interest when the story shows that pretty much every voter has an element of self interest. So much for your argument.,1,0.5152,1,0.6808,1,0.6754,0,0.6626,0,0.6754
"Rogue, So, I can put you down in the ""two-evils-make-a-good"" column. Right?",0,0.6033,1,0.5952,1,0.5968,0,0.8079999999999999,1,1.0
"this is a disgusting column completely vapid and without any intellectual self-awareness - ridiculous! No wonder she was hired by MM, completely vacuous.",1,0.5994,1,1.0,1,1.0,1,0.5969,0,0.8024
"'Though homophobia certainly still lurks in clubhouse culture, ...'Evidence please, or is it just presumed because it's all male.",0,0.6575,1,0.5002,1,0.8420000000000001,0,0.8337,0,0.8337
The stupid detector is off the charts here!,1,1.0,1,1.0,1,0.6199,0,0.5933,1,0.5983
"Oh, do please tell us (with proof) that she has done anything which would land her in the big house?",0,1.0,1,0.7581,0,0.7593,0,1.0,0,0.7593
"How is this deflection? If the law can be interpreted so as to allow cooks and hairdressers, it can certainly accommodate nannies. Some sort of emotional response is disengaging your cognitive faculties.",1,0.6275,1,0.6275,0,0.5899,0,1.0,0,0.8023
WHAAAAAAAAAAAAAAAAAAAAAAAAAAAAA!!!!!!!!!'Stephen Harper doesn't like us after we lie about him every day!'Time for an All You Can Eat Hunger Strike!,0,0.6582,1,0.8231,0,0.6716,0,1.0,1,0.8365
Utter nonsense. Only the religious ignore overwhelming evidence of the absurdity of their beliefs yet pride themselves on their blind faith.,0,0.8175,1,0.5643,1,0.5818,0,0.8175,0,1.0
Congrats on missing the point completely. Post a mail address and I can forward you an explanation in crayon.,0,0.7996,1,0.5956,0,0.7888,0,1.0,1,0.8004
We should start a 'Drivel of the Month' competition - I for one nominate this piece of embarrassing and childish tantrum - any other votes .-),1,1.0,1,1.0,1,0.7923,0,0.5952,1,0.6051
"Yup all those Wall Street tycoons, dyed in the wool leftists. Some times I wonder how certain people figure out at how to use a keyboard.",1,0.6803,1,0.8306,1,0.6585,1,0.6803,1,0.6598
So the economy should negate any social responsibility? You must have love dictators.,0,0.8057,1,0.5649,0,1.0,0,1.0,1,0.5649
Liberals are afraid to hug a war criminal :-),1,0.5947,1,0.5947,1,0.5947,1,0.5947,1,0.5947
"The 1950's are calling you, Margaret.",1,0.5871,1,0.5869,0,0.6102,0,0.8027,1,0.7842
Ever heard of wage cuts? Don't like it find another job.,0,0.6572,1,0.5149,1,0.5136,0,0.8266,1,0.5163
"HP - wow, you can't handle a little criticism of your leader. Interesting!!",0,0.5992,1,0.607,0,0.5932,0,1.0,0,0.5932
"Right, Rob, and you're citing a known Holocaust denier site there. Tells us all everything we need to know about where you get your historical information.",0,1.0,1,0.7978,1,0.5984,0,0.604,0,0.599
Incomprehensible. Beyond lame.,0,0.604,1,0.6025,1,0.5947,0,0.6126,0,1.0
"You need real friends, not pretend friends. www. edu.gov.on.ca/eng/document/policy/os/onschools.pdffullcomment.nationalpost.com/2010/08/28/marni-soupcoff-ontario-students-get-the-right-to-fail/",1,0.5973,1,0.5973,0,0.6018,0,0.6148,0,1.0
A month of confinement is mental and physical abuse. Are you joking here?,0,1.0,1,0.6056,0,0.602,0,1.0,0,0.5866
"""Government makes an absolute fortunate on taxes from the oil industry."" ------- How naive! Alberta gives away its oil. Your royalty regime is a gift to Big Oil. Suckers.",0,0.8056,1,0.804,0,0.6029,0,0.8056,0,1.0
Are they now winging it or did they have the foresight to have a back-up plan? The former seems likely. You'll notice the spectacular failure of Steve's back-up and now we're winging it - typical Con idiocy.,0,0.6026,1,0.8084,0,0.8146,1,0.5979,0,0.8146
"How can we Canadians be cursed with so many amateur politicians ? Ill informed, short sighted, education challenged individuals need to be flagged as a menace to a healthy society.",0,0.602,1,0.5986,0,0.602,1,0.6035,0,0.7945
And yet the people who disagree with you have more detailed responses than you.,0,0.6096,1,0.7878,1,0.6027,0,0.804,0,0.8086
"'Correct thing'? Maybe for people like you who have been out to get the PM from day 1, but not for me, nor for anyone else who can see clearly.",0,0.6539,1,0.5185,1,0.6688,0,0.6539,0,0.6539
"@Vincent Clement'It seems that the french-speaking residents are upset'Oh, the G&M says it, it must be true.",0,0.7902,1,0.5852,0,1.0,0,0.7902,1,0.5852
"It's amusing to hear all these cry baby wannabe fascists complaining about lefties in the 'MSM.' As if. Their real frustration is that they can't make savvy, educated people (regardless of their political stripe) buy their bs.",1,0.5966,1,0.5966,0,0.7951,1,0.7934,0,0.8033
"Stay far away ... and just keep your head in the sand and ignore the atrocities, the rapes, the killing. Yeah, that's a great plan.",0,0.586,1,0.7998,0,0.8087,0,1.0,1,0.8087
Good grief. The Knights do nothing but good. Get educated.,1,0.5978,1,1.0,1,0.5978,0,0.6121,0,0.8108
"You said men like Cosby, you could have added men like Bill Clinton.",0,0.8016,1,0.5968,0,0.8063,0,1.0,0,0.8016
Canadians don't like your little opinion. Can't do anything about the fact the most Canadians are pro-gay.Maybe you should move to Russia. They'll show an idiot westerner like yourself all about their 'democracy' ahhaha,0,0.6186,1,0.5773,0,0.6069,0,0.6186,0,0.8028
"You are right, homeopathy has much in common with faith healing. Utter quackery.",0,0.5707,1,0.557,0,0.5772,0,0.8661,1,0.7228
"Yup, you blew it. You had the message and the momentum and you let it slip away in spectacular fashion. Time to que up the next in line that will make newer and more spectacular blunders.",1,0.595,1,0.7874,1,0.7874,1,0.595,1,0.8081
Again with the unproven comment. Prove it or don't comment.,0,0.6072,1,0.5963,1,0.5963,0,0.7965,0,0.807
"I'm guessing a lot of Liberals are having buyers remorse these days. Could have had an actual rocket scientist as leader, but instead they chose the substitute teacher. It says more about the party than I ever could.",0,0.7991,1,0.6091,0,0.7991,0,0.7991,0,0.7991
thoughs and prayers - yeah that'll save a lot of lives,1,0.5724,1,0.6906,1,0.6897,0,0.7163,1,1.0
Blah!. Get real.,0,0.8065,1,0.6016,1,0.8031,0,1.0,1,0.605
"I don't think you've lost the plot on this issue, I think you never got it in the first place. Go back and do some research, scientific research, on this curriculum, and then report back with facts and germane arguments, not red herring rhetoric.",1,0.5928,1,1.0,1,0.7948,1,0.5928,0,0.7915
You should probably have stopped at your first sentence. That's the only one that sounds credible.,0,0.5903,1,0.6162,1,0.5879,0,0.6005,0,1.0
oh come on you guys are just paranoid because of Harper,1,0.5933,1,0.8096,1,0.6007,0,0.8012,0,1.0
"You don't like Trudeau or the Liberal Party. I know that. I am not real fond of them, either. But ou never post anything of substance, just your petty dislike, over and over again.",0,0.597,1,0.6086,1,0.6086,0,1.0,0,1.0
"Konrad, your incoherent ramblings continue unabated I see.",0,0.5809,1,0.8228,0,0.5965,1,0.5963,0,0.8228
Wally should read the news occasionally.,1,0.5924,1,0.7998,0,0.5837,0,0.8239,0,0.8023
You spell Harper.....B..U..F..F..O..O..N! What a jacka?s.,0,0.6024,1,0.5839,0,0.6024,1,0.5839,0,0.8137
This article is bull-shyte.It was as it is told. We're talking 'country/nation' here .....in the modern sense. Aboriginals were regional and split.....even warred with each other. Had no sense of a NATION from sea to sea.,0,0.6114,1,0.5894,0,0.8143,1,0.601,0,1.0
"It is called common sense. Apparently, something Justin and his ilk lack.",0,0.6031,1,0.7917,0,0.8101,0,0.7931,1,0.5848
"So people who would like a promotion need to take a $126,000 haircut? Are you crazy? Would you hire somebody who was stupid enough to say to you ""I would happily throw $126,000 out the window to take your job offer with no job security?""",0,0.612,1,0.7902,1,0.5931,1,0.5851,0,0.7949
"So what? Those are reasons for voting for Trump? Because, ""It is possible that hostile actors ...""? Trump is the noxious product of Fox News, and a racist, delusional Tea Party. Even the GOP finds he has no redeeming qualities whatsoever.",1,0.6563,1,0.5024,1,0.6682,1,0.6563,0,0.8288
western propaganda is not a real argument. back to school for you.,0,0.6154,1,1.0,1,0.7926,0,0.8209,0,1.0
"Trumpers still twisting themselves into knots to excuse their fearless leader's dreadful behaviour. They're more like a religious cult, say Jim Jones in Guyanna with his kool-aid, than responsible adults. They are the downside of democracy.",1,0.6001,1,0.6001,0,0.8011,0,0.5987,0,1.0
Rob Ford does not have the attention span to write editorials.,0,0.6614,1,0.5156,0,0.6649,0,0.504,0,1.0
"'This province absolutely cannot risk another 4 years of NDP rule.'------Uh, when was the previous '4 years of NDP rule' in Alberta? How did I miss that? Did you cut those Modern Canadian History classes?",0,0.6498,1,0.5179,0,0.8268,0,1.0,1,0.5179
"@lotus123 - the fact that the student is paying 1/3 of the cost does, in fact, mean that he/she is paying for something. Your belief that they aren't paying for anything is logically incoherent, but that's nothing new for you.",1,0.8096,1,0.8096,1,0.6225,1,0.6225,0,0.593
"Couldn't have said it better myself. On the bright side, most of Harper's Crips and Marois' Bloods will be looking for work in a new field after the next election. We are being governed by gangs of thugs, mentally challenged thugs.",1,0.6093,1,0.6093,0,1.0,0,0.5995,0,0.5995
There has to be a 'Military Coup for Dummies' book somewhere. These guys obviously didn't read it. The first chapter must contain something about restraining the leader you are overthrowing?,0,0.5964,1,0.5905,0,0.7991,0,0.7991,0,1.0
And yet she won. So your point is what exactly?,0,1.0,1,0.588,0,1.0,0,1.0,0,0.8007
"Ukrainians check the trucks which cross the boarder, don't they? This is their responsibility. And Russia knows that. So why for God's sake they will send anything else other than humanitarian help... stupid article.",1,0.5921,1,0.8069,1,0.8022,1,0.5921,0,0.8002
"What's new here, dear? Liberals will do anything and say anything to get in power and stay in power. I invite you to Google the following because it shows the real nature of the Liberal Party of Canada: 'GST + Nunziata' . Have a nice day.",0,0.7948,1,0.6052,0,0.7959999999999999,0,1.0,0,0.7948
Looks like you need a good hosing again. read Mr. shim's post.....slowly.,1,0.8115,1,1.0,1,0.5875,0,0.5936,0,0.5911
"But aren't Albertans inherently more deserving of wealth than the rest of the country owing to their hard work, values and independent spirit ?",0,0.6001,1,0.6066,0,0.5884,0,1.0,1,0.6066
"And we think we have 'arrived' when we get the mortgaged three bedroom house in the burbs with the required SUV, 2 children and of course the dog!!!",0,1.0,1,0.6018,0,1.0,0,1.0,1,0.7917
"Toast province, is the word your looking for. Not provence.------------------and no one noticed thisprovince, is the word YOU'RE looking for. Not provence. YOU'RE = you are (looking for)YOUR is a possessive pronounas in YOUR dog",0,0.8076,1,1.0,0,0.8076,0,0.8076,0,0.8076
Are you dim or what? The gridlock in Washington has everything to do with the GOP losing 2 consecutive elections and not being happy with a black president. You are a very uniformed person.,1,0.8149,1,1.0,1,0.6048,1,0.8149,0,1.0
"R, 7 words: The Constitution is extremely difficult to amend. Try to remember that.",0,0.7977,1,0.6109,0,0.7977,0,1.0,0,1.0
Its not being hypocritical. Its called being respectful. Have you not heard the concept of not speaking ill of the dead?,0,1.0,1,0.5979,0,0.8029,0,1.0,0,0.8029
The surge worked. Obama removed the troops too soon to placate his far-left base. Giving room for ISIS to rise. Great work all around.,0,0.6179,1,0.5983,0,0.6063,0,1.0,1,1.0
"No one is arguing that assisted suicide is the 'only' way for a dignified end, so you are arguing a straw man Konrad. Now THAT'S undignified.",0,0.6083,1,0.805,0,0.5968,0,0.8033,0,0.8079999999999999
'dismiss half your government'?do you have a hot clue what you are talking about? please explain.,0,0.8088,1,1.0,0,0.6097,0,0.8088,0,0.8118
"Matt, it's hardly the Queensberry Rules out there. I suspect that each party will 'besmirch' the honour of our democracy over the next few months. Let's not be naive. C.",0,0.591,1,0.6184,0,0.591,0,0.8036,0,0.7873
"Les - How many seats did con leader Kim Campbell win in the 1993 Federal election? In case you are too young to remember, the answer is - Two.",0,0.7953,1,0.6285,0,0.6015,0,1.0,0,1.0
It is one thing to insult. It is an entirely different matter to speak the truth. Are you not able to distinguish one from the other?,0,1.0,1,0.7971,0,1.0,0,1.0,0,0.8091
Why is it that we need to acknowledge stupid people who say or do stupid things? By doing so we only give them the relevance they seek - which they do not deserve. Just ignore these people (this includes rob ford),0,0.8163,1,1.0,0,0.8068,0,0.6231,0,0.7957
'Information technology workers displaced in Canada are being replaced not by cheap Indian workers but by better ones. 'What utter nonsense ! Where is your evidence for this Amanda Lang ?,0,0.7946,1,0.6024,1,0.5996,0,1.0,0,0.8088
"Congratulations Rmiller101, your dream of Stein winning is even more delusional than the Trumpster Divers. That was a tough hurdle to clear but you jumped right over the bar.",0,0.6056,1,0.7827,0,0.6056,0,0.7827,1,0.6056
"""everybody"".....?? so he was speaking in an empty room? if so - how do you know? you were obviously not there",0,0.6004,1,0.6037,0,0.6069,0,0.7905,0,0.6059
How do you dream up the incessant nonsense? Harper is gone for good. Get over it.,0,0.5877,1,0.5954,0,0.5877,0,0.5877,0,0.5924
Do not Feed pokey's alter ego.,0,0.5819,1,0.6181,0,0.5819,0,0.7764,0,1.0
your name is redundant.,0,0.6221,1,0.7883,1,0.597,0,0.6132,0,0.8134
"It hasn't and there is little risk of it ever being one. Are you so unsure of yourself, your family and neighbours? You think suddenly it will become popular among your family, neighbours and throughout Canada? Sheesh!",0,0.6185,1,0.8167,1,0.5984,0,0.8175,0,0.8175
:) I doubt he'd bow down and kiss & lick the rear end of the owner's enough to get the job.,0,0.8072,1,0.5988,0,1.0,0,1.0,1,0.5988
What you know of torah and talmud wouldn't fill a thimble ie yours is the comment of an ignorant bigot,1,0.7112,1,1.0,1,0.858,1,0.5659,0,0.5832
"And that kind of attitude, McKenna, is why those who voted for Ford are not inclinded to change their mind no matter what comes up against him. Thank you for contributing to Rob Ford's re-election, as did the Toronto Star and Marcus Gee.",0,0.5883,1,0.6279,0,0.5883,0,0.5883,1,0.8179
"Uttertrash, so now it takes balls to shove a woman out of your way?",0,0.5878,1,0.6009,0,0.6041,0,0.5878,0,0.6043
Why is it you lefty loons are always railing against population growth until it suits your twisted agenda>,1,1.0,1,1.0,1,0.7932,1,1.0,0,0.6011
Hardly. Gibson is a life long Liberal with a capital 'L'.You certainly do not know Mr. Gibson.,0,0.6597,1,0.6659,1,0.8264,0,0.6597,0,1.0
Seems to me that you are not thinking Konrad.,1,0.8337,1,0.8337,1,0.8337,1,0.6692,0,0.505
All those big words!,0,0.5934,1,0.6107,0,0.5934,0,0.5934,1,0.6107
No Duke! The Liberal are on the ground training the Kurds fighting against ISIS. That where they are needed most. Did you have your coffee yet? lol,0,0.6539,1,0.5198,1,0.5185,0,1.0,1,0.6688
Do all Ford voters find it hard to spell a simple three-letter word like 'off'? And do we want people like that to decide who runs things?,0,0.7957,1,0.6128,0,0.7957,0,1.0,0,1.0
I doubt the Ukraine people find the Russians current movement as humorous as your god.,0,0.6149,1,0.5956,0,1.0,0,0.8281,0,1.0
"Blah, Blah, Blah, Blah' ........ more con-servitude smoke!",0,0.6094,1,0.5952,1,0.7875,0,0.6094,0,0.6092
"Llucas, You do understand it was your money, too, that was being stolen? Or, do you not understand that?",1,0.8162,1,0.6206,0,0.5829,0,0.5870000000000001,1,0.7826
Judging by your comment there seem to be a helluva lot of commenters here with half a brain.,1,0.8082,1,0.5941,0,0.6155,1,0.5941,1,0.5986
Anyone see Johnstons plug for Blackberry in BNN? lol. So pathetic really that a head of state needs to pump up a company that is floundering speaking like he's some analyst or insider. He should mind his own business really,0,0.8059,1,0.5996,0,0.8044,0,1.0,0,1.0
Or you could just embrace reason and disavow yourself of petty superstitions.,0,0.5797,1,0.6099,0,0.7958,0,0.5748,0,1.0
"P111: as usual, you get it wrong. saunders did not 'imply' trump's policies are racist. he stated it. And he is correct in doing so.",0,0.603,1,0.5981,1,0.5932,0,0.7942,0,1.0
"Don't forget ""snout in trough"" central, Ottawa. Lots of Liberal seats there too, public servants protecting their over-entitled jobs.",1,0.6013,1,0.598,0,0.5898,0,0.6128,0,0.8039
Keep on believing in the myth. But it won't take your suffering away.,0,0.7645,1,0.6282,0,0.6277,0,0.8859999999999999,0,0.7645
"the word is 'waste' not 'waist', that's the part around your middle where your belt goes.",0,0.6154,1,0.8145,0,0.6154,0,0.818,0,0.7974
Huh? I think you missed a point here.,0,1.0,1,0.5828,1,0.5828,0,0.8081,0,1.0
You seeMonkey.. there were no free elections because Castro was able to predict the results and it wasn't in his favour. Sounds like electoral reform in Canada.,0,0.5953,1,0.6056,0,0.7845,0,1.0,0,0.7845
"'Is America better off and the planet safer?'Only a hack would offer up this question, as though some doubt might exist about the answer.",0,0.5582,1,0.599,0,0.5443,0,0.8504,0,0.8616
"Obama's foreign policy was just about as weak is it could get, I cant imagine Trump can actually be any weaker.",0,1.0,1,0.6178,0,1.0,0,1.0,0,1.0
A better understanding than Saul would be a good thing.,0,0.8129,1,0.5743,0,1.0,0,0.8129,0,0.8129
"So, they're 'selling like hot cakes'?How many have actually been sold so far?",0,0.7947,1,0.6081,0,0.7947,0,1.0,1,0.8011
"$30 thousand x 3 and that's just the start! Wake up! Carbon tax, payroll tax - do we need to spell everything out Exedus from reality?",0,0.5987,1,0.6019,0,1.0,0,0.7896,0,1.0
I've never seen such a bunch of psuedo scientific mumbo jumbo in one paragraph in my life....Sounds like you read way too much 'Popular Science'.,1,0.7986,1,0.7986,0,0.6112,1,0.7986,0,0.7986
"my, aren't we a special snowflake?",1,0.5962,1,0.8051,0,0.5997,0,0.6836,1,0.8434
"Why the extremes with your thinking? It seems to me, with you its either conversion therapy or full on transitioning with no middle ground. Full on transitioning is in itself just another form of extreme conversion therapy",0,0.5863,1,0.5635,0,0.5863,0,0.5863,0,0.7223
Maybe the thumbs down are for poorly-written and executed irony,0,0.5905,1,0.5952,0,0.7905,0,1.0,0,0.8
"Seth, there's help for people like you with mental challenges. Somehow, you can't grasp the concept of people's freedom to vote as they wish",1,0.5742,1,0.5742,0,0.6023,0,0.6043,0,0.6043
"Mel, that's it!! The only logical explanation of the last few years, the grand strategy of enlightened sovereignty.",0,0.6071,1,0.6104,1,0.6104,0,0.6071,1,0.7878
The Royal Alexander? Did the Tsar visit TO in the 19th C. or are you being facetious?,1,0.5005,1,0.6681,0,0.665,0,0.8326,1,0.5072
Most 'young people' don't bother to vote and haven't a clue about EU and what it does. They think it's about a song competition.,0,0.612,1,0.5912,0,0.612,0,0.6027,1,0.6065
You lost me at Peter Kent and Jason Kenney being more moderate. Too many CPCers must spend all their time drinking blue koolaid at ultrarightie blogs. Get out into the real world. Talk to some normal people. Read some actual books.,1,0.5889,1,1.0,1,0.8055,1,0.5988,0,0.5988
"Your comment makes no sense, whatsoever.",1,0.586,1,0.7938,1,0.8045,0,0.7924,0,1.0
Well said. THis is the worst editorial I have seen in a long time. It is completely non-sensical.,0,0.6254,1,1.0,1,0.6099,1,0.5907,0,1.0
"Dear Bellboy, I answered you above. The use of this text as an excuse to attack gay people isn't warranted by any responsible scholarship. But that won't stop you.",0,0.6033,1,0.5867,0,0.6033,0,0.6033,0,1.0
Women are intimidated by educated men. I guess they are used to dating morons.,0,0.613,1,0.5796,0,1.0,0,1.0,1,0.5796
"Failing? Failing whom, Margaret? No topic has ever served better to illuminate your self-absorption, paucity of experience, or failure of imagination.",1,0.5892,1,0.7891,1,0.6031,1,0.7891,0,0.8001
Jack Reacher - you just sound a tad 'pompous'....,0,0.617,1,0.5834,0,1.0,0,1.0,0,1.0
Ha! Have you actually read the Torah and are you aware of the rules Orthodox Jews want everyone to live under?,0,0.6143,1,0.6141,0,0.7918,0,0.6143,0,0.6157
"These are assertions, not arguments. Show your work.",0,0.812,1,0.6143,1,0.812,0,0.812,0,1.0
"An irresponsible, immoral cynic! Thats our Maggie. Harper's best friend and an enemy of Canada.",0,0.618,1,0.5807,0,0.8140000000000001,1,0.5807,0,1.0
Downright silly comment!,1,0.5963,1,0.5963,1,0.5963,0,0.5994,0,1.0
"You have the right to say it, however you know NOT of what you speak.",0,0.6018,1,1.0,1,0.6052,0,0.7917,0,0.8101
Are you stuck in the 1950s?,0,0.6754,1,0.8581,0,0.6742,0,0.9086,1,0.7663
"All CONs are either on the take or interested in promoting their fetid views (moronic fundamentalist, bigoted/racist, anti working people and rural welfare).",1,1.0,1,0.6034,0,0.6023,1,0.7982,0,0.8041
If you're going to slap ' idiot left wing elitist snobs' around - which I approve of - please type in a more literate manner.,0,0.8145,1,0.5695,0,0.5986,0,0.8145,1,0.595
"nose breather, What Mendelsohn proved is that even long-practising doctors aren't immune to quackery.",1,0.6072,1,0.5998,1,0.8169,0,0.6252,0,0.6186
"@K McIntyre, Exactly, and well said. @rhenae, > ""Everything is not an attack on your manhood."" I have no qualms with this statement. You should think about why your thinking about manhood would lead to you that conclusion in the first place.",0,0.5973,1,0.5857,0,0.8045,0,0.7929,0,0.7977
I think you are mixing your metaphors. Pay more attention.,0,0.8009999999999999,1,0.8167,1,0.5984,0,0.8009999999999999,0,0.8009999999999999
You posted this before. It was pointless then and it's pointless now.,1,0.5916,1,0.8181,1,1.0,0,0.8181,0,1.0
Wow. Such naivety and delusion. All for a man that has hoodwinked so many Americans into thinking he has the answers. Canadians don't any part of this disaster. America is on it's own with on one. Good luck!,0,0.6112,1,0.5764,0,0.7847,0,0.6112,0,0.6112
"yes, lol, the morAns control everything.",0,0.8091,1,0.7863,0,0.7896,0,0.7896,0,0.8157
"'Automatic handguns', really ? At least know something before you comment.",0,0.6247,1,0.5717,1,0.5717,0,1.0,0,1.0
And how is TWU forcing their beliefs on others ? You have free choice which institution to attend. Your views on this matter are illogical and intolerant.,0,0.6035,1,0.7919,1,0.5885,0,0.6111,0,1.0
"I hope you don't smoke, drink, get no exercise, are overweight, a mountain climber, go skiing regularly, text on the street or in your car, or jaywalk, because if so, by your reasoning you should get a bill as well.",0,0.611,1,0.6026,0,0.7864,0,0.611,1,0.5955
Havn't read your post but from its length know that you are a raving lunatic Please give your opinion in less than 30 words,1,1.0,1,0.6165,0,0.588,1,1.0,0,0.7956
That's funny eh? Two times. Not knowing how to spell a simple word like subtle then not knowing what the heck those red squiggly marks are.,0,0.6164,1,0.7799,0,0.8044,0,1.0,1,0.6083
"Typical right winger....they don't want government to intrude in their lives, except when it is an issue that they feel strongly about, then they are all for government restrictions and intrusion.",1,0.7704,1,0.8079,1,0.8085,1,0.6096,1,0.6567
"Also, Robert Nixon and Stephen Lewis (particularly) were gutless.",1,0.6679999999999999,1,0.5007,0,0.6538,1,0.5007,0,0.8394
"1) Obama won't be running next election. 2) The US economy is booming, employment surging, the stock market at record heights. 3) You have no clue.",0,0.7894,1,0.601,0,0.607,0,0.7894,0,0.7962
The problem is voters were to stupid to realize that 3 is impossible if you live up to 1 and 2. So its an accepted premise that she will break her promises. And the jokes on the dumb electorate.,1,0.6086,1,0.6086,0,0.7914,1,0.6086,0,1.0
Sorry for all the facts upsetting your bull...,1,0.7095,1,0.7297,0,0.5835,0,0.7215,1,0.5979
Diverse canada? who are you trying to blow? Flotsam and jetsam of the third world. Call a spade a spade.,1,0.7303,1,0.7515,0,0.5102,1,0.6128,0,0.6284
What a pathetic bunch.,1,0.7863,1,0.6059,0,0.7879,1,0.5983,0,1.0
"I don't believe Harper ever manhandled anyone in the House, so your comment is irrelevant.",0,0.6152,1,0.7864,1,1.0,0,0.8179,0,1.0
"In your last paragraph, change 'pot' to 'alcohol'. You think none of the world's political leaders every partakes of wine? Please, get a sense of balance here.",0,0.5885,1,0.6044,0,0.5885,0,0.7873,0,1.0
If Suzuki finds our multicultural immigration system so 'disgusting' & that Canada is 'full' then perhaps he should practice emigration and leave ! He has long since past his best before date!,0,1.0,1,0.608,0,0.8048,0,1.0,0,0.5951
hey pal - stick with the topic if you can.,0,0.5854,1,0.6308,0,0.5854,0,0.7914,0,1.0
I want some of what you are smoking.,0,0.8191,1,0.61,0,0.5897,0,1.0,1,1.0
You live in Redmonton? That explains it.,0,0.6145,1,0.5901,0,0.7926,1,0.5901,0,0.5881
Mr 'studly' needs to study history like his peer did. Quite a bit of history has happened since 1945 yet he hasn't noticed.,0,0.5996,1,0.6063,0,0.5996,0,0.8038,0,0.7898
"There is no, nor has there ever been a country called Palestine. The so called Palestinians are entitled to nothing. They should go back to the Arabs countries they come from.",1,0.5858,1,0.5858,1,0.6102,1,0.5858,0,1.0
"And what is Hudak planning on doing about it? Hmm? Answer: Not one thing. All Tim wants is you to work for less. Period. Now, if you are okay with that, by all means vote for Hudak. The rest of us don't.",0,1.0,1,0.8062,0,1.0,0,1.0,0,0.8062
Religion - A con job of massive proportions.,1,1.0,1,0.6375,1,0.664,0,0.6846,0,1.0
You are a fool. Your examples are ridiculous and not realistic. Try reality sometime... you'll like it.,1,0.961,1,0.8366,1,0.6757,1,0.8767,0,0.7109
Ignorant comment. Where's the movement in Canada to withdraw from NATO? One of the greatest bit of freeloading on display.,1,0.5977,1,0.598,0,0.8043,1,0.5977,0,0.8043
no. your the one living in an alternative reality.,0,0.6027,1,0.5772,0,0.7947,0,0.7947,0,1.0
"@tempsperdue If I were you, I'd put down the thesaurus and pick up a dictionary. It would make understanding language so much easier.",0,0.6027,1,1.0,0,0.7947,0,0.7947,0,0.8079999999999999
Stephen Harper is a bully. plain and simple. When will Canadians that support his party wake up and realize this?,0,0.7922,1,0.6023,0,1.0,0,0.7922,0,1.0
'tea Party'--a scattered group of American patriots who believe in fair taxation and smaller Gov't.--what is it you people don't get.,0,0.6787,1,0.6689,0,1.0,0,0.83,0,0.6914
pretty jewish of you,1,0.9213,1,0.5909,1,0.563,1,0.6006,0,0.7296
"Okay Mambo, the Romans are guilty of genocide against the Celts in northern Britain. Where's my UN rep, I want to complain.",0,0.6024,1,0.5888,0,0.6034,0,0.8078,1,1.0
"Let me make it easy Ericka. Have you ever heard, or can you imagine, a Canadian psycho stalking in the fashion you do -- logging obsessively into a foreign paper just for purposes of telling the locals how much they suck?",1,0.5898,1,0.5898,0,0.6263,0,0.6,1,0.5898
You better check the frantic kooks at the manning conference and the polls shoopster. Your tea party wannabes are going to lose. The mainstream is rising from its media induced slumber.,1,0.7902,1,0.6049,0,0.6,0,0.6,0,1.0
John Ibbitosn will be so excited and happy that you used the nonsense term he coined'Laurentian elites'.,0,0.7859,1,0.6206,0,0.5842,0,1.0,0,0.7952
"OK George, you can pay mine, but of course your probably already living off the system, can't get blood out of a stone.",0,0.8166,1,0.5914,0,0.8166,0,0.6069,1,0.5821
Sir John's comment is about as empty as a container of Cuban cigars is it not? Unless of course there is a slippery under the table deal of appeasement.,0,1.0,1,0.6148,0,0.6035,0,1.0,0,0.5905
An actually insightful article on the Globe and Mail. What will they think of next?,0,1.0,1,0.6145,0,1.0,0,1.0,1,0.8137
"If you are cycling on the sidewalk, you believe that a car/ bicycle accident is the cyclist's fault? Are you crazy?",0,0.6237,1,0.5732,1,0.5732,0,0.8031,0,0.6237
"France is the world's 4th-largest exporter of arms, behind China and ahead of the UK. Why You might be more comfortable reading and commenting on the Sun.",1,0.5813,1,0.5813,0,0.8023,0,0.8239,0,0.8023
Prove it and present your evidence to any Crown office in the country and watch the fur fly. You can't prove it and you don't have any idea how the justice system works.,1,0.5925,1,0.616,0,0.5951,0,0.5951,0,1.0
What childish nonsense you spout.,1,0.7767,1,0.5814,1,0.5814,1,0.5907,0,0.5907
"No, that would be David Thompson. Surprised? If my dad left me $25 billion I doubt I'd have a clue about the general public either, those damn moochers.",0,0.5926,1,0.6044,1,0.6044,0,0.7844,0,0.5926
"It's' the economy, stupid. Fewer tourists means fewer dollars for Canadian economy",1,0.5931,1,0.7926,0,0.8006,1,1.0,0,0.8104
"quiet honey, the men are talking",0,0.6592,1,1.0,0,0.6592,0,0.8601,0,0.8095
"Why, of course. How could I have been so stupid! They simply take 2.5% away from all the teachers and then give it back. Thanks for clearing that up, Friggate! Now, back to summer vacation, you!",0,0.6068,1,0.8109,0,0.5987,0,0.8031,1,0.8031
"Dude, this is just a math problem lol. Literally 7800. Did it under 10 seconds. Do you not learn math in school anymore? Is this why the millennials are complaining life is so hard? Let me guess, math was racist so it got replaced with gender studies?",0,0.5155,1,0.9121,0,0.5976,0,0.6033,0,0.5511
"You are certainly showing your youth. Obviously, you know little of our history. A word of advice. Don't blindly follow anyone and hold all to account... even the ones you have a crush on.",0,0.6171,1,0.5649,0,1.0,0,1.0,0,0.8115
Money doesn't buy back ecosystems destroyed by oil spills. Do your homework. Over 80 spills have been recorded in association with Trans-Canada. Pipelines leak oil. $1 per barrel won't change that.,0,0.8706,1,0.8626,0,0.7251,0,0.8706,0,0.8706
"Truth hurts. Even liberal hacks know how hypocritical this is.You can afford your TWO nannies Justin, damn well pay for them yourself.",1,0.8073,1,1.0,1,0.7909,0,0.5838,0,0.6089
I'm sure if water levels rise 2mm per year there'll be guys like Mark who will find a way not being able to adapt and will drown.,0,0.8003,1,0.6231,0,1.0,0,0.8003,1,0.6136
"Your calculations are suspect, less talking, more sweeping!",0,0.6064,1,1.0,0,0.6008,0,0.8123,0,0.8123
"Where is death to Harper mentioned Lazy Beaver 1's chatter ? Death may only be in your ability to read and to reason. Not disgusting, just pathetic.",0,0.5932,1,0.792,1,0.5973,0,1.0,0,1.0
A wee bit over-sensitive Joe?,0,0.5854,1,0.6062,0,1.0,0,0.6016,0,0.7948
"You should try using punctuation. It makes you appear a bit smarter, even when you make a claim that no one can substantiate.",0,0.6959,1,0.7552,0,0.6927,0,0.7738,0,0.9213
How about answering the question asked rather than throwing up a smokescreen?,0,0.6581,1,0.6696,0,0.6751,1,0.5095,0,0.8352
You're job's safe. Folks will always want cheeseburgers and fries.,0,0.5931,1,0.5976,0,0.5931,0,0.5931,1,1.0
what bad weed are you on ?,1,0.5957,1,0.5957,1,1.0,1,0.7975,1,0.8
"Good for Ms. Wente!! Resurrecting the theory of social policy according to Genes!!'Eugenics,' of course, is what led mid 20th century doctors to sterilize inferiors...",0,0.6042,1,0.5783,0,0.7991,0,0.8051,1,0.5783
"The kid had a knife. The cop wet his pants and shot him to death. For this, we pay Toronto cops 100k a year. Now THAT'S value for money.",0,0.6145,1,0.5901,0,0.7926,1,0.5901,1,0.5901
"Ad hominem arguments are poor substitutes for facts, but that is what Mark does. What J4All does is soil himself publicly.",1,0.8077,1,0.6135,0,0.5989,1,0.6135,0,1.0
And you call the Wynne regime good government. Give your head a real good shake.!,0,0.8185,1,0.7749,0,0.635,0,0.8185,1,0.6028
"Margaret, it's not because you're a senior. It's because of your bigoted stance on transgender children.",1,0.7903,1,0.5723,1,0.7903,0,0.6174,0,1.0
Stay on topic and 86 the loser 'tar sands' rhetoric. The developemnt of the 'oil' sands is economically better for ALL Canadians.,0,0.606,1,0.6004,1,0.6004,0,0.606,0,0.606
"Work Farce, you've spent far too much time in the Republican echo chamber. Come out into the daylight and breathe the fresh air out here.",0,0.6064,1,0.6078,0,0.8007,1,0.6078,0,0.8007
So long as they take care to acknowledge the connections and pre-commitments of all their other commentators... or do you only want labels on the people you disagree with?,1,0.6135,1,0.6135,0,0.8068,0,1.0,0,1.0
"Very first sentence: 'A few days ago I was on the Golan Heights, gazing across into Syria.'=======No, airhead, if you were on the Golan Heights, you were already in Syria.",0,0.5978,1,0.5971,1,0.5971,0,0.5978,0,0.6151
He just didn't quite finish puberty yet.,1,0.7956,1,0.8119,0,0.8024,1,0.5769,0,0.6045
Your post assumes that 'Blacks' are only charged and convicted for fire-arm related offenses. You know nothing. #FACT,0,0.6109,1,0.5857,0,0.61,0,1.0,0,0.8033
work on your debating skills,1,0.5818,1,0.7879999999999999,1,0.5961,0,0.6255,0,1.0
"Gretz, please stick to running a failing hockey team.",0,0.6035,1,0.7921,1,0.6044,0,0.8076,0,0.6152
"As usual, George Victor 1 makes no sense at all. More grist for the Conservative mill? More inane blather from George Victor 1.",1,0.6166,1,0.6166,0,0.5916,0,1.0,0,0.6166
Wow Joe Dick. You are just not very smart. You do realize your entire posting history is available for all to see. Typical Harper Conservative - doesn't understand that lies will be uncovered.,1,1.0,1,0.8046,1,0.8046,0,0.5894,0,0.8046
"Margaret Wente, the 98 pound moronWhat does it take to write articles for the G&M? Two 'A's in Grade 6?",1,0.8463,1,0.721,0,0.5689,1,0.7235,1,0.7235
Oh yes let’s cut all social security pensions and healthcare payments and let people starve to death,1,0.5577,1,0.635,0,0.517,0,0.5258,1,1.0
Shame? Harper and his minions don't even understand the concept.,0,0.7852,1,0.6035,0,0.5818,0,1.0,0,0.7852
"Mel, why would we support the winner of a high school popularity contest? And BTW, you need to get better friends.",1,0.6,1,1.0,1,0.7969,0,0.7986,0,0.6062
Where pray tell are we bailing out banks in Canada? Repeating the same BS over and over doesn't make it so. There has been no Canadian bank bailout.,1,0.5904,1,0.5904,1,0.5904,0,0.7925,0,0.7925
"You've learned your lines well. All on the left is good, all on the right is bad. Todays ""thinking"" liberal.",0,0.5953,1,0.5799,0,0.8071,0,0.5953,0,0.6319
"After you finish with your tantrum and come back down to earth, the reality remains. Norway has something approaching $1trillion. Last time I checked, Alberta has a palty $17billion.",0,0.6219,1,0.5721,1,0.5721,0,0.6219,1,0.5721
"If wittle Wobbie doesn't like the nasty weporters, he could do the wight thing and wesign. Poo Wobbie Boo Boo.",1,0.5834,1,0.5834,1,0.5834,0,0.8109,1,0.5834
"SOmetimes, being a Liberal supporter means you never have to say you're sorry.",0,1.0,1,0.5975,0,1.0,0,1.0,0,0.8075
You still have choice Retiree. Your posts are getting tiring...,1,0.5820000000000001,1,0.7782,1,0.8038,0,0.6108,0,0.795
Let me guess: M.W. ?Elizabeth is a gem among the Globe columnists.,0,0.6838,1,0.6366,0,0.5261,0,0.5211,1,0.8423
This guy never signed up for Econ 101 in college...,0,0.5629,1,0.8875,0,0.6001,0,0.8412,1,0.6452
harper made something better? thank you for my laugh of the day.,1,0.5929,1,0.8175,1,0.8175,0,0.8135,1,0.7754
Try making paragraphs. It is very difficult to read without.,0,0.8128,1,0.6004,0,0.6088,0,0.8128,0,0.8128
"Ah Preston, don't you regret your attempts to manipulate the party system first through Wild Rose then by trying to subvert Wild Rose? The bitterness must be eating away at your soul, if you had one.",1,0.6001,1,0.6001,0,0.5920000000000001,0,0.6023,0,0.6054
'criminal'?Someone needs a dictionary.,0,0.8175,1,0.8167,0,0.6185,0,0.6342,1,0.7816
"Bob Beal Nonsense, and you should not say such things.+++++++++++++++++++++++++++Actually, its utterly true and historically correct - they also engaged in taking slaves. Do some reading...",0,0.5996,1,0.8044,1,0.5996,0,0.7953,0,0.7953
"Fairest, I'm looking forward to a post from you that contains a single fact. Facts are verifiable statements that typically contain numbers and sources that one can check. I'm sure you can do it! Just one fact - go for it!",0,0.7886,1,0.6079,0,0.7915,0,0.5801,1,0.6079
"A 30 billion dollar deficit will take several decades to pay off. And this is just his first year in power. You are either sarcastic, or profoundly uninformed.",0,0.6067,1,0.61,0,0.6067,0,0.7984,0,0.8065
Must be kinda cool to write your own history. Kinda sad if you actually believe it though.,0,0.6029,1,0.6156,1,0.595,0,0.7954,1,0.595
"you know being a lawyer isn't just working in a courtroom? we draft depositions and tribunal guidelines and interview clients and witnesses, research cases and manage and train newcomers... I mean, I know TV is not a good indication of the world outside the basement",0,0.7546,1,0.5336,0,0.8354,0,0.8746,0,0.6744
"Robert, those were the only 'facts' in your whole post.",0,1.0,1,0.6114,0,0.7992,0,0.7876,0,0.6114
"George Smitherman WOW! The king of sleeze! Orange air ambulance scandal, Windmills, McGuinty, s henchman in crime and scandal. Hope The Lieberals pick him , he has all their qualities as a candidate.",1,0.8025,1,0.6035,0,0.8025,1,0.5973,1,0.5973
"Yes, we can learn a lot from the ferry sinking and that spoiled airline exec who made the plane turn back because the peanuts were in a plastic bag.",0,0.6191,1,0.5701,0,0.8004,0,0.8187,0,0.8004
CC Are you losing it? This article is written by two men. Notley (I assume Rachel) isn't even mentioned in this article.,1,0.7566,1,0.7566,1,0.7566,0,0.7641,0,0.7566
Obviously they are not smart!,0,0.6162,1,0.5936,0,0.8135,0,0.8027,0,0.6162
'''...anti-choice...'''Get a vocabulary.,0,0.597,1,0.6139,0,0.597,1,0.5983,0,0.597
"Go back and read the third paragraph, assuming you read the entire opinion in the first place,",0,0.7411,1,0.7781,0,0.7411,0,1.0,0,0.7781
Of course. It's not annti-Harper therefor you think it should not be printed.,0,0.5921,1,0.6161,0,0.5921,0,0.8098,0,1.0
"No, they 'oughtn't', LesCaine - can you talk to Harper about that, because he's supposed to be a good Christian boy, but isn't.",0,0.623,1,0.5775,0,0.8146,0,0.8146,1,0.5964
PS. And this guy wants me to vote for him? He must be mad!,0,0.5838,1,0.8063,1,0.6089,0,0.5838,0,0.6099
"We've all been young and inexperienced at some point, but ignorant sticks with you for life. Consider Jim Prentice's last, fatal comment before the curtain rose on The Great and Powerful Oz.",0,0.6137,1,0.5838,0,0.6137,0,1.0,0,0.6099
"The media is about infotainment not reality and facts. All media is owned by six companies with their own agendas of propaganda. If you want facts, look elsewhere.",0,1.0,1,0.7987,0,0.6052,0,1.0,0,0.8056
"Judging from your post, and as a very experienced reader of first-year undergraduate essays, I don't believe you have a single degree, let alone three of them.",0,0.8236,1,0.5748,0,1.0,0,0.8236,0,1.0
Palestinians wanting peace? That's like ISIS wanting peace. Their resistance is in the toilet. Just look at their surroundings and what their resistance has achieved. Rubble and squalor.,0,0.7075,1,0.573,0,0.5573,0,0.8667,0,0.7165
You obviously don't actually know any real liberals.,0,0.5596,1,0.8066,1,0.6482,0,0.7656,0,0.8423
"lWell ... we cant help stupid can we ? So we should create more laws , so we can put put more people in jail so people like you feel secure in their smugness ..... and the carnage on our highways will continue .....",1,0.7891,1,0.6094,0,0.7906,1,0.5875,1,1.0
"NEBIES, You admit Harper is toast at least... bye bye broom closet coward.",1,1.0,1,0.7921,0,0.6063,1,0.5921,0,0.6031
"I must practice some restraint and not read the comments. I only come away feeling frustrated and dismayed. For such a small population, we have such a lot of ignorance.",0,0.6059,1,0.6103,0,0.6106,0,1.0,0,0.8021
"Can you read? He named three people: Bradlee, Clinton, Lewinsky. What do they have in common? None of them are Canadian. All are American. You really don't have a culture of your own.",0,0.7959,1,0.5874,0,0.5987,0,0.7959,0,1.0
You're going to give the provincial liberals a free pass? It's all Harper's fault? You can't be serious?... What a joke.,0,0.7998,1,0.792,1,0.5842,0,0.7922,0,0.792
"Just goes to show, smoking pot all the time, makes you delusional.",0,0.606,1,0.5911,1,0.5911,0,0.606,0,0.606
Is your head in the sand? Perhaps the British weather service is reporting that global warming is a myth but all the other scientific evidence is supporting a more accelerated global warming than even anticipated. Biased? I think so!,1,0.5916,1,0.8181,0,0.6204,1,0.5805,0,0.6074
Perhaps you need to enlighten all the cretins....you know just speak to them as like minded....,0,0.6191,1,0.5701,0,0.8004,0,0.6191,0,0.8004
Get real!!!,0,0.6065,1,0.5834,0,1.0,0,0.8244,0,0.5713
that's where you're wrong kiddo,1,0.5925,1,0.5925,1,0.5925,0,0.6118,0,0.8205
lazy polarizing rants on either side of an issue don't help -- do they?,0,1.0,1,0.6187,0,0.7892,0,1.0,0,0.5923
Herd/group immunity. Costs to society. Deaths of real people. Look it up and learn something.,0,0.6104,1,0.597,0,0.7926,0,0.8133,0,1.0
Totally irresponsible journalism. Relying on ONE example to support an idiotic thesis. Do I detect bitterness at the author not having tried hard enough in life?,0,0.7963,1,0.7948,0,0.5956,0,0.6064,0,0.7995
"How simplistic -- of course they don't accomplish what they promise, the world has a way of interfering. It was ever thus. What planet do you live on?",0,0.6033,1,0.5979,0,0.7934,0,0.7934,0,0.6011
"Lee, you don't write like you have a Ph.D.",0,0.8174,1,0.5818,0,0.6055,0,1.0,1,0.5818
"Not sad, Pat. Pathetic.",0,0.6031,1,0.5941,0,0.6031,0,0.7931,0,0.8101
"So you're talking about Greenland and Antarctica, as well as ""the study area"". What about the rest of the world? Or doesn't it fit your hypothesis?",0,0.6768,1,0.6729,0,0.8478,0,0.6768,0,0.6895
"The same brain dead liberals in this comments section that voted for Trudeau federally and for Wynne in Ontario are now saying don't vote for Trump. OK, got you.",0,0.5885,1,0.6062,0,0.8101,0,1.0,0,0.5885
Did you get the knives arranged to your satisfaction son?,1,0.6085,1,1.0,0,0.6018,0,0.6018,1,1.0
"So, you're fine with stripping away the rights of 6,000 Canadian citizens. Good to know.",1,0.8104,1,0.5748,1,0.5748,0,0.5748,1,0.6014
"no sweetheart, they're going to slowly buy up everything you own, settle your lands and put you to work in factories and you'll be cheering them on",0,0.5886,1,0.8438,0,0.7159,0,0.6359,1,0.7182
yeah yeah yeah....boring.,0,0.7911,1,0.6089,1,0.6089,0,1.0,0,0.7911
Ugh. That is one detestable comment. Back under your rock.,0,0.5986,1,0.6032,0,0.5986,0,0.8058,0,0.7983
Oh! It was the Finns that were rioting. Please.,1,0.5789,1,0.5789,0,0.8022,0,1.0,1,0.5789
You can guarantee that intellectuals always get it wrong.,0,0.6138,1,0.8052,0,0.7922,0,0.8217,0,0.7875
"Hmmm... based on recent events, I wouldn't be too public about your love of birds, Margaret. I seem to remember a group of amateur ornithologists got themselves on the Harper Government audit list for being a bit too forward about their interests.",0,0.5548,1,0.6266,0,0.5548,0,0.7774,0,0.5548
Pure drivel. But keep believing yourself!,1,0.7585,1,1.0,1,0.7585,1,0.7585,1,0.7585
Leave it to ideologues like nomad to always see constructive criticism of Rob Ford as gratuitous negativity.,0,0.6,1,0.6022,0,0.5956,0,0.7978,0,0.5820000000000001
If you knew the area you may well have second thoughts.,0,1.0,1,0.6308,0,0.6104,0,1.0,0,1.0
'A trigger warning I can support: the one involving middle-aged white guys' - Middle-aged white womanThe irony is not lost on us.,0,0.6318,1,0.5798,1,0.5798,0,0.6318,0,0.7884
thelorax - your link doesn't make sense. It's about domestic violence - totally different topic.,0,0.8117,1,0.6083,0,0.6033,0,0.8117,0,1.0
Think about what you just posted please!,1,0.5913,1,0.5913,0,0.6056,0,0.6056,0,0.6056
"Because there are still some journalists left in the world........ unfortunately, they don't live in Canada.",0,0.7951,1,0.5883,0,0.7951,0,1.0,1,0.5933
"I don't think you understand how percentages, odds, or political analysis works.",0,0.6890000000000001,1,1.0,1,0.8156,0,0.6890000000000001,0,0.5194
"... because we have a cowardly Prime Minister, plain and simple !!!",0,1.0,1,0.8074,0,0.6086,0,0.7889,0,1.0
You cant make big screen tvs from birch bark,0,1.0,1,0.6007,0,1.0,0,1.0,0,0.6131
"Trump is a blowhard, a bigot, and a liar of epic proportion, and that is why he appeals to the intellectually slow.",1,0.5879,1,0.5879,0,0.7887,0,0.6037,0,1.0
"You're right. We should go full Orwellian. Great idea. Let's start with 24 hours cameras on YOU. Let's see what we can get you on. I think, at least speeding. And you probably swear once in a while too.",0,0.5776,1,0.5671,1,0.5671,0,0.5857,1,0.5856
The only one with a disability is you.,1,0.5909,1,0.5847,0,0.8035,1,0.5909,0,0.8011
"Well, if you really have a problem with this payment that was entirely within Treasury Board policy, it's the responsibility of the President of the Treasury Board. Go ahead and have at him.",0,0.5832,1,0.6294,0,0.7971,0,0.5832,0,0.7971
"Mor0nic post, Robert 320.",1,0.8437,1,0.5288,1,0.7671,1,0.7565,0,1.0
So you troll your discontent with the 'system' on a night and a commentary board when people across the country are lamenting the end of a cultural entity? Grow up.,1,0.8140000000000001,1,0.6104,0,0.5951,1,0.6084,0,1.0
"Sure, when reasonable arguments fail, always attack the person - and get your facts wrong.",0,0.6155,1,0.5641,1,0.5641,0,0.8062,1,0.6042
"Yep, those child labourers must be hard to get rid of....and they grow up so fast too.",0,0.664,1,0.6601,0,0.5025,0,0.664,1,0.8458
Nice fantasy will you be self publishing it on Kindle?,0,0.8033,1,0.7903,0,0.8033,0,0.8033,1,1.0
"aren't you a clever man!! not a gold star though, maybe a red star.",1,0.5984,1,0.5984,0,0.8063,0,0.8047,1,0.7921
"God you're pathetic, Globe and Mail.",1,0.7991,1,0.5964,1,0.5964,1,0.7991,0,1.0
..... better than you giving yourself a thumb up...LOL,0,0.7954,1,0.8047,0,0.597,0,1.0,0,0.597
Just us suckers boz.,0,0.5986,0,0.8048,1,0.5998,0,0.8048,1,0.8048
Where does it say in the article that 40% goes to solar? Your entire comment is nonsense and indicates someone who has no real clue of how the energy file in Ontariowe is set up.,0,0.5986,0,0.5986,1,0.6022,0,0.7929999999999999,0,1.0
"'I wonder if trump supporters realize' Reality is irrelevant to trump supporters, that, would require a functioning intellect.",0,0.5974,0,0.5974,1,0.625,0,0.7961,1,0.625
Skyofblue....do some reading.,0,0.6114,1,1.0,1,0.7941,0,0.8069,0,0.8051
DJay. How does one merge a Liberal (Capitalist) Party with an NDP (Socialist) Party. Good luck with that.,0,0.8001,0,0.5849,1,0.5991,0,1.0,0,0.6123
"Because it drives you crazy, old lady. Toodooloo....",1,0.7965,1,1.0,1,0.7965,1,0.5968,0,0.5870000000000001
A waste of ink and bandwidth.,1,0.5820000000000001,1,0.6055,1,0.6169,0,0.6133,0,0.6133
who cares,0,0.6363,1,0.5606,1,0.7982,0,0.6024,0,0.8043
So you're with the child pornographers?,1,0.8073,1,1.0,1,0.6089,1,0.8073,0,0.6002
"Tell us how you really feel....oh so predictable, your bias comes through as usual.",0,0.6156,0,0.5977,1,0.6009,0,0.8029999999999999,0,0.6156
Is anyone surprised? There can't possibly be anyone still surprised by these fricken clown's antics.,0,0.5034,1,0.6644,1,0.5101,1,0.6644,0,0.8254
for the young puppies of the left who do not know ED BROADBENT was leader of the NDP he never won a federal election so what does it matter what he thinks,0,0.5931,1,0.7948,1,0.604,0,0.8046,0,0.604
Liberal parasite.,1,0.8069,0,0.6035,1,0.7959999999999999,1,0.8069,0,1.0
' Equity ' ?Merely the equality industry at work. Next ...,0,1.0,0,0.7974,1,0.6141,0,1.0,0,1.0
You can really trust Wynne and Marois with money. Right.,0,0.6044,1,0.5984,1,0.6019,0,0.6044,1,1.0
Who cares!!!!,0,0.6208,0,0.6208,1,0.5784,1,0.5784,0,1.0
Here we go again! Another article not well thought out.,0,0.5991,0,0.5991,1,0.5814,0,0.5991,0,0.792
"If someone walks out in the wrong spot and a driver is speeding, they are both at fault. This isn't rocket science.",0,0.785,0,0.5962,1,0.6142,0,1.0,0,0.5893
"Very good comment John, even if it requires fleshing out, so to speak, for the many commenters who don't understand the vacuous nature of disposable sex.",0,0.6094,0,0.8144,1,0.5916,0,0.6134,0,0.8144
"by your tone, you would likely support child porn, legalizing heroine and meth if the tax dollars were your only concern.",1,1.0,1,1.0,1,0.6163,1,1.0,0,0.5933
There is as much proof of a Flying Spaghetti Monster as there is of any other god.,0,0.5943,0,0.5943,1,0.6214,0,0.7905,0,0.7905
"Knowing what a man of his word our Peter has proven to be, what makes you think that the Grits would touch him with a barge pole?",0,0.5973,1,0.8101,1,0.8101,1,0.5984,1,0.8043
You got that backwards.,0,0.794,1,0.613,1,0.8146,0,1.0,0,0.794
Do you want the OILSANDS shut down??? typical left wing stupid comments!!!,1,1.0,1,0.9219,1,0.9592,1,0.8787,0,1.0
Two equally offensive posts.,0,0.8153,0,0.7965,1,0.6106,0,1.0,0,0.7997
"as an Anglo who recently moved back to Montreal after decades abroad, I say of course: Nonsense.",0,0.8124,0,0.8124,1,0.5745,0,1.0,0,1.0
Your home owners grant was implemented to cover school taxes. AND your parents did a p.poor job of giving you critical thinking skills.,1,1.0,1,1.0,1,0.8122,1,0.5947,0,1.0
Sorry. I don't listen to crackpot ideas.,1,0.5924,1,0.5924,1,0.7998,1,0.5924,0,1.0
"Umm, no you're not. You're not the victim here so don't try to play one. You only need to feel guilty if/when you (implicitly or explicitly) contribute to racism, bigotry or oppression. Do you?",1,0.5839,1,0.5839,1,0.5839,0,0.6134,0,1.0
"No, he is an example of untreated alcoholism and addiction spiralling out of control. Any semblance of functioning long gone",0,0.6063,1,0.5868,1,0.5868,0,0.8128,0,1.0
"Nonsense. Give your examples, if you have them.",1,0.5832,1,1.0,1,1.0,0,0.8177,0,1.0
No...It's not like you contribute anything....,1,0.5966,1,1.0,1,0.7914,0,0.6013,0,1.0
What your weird hypothetical has to do with this election is a mystery.,1,0.5838,1,0.5838,1,0.5838,0,0.5699,0,0.7156
What does this have to do with Murray 115s suggestion?,0,1.0,0,0.7887,1,0.5981,0,1.0,0,0.7887
"Tim Andrew another left-wing, pinko, commie, union hack? I guess you must be somewhere well right of Attila the Hun.",1,0.5737,0,0.6145,1,0.6024,0,0.6248,0,0.5961
What a hypocritical editorial!,0,0.6799,1,0.8472,1,0.6707,0,0.5192,0,1.0
...And his generation is out of touch with reality. They should all grow up.,1,0.6701,1,0.8407,1,0.6701,0,0.5049,0,0.8468
Dude how many times you going to post the same thing over and over. Nobody is biting....troll.,1,0.7868,0,0.6034,1,0.5751,1,0.5751,0,1.0
"Clod. Stop with the hysterics. Harris didn't cause Walkerton, he was weakly found to be a contributing factor.",0,1.0,0,0.8161,1,0.5863,0,0.8044,0,0.8044
"How do you know that there was a medieval global warming. Did you personally experience it? Oh, scientists told you about it and you believe them. The same scientists who you disbelief when they talk about global warming.",1,0.5014,1,0.6708,1,0.6682,0,0.8251,1,0.8401
"It was a very good article until the last sentence, which I thought stupid.",1,0.6225,1,0.619,1,0.619,1,0.6225,0,0.8061
Hey pablum a lot of thought in your post wow,0,0.6027,1,0.5766,1,0.5766,0,0.6027,1,0.5766
Apparently you are not well educated on what is going on in Canada and what exactly Kenney has done BESIDES NOTHING to stop it!,0,0.6028,1,0.8185,1,0.5787,0,0.7996,0,0.7996
"Thanks for the belly laugh, festina!",0,0.6032,1,0.5959,1,0.5959,0,0.6032,0,0.5966
Me thinks you are joking and just wanting responses,0,0.6097,1,0.6065,1,0.6065,0,0.6097,0,0.7839
"Well I guess this badly written comment with two grammatical errors is a clear demonstration of your view. But those of us who did pick up a thing or two about grammar and word use will focus on your error rather than your point, what ever it was.",0,0.5889,0,0.5909,1,0.8101,0,0.7957,0,0.5883
Maybe you should do restaurant reviews Doug. It would give more elbow room for your imperious journalism.,1,0.8029999999999999,1,1.0,1,0.5981,1,0.6174,1,0.8145
Who cares that hack is slim? A slim hack is still a hack.,0,0.7959999999999999,0,0.7959999999999999,1,0.5896,0,0.7959999999999999,0,0.7959999999999999
"No, that's the price for a legal system that comes as close to meting out justice as any system yet devised by humankind. Get over it. In fact, be damn grateful for it.",0,0.8164,1,0.586,1,0.586,0,0.6293,0,1.0
They're coming? Why didn't someone tell me sooner? I would have made a nice bundt cake if I had known company was coming. Thanks for confirming you let your fears and prejudices dictate your actions.,0,0.596,1,0.6138,1,0.6138,0,0.596,1,0.8069
What a waste of time this guy is...very inexperienced in he needs a reality check..,1,0.591,1,0.5902,1,0.5169,0,0.5684,0,0.8387
"Another ""reach"" Jack? or should that be retch.",0,0.5887,0,0.5844,1,0.6069,0,0.78,0,0.7913
Please tell us that you don't teach our children!,1,0.7963,1,1.0,1,0.6031,0,0.8024,0,1.0
It is other way around. Your hatred of Harper appears to be genetically programmed. What has he done to you ?,0,0.5904,1,0.6146,1,0.6146,0,0.8017,0,0.795
What makes you an expert on using natural gas fired turbines for electrical generation? Have you ever designed or built one? Or are you just being your typical blowhard?,1,0.8073,1,0.8073,1,0.8073,1,0.6137,0,0.8026
"Sorry, By resorting to 'Reductio ad Hitlerum' your opinion is rendered irrelevant.",1,0.8367,1,0.8367,1,0.8367,0,0.5127,0,0.6805
"Women are just as idiotic, particularly when young. They're just idiotic over different things. God knows they're idiotic enough about men.",1,1.0,1,0.7947,1,0.7947,1,0.7947,0,0.8061
"What an ugly, purposely-demeaning term, ""anchor babies"". It seems ONLY to be applied to brown-skinned babies. Such prejudice is not something of which to be proud. 'Sounds idiotic to me.'",0,0.6005,0,0.8022,1,0.5861,0,1.0,0,1.0
"Are you calling for that mystical figure, the ""science reporter."" Good luck.",0,0.7845,0,0.5714,1,0.6225,0,0.7845,1,0.6225
"The Work Farce - Honest, compassionate Canadians need to support Bernie Sanders. Why - do we get to vote in the US presidential election?",0,0.7867,0,0.5897,1,0.5976,0,1.0,1,0.8127
I guess for you Scotty the Cold War never ended.,1,0.6104,1,0.7878,1,0.6124,0,0.6071,0,0.5649
"Rather a silly remark there, watchlist.",1,0.7986,1,0.8065,1,0.8065,0,0.8065,0,0.6051
You haven't been around long enough to know who I am.I've been posting here for years. try reading about something other than Trump. .,1,0.6095,0,0.6074,1,0.6095,0,0.6074,1,0.6095
You sort of contradicted yourself in your last sentence. And professional women don't need subsidized daycare. Next.,0,1.0,0,0.5905,1,1.0,0,1.0,0,1.0
Nonsense. All public money was private money coming from people with various moral beliefs. When it comes to killing people I support the right of opting out.,0,1.0,0,0.8249,1,0.6922,0,1.0,0,0.8249
Mr. Walllace please check your false assumptions.,0,0.8906,1,0.8524,1,0.8129,0,0.9278,0,0.962
You poor sensitive soul. Perhaps you should confine yourself to a 'safe space'.,0,0.6263,1,0.5898,1,0.5898,0,0.6263,1,0.5898
Unfortunately the elites will survive just fine. It will the people who will suffer because the elites will make sure their oxen are not gored.,0,0.6679999999999999,0,0.6679999999999999,1,0.5098,0,0.6679999999999999,0,0.6741
"As if you would know, Cabo.",0,0.6245,1,1.0,1,0.6007,0,0.8132,0,0.8113
"No, just Diversity. It's all he thinks about: Diversity, Diversity, Diversity, the answer to everything.",0,0.8001,0,0.6083,1,0.6066,0,1.0,0,0.6083
uninformed post..,0,0.7896,1,0.7893,1,0.6161,0,0.7896,0,1.0
wdf are you talking about here ???an unsecured train rolled down and caused a horrible accident. Our prayers are with those who suffered. Legal matters will follow. No time for partisan crap on this oneYou wanna play 'KICK THE DOG'....get a dog,1,0.7936,0,0.606,1,0.5965,1,0.5911,0,0.606
You can't help it if you're ignorant of the law and one's legal rights - you're just one of the mob and need it to think for you.,1,0.6016,1,1.0,1,0.6101,1,0.5913,0,0.8115
Off topic.,0,1.0,0,1.0,1,0.7931,0,1.0,0,1.0
"Ah, so it is only symbolic then ? ... how about the whole religion and all (man-made) religions are symbolic (i.e. created by man to suit his spiritual needs).",0,0.6022,0,0.6022,1,0.5948,0,0.6022,1,0.5963
@D*pey2012Dolton bailed out the Teachers Pension Fund back in 2006 to the Tune of $400 Million Dollars. Try to pull your head out of a dark place before putting up bs!Pffft.,1,1.0,1,0.7842,1,1.0,1,0.6129,0,0.5865
you are certifiably a nut job with that comment.,0,0.6115,0,0.5876,1,0.5942,1,0.5942,0,0.6124
It's like the Liberals just made a payment to the mafia. Welcome to the Wynne-Trudeau Canada. What fools we are in this country :(,0,0.5982,1,0.5992,1,0.5992,0,0.7909,1,0.5972
These comments show that you must be ailed by Harper Derangement Syndrome to rad the G&M.,1,0.6127,1,0.6206,1,0.6206,0,0.8044,1,0.5829
You're not being tolerant by tolerating medieval practices G@M. When will you get this through your head?,0,0.6104,1,0.5979,1,0.5979,0,0.6104,0,1.0
You watch too much Cee Bee Cee.,0,0.8038,0,0.6112,1,0.7984,0,0.8038,0,0.8074
"Hey 'der Bingle' I see you are doing 'truthbender' on other posts.. put one here to support your post, and then give yourself an extra thumbs up!",0,0.6114,0,0.6114,1,0.5835,0,0.8069,1,0.5963
Ken Maynard you've got some issues with reality,0,0.6645,0,0.6645,1,0.6755,0,0.8306,0,0.9182
So what can we take from this article? Perhaps nothing.,0,1.0,0,0.5846,1,0.6106,0,1.0,0,0.7954
"So, with reference to this article, your point would be?Hugely, hugely ironic post.",0,0.7922,0,0.597,1,0.6001,0,1.0,0,0.8048
I just read the above. I am a scientist and this post is just total rubbish from an uneducated neocon moron.,1,0.6052,1,0.6052,1,0.6052,1,0.6052,0,0.7948
'once she is President' ?? Getting ahead of ourselves aren't we?,0,0.7293,1,0.5845,1,0.5845,0,0.8726,1,0.5845
This whole thing sounds like the basis of a Simpsons or South Park episode.,0,0.6138,0,0.6025,1,0.5858,0,0.8021,1,0.6007
"Then you haven't looked very hard, and shouldn't be commenting on the matter.",0,0.588,0,0.6095,1,0.6081,0,1.0,0,1.0
Who let you in? Do you know .Because you were not even born at that time .,0,0.6141,1,1.0,1,1.0,0,0.8066,1,0.6005
A simplistic hardened and vile response -,0,0.7902,0,0.7902,1,0.6251,0,1.0,0,1.0
"Why don't you tell that to the next firefighter, police officer or paramedic you see? Or do you just hide behind a keyboard?",1,0.6831,1,0.6831,1,0.502,0,0.6671,0,0.8322
A perfect redundancy of pandering tripe.,1,0.6104,0,0.59,1,0.612,0,0.6041,0,0.6167
Seeing as you keep saying its dirty and smelly and falling apart.....don't bother.,0,0.8028,0,0.8028,1,0.5874,0,1.0,0,1.0
sageantoine....if you believe hospital care is free... you are the one living in a fantasy. I gladly pay my taxes... i begrudge them being pissed away on foolish ideologically driven wastes of money such as carbon taxes etc.,0,0.5920000000000001,1,0.6022,1,0.6022,0,0.5920000000000001,0,0.8002
Some of us knew this only too well right from the start but we were branded racists and rednecks. What do you learn from that particular anecdote? (nothing I suspect in most cases),0,0.6044,0,0.6044,1,0.5853,0,0.7989,0,0.8055
It is not a law. It is called 'good manners'. That is often lacking in the newcomers.,0,0.8009999999999999,1,1.0,1,0.5908,0,1.0,0,0.8009999999999999
"In the 70's, girls wore tube tops and terry cloth short shorts and guys managed to graduate with good grades and no rape conviction.",0,0.8041,0,0.6023,1,0.5954,0,1.0,1,0.8009999999999999
Kris is doing Her auto repeat rants yet again... same day same old gullings...,1,0.7842,1,0.5869,1,0.5869,0,0.8075,0,1.0
Putin's useful idiots are out in full force today,0,0.6028,0,0.6035,1,0.5899,0,0.7962,0,0.7962
SHHHHHHHHHHH!!!!!!,0,0.5951,0,0.5951,1,0.6226,0,0.5856,0,1.0
50 years? It has been 65 years since the european invaders seized Palestine. Put an end to the Nakba and unite Palestine from the Jordan River to the Mediteranean Sea! Put and end to the zionist scourge!,1,0.6085,0,0.5858,1,0.609,1,0.6085,0,1.0
And if you read the article you'd see how your post is irrelevant and misleading.,0,0.6141,1,0.6,1,0.7859,0,0.8066,0,0.8075
This gets displayed?,0,0.8355,1,0.5029,1,0.8388,0,0.8355,0,0.6616
Yet another blogging boy who imagines his opinions are facts. They are not. (and you are right. Neither are mine. But at least I know it.),0,0.5932,1,0.7853,1,0.7853,0,0.589,1,0.6138
It was often like a pre-written play with the Conservatives reading from their prepared scripts. Complete contempt of the parliamentary process. Shameful!,1,0.6066,1,0.6066,1,0.6066,0,0.8004,0,0.8004
You are very ill-informed.,0,0.6079,1,0.8013,1,0.5949,0,0.8031,0,0.8048
"Moronic comment, Jimmie.",0,0.6125,1,0.8172,1,0.8172,1,0.6053,0,0.7966
"jesus, you are taking this very hard",0,0.6838,0,0.5261,1,0.6366,0,0.6838,0,0.8436
Layton? What 'things' are you talking about? And Clinton was never accused of rape. I see you take the Ford approach to facts.,0,0.8033,0,0.6001,1,0.5982,0,0.8033,0,0.7854
"Hey, now, crownline, the people who agree with the author of this comical tome obviously don't care about such details. Heck, they prefer the idea that the only cheating ever done comes from the right! Don't bother them.",1,0.8402,0,0.5101,1,0.6709999999999999,1,0.6742,0,0.6761
">> pursuing an international criminalSo you fell for that one, as well.",1,0.6241,1,0.6241,1,0.6241,0,1.0,0,0.8016
@Progressive111 You are making the other conbot trolls look bad with all your researchyish quotization of factoids.,1,0.5993,1,0.5993,1,0.5993,0,0.8045,0,0.604
"Oh Lyle, that comment must be snark.",0,0.7997,0,0.6001,1,0.611,0,1.0,0,0.7953
This author is no Chaucer or Erasmus. Yawn.,0,0.5903,1,0.6074,1,0.6172,0,0.7991,0,0.7893
Wrong. He is a shoo in. Mormons love cheap labor.,0,0.618,0,0.8213,1,0.5897,0,0.6136,0,0.8213
You're a fear-mongering idiot.,1,0.5955,0,0.6042,1,0.5868,1,0.5916,0,0.8086
No more taxes wrote - 'Probably because the muslims have so many temporary workers here now that they out number Canadians.'You're ignorance is stunning.,0,0.8039,0,0.6138,1,0.805,0,1.0,0,0.5812
Exactly. Who cares?,0,0.7971,1,0.5834,1,0.7819,0,0.7971,0,1.0
Cuba made out much better than Venezuela did. Venezuela is the poster boy for the resource curse.,0,0.5994,0,0.8103,1,0.6092,1,0.6092,0,0.6017
"Just leave and go on with your life dude, wtf",0,0.7085,0,0.6514,1,0.8555,0,0.9025,0,1.0
on the same grounds that you imagine they are not - i would study and research a little bit more if i were you,0,0.7981,1,0.608,1,0.608,0,0.7981,0,0.6086
More ignorant rubbish : Paul Martin has a fleet of bulk carriers. He does not have any ships suitable for transporting crude oil,0,0.6174,0,0.8211,1,0.5906,0,0.8211,0,0.8211
Wow the stupid meter registered that one as a 10! You win a free trip to a rubber room.,1,1.0,1,0.7833,1,0.7833,1,0.888,1,0.7743
"Pragmatic, 2008? Have you taken a hit from the JT bong?",0,0.5974,1,0.8097,1,0.6116,1,0.5929,0,0.8019
"ugh, put to rest that argument, it is so false. often people (well, me) will come to the site for the comments in response to articles and enjoy the knowledge that the sludge is not being ingested by everyone.",1,0.5858,1,0.5989,1,0.5989,1,0.5858,0,1.0
"@NEA2 - no one wants to hear from someone whose idea of a political discussion is to say ""he's dumb"".",0,0.8104,1,1.0,1,0.812,0,0.8104,0,1.0
"Progressive, there is no way in hll you are NDP! Unless it stands for No Democratic Principles.",1,0.8106,0,0.5914,1,0.5958,0,0.5914,1,0.6139
This guy is either unhinged or ex CIA.,1,0.8061,1,0.8061,1,0.5920000000000001,1,0.6,0,0.8075
Well I disagree with your premise that the world is not a nasty place. Need proof watch the news.,0,1.0,0,0.8016,1,0.5828,0,1.0,0,1.0
"Agreed, Thomas. Our friend benhone1 here is very likely some overexcited teen who doesn't know when too much is too much.",1,0.8096,1,0.7898,1,0.8063,1,0.5894,0,0.6043
Are you comparing Aboriginal children to those children with mental and physical challenges. I don't think so,1,0.6012,0,0.7938,1,0.6012,0,0.7938,0,1.0
Jack; the election was in May. You guy choked and blew it! Get over it.,0,0.6239,0,0.8163,1,0.5820000000000001,0,0.8077,0,1.0
"and the same goes for you, teacher-hater!",1,0.9582,0,0.7664,1,0.5212,1,0.6428,0,0.9603
your comment is so uninformed and has nothing to do with Venezuela. If you want to know the truth read my comment above and get informed.,0,0.6058,1,0.7879,1,0.5920000000000001,0,0.6058,0,1.0
"Your view is distorted by your politics, and by trying to get a job at McDonalds....",0,0.6102,1,0.7984,1,0.6015,0,0.6102,1,0.6084
Do you really expect people to read your book? Give us the Coles notes.,1,0.7138,1,0.5666,1,0.7138,0,0.5589,1,0.5695
He wouldn't have to outlaw common sense as you already have none,1,0.5702,1,0.7878,1,0.6124,0,0.6071,0,0.6071
RobL44- Please try again. this comment is gibberish.,0,0.7991,1,1.0,1,1.0,0,1.0,0,1.0
"My expectations of you were very low, Skyline, and you met them.",1,1.0,1,1.0,1,0.7505,1,0.7525,1,0.7505
"Nonsense, and that is all that needs be said about that.",0,1.0,0,0.7995,1,0.7877,0,0.8146,0,0.7995
??? What media has she been reading???,0,0.5916,1,0.8079999999999999,1,0.6082,0,0.7993,0,1.0
What an ignorant comment.,1,1.0,1,0.7552,1,1.0,1,1.0,0,1.0
Complete waste.,0,0.8077,1,0.5976,1,0.8024,0,0.8082,0,1.0
"Ah yes, this story is perfectly in tune with JT's infantile world.",0,0.8019,1,0.7922,1,0.5895,0,0.8019,0,1.0
"'Yet when Harper, RIGHTFULLY calls out the fraud of global warming, and refuses to play the Obama charade' Your post was generated by a scientifically illiterate gibberish machine, you should turn it off.",1,0.8069,1,1.0,1,0.7981,1,0.8069,0,0.5989
This is innocent. Good god. Get a life. It's locker room talk. What is the guy supposed to do. Forget he is in the locker room. I know he wasn't. But if people are making a thing out of this then they have too much time on their hands.,1,0.5959,1,0.7892,1,0.5959,1,0.7939,0,0.8035
You are such a sucker.,1,1.0,1,0.5655,1,0.585,1,1.0,0,0.8514
Really? Importing an American shop worn narrative into Canada to explain how this person 'forgot' where she was born? Really? Grow a few gray cells for heaven's sake.,1,0.7566,1,0.7566,1,0.7566,0,0.7641,0,1.0
"?""rookies"" I don't think so. And you might want to improve upon up on your lack of knowledge.. oh look and Justin smiles with another human being http://www.cbc.ca/news/politics/justin-trudeau-s-inner-circle-a-reflection-of-the-leader-1.2538082",1,0.8063,1,1.0,1,1.0,1,0.6137,1,0.5992
You missed the point of that statement entirely.,0,0.8033,0,0.6001,1,0.7854,0,0.8033,0,1.0
"Well KaelThas, good parents don't fight over their children. If you spent a fortune feeding some venal lawyer, you have only yourself to blame.",0,0.6182,0,0.6182,1,0.6,0,0.8,0,0.6182
You are not up to date. Anthroprogenic CO2 is net net good all around.,0,1.0,0,0.6729,1,0.514,0,1.0,0,1.0
"Right, just watch him destroy our country, sunny ways.........",0,1.0,0,1.0,1,0.8037,0,0.7916,0,1.0
could you perhaps clearly explain why it's a 'needless' layer? Or are you good with some shallow off the cuff Rovian nonsense?,1,0.5920000000000001,1,0.5920000000000001,1,0.5920000000000001,0,0.8066,0,0.5934
Time for Lewis to move to a communist if he likes it so much.,0,0.6066,0,0.614,1,0.586,0,0.8065,1,0.586
no one does that anymore. even I played with dolls more then trucks growing up. that was 40 years ago. get over it - socialization is not the problem.,0,1.0,0,0.7921,1,0.5898,0,1.0,0,0.6085
Silly comment. Canada is the envy of the world. That we have a voice that doesn't follow like a sheep scares you.,1,0.6079,0,0.7949,1,0.5972,0,0.5972,0,1.0
"What? And set a precedent for this government, Tabatha? Don't hold your breath, dear!",0,0.6038,1,0.5958,1,0.5958,0,1.0,1,0.7956
"Believe what you want, but you would be wrong.",0,0.6014,1,0.8026,1,0.8026,0,0.7945,0,1.0
Tom Flanagan needs to buzz off. Perhaps return to his US roots and take his destructive neocon ideas with him.,0,0.8188,0,0.8188,1,0.5956,0,0.6167,0,1.0
"A trivial incident like this, true or not, deserves prominence on the G&M website ?Any idea how many people are on the receiving end of rudeness or thoughtless remarks on a daily basis ?Get over it.",0,0.7947,1,0.6065,1,0.8087,0,0.8009999999999999,0,0.5989
What an incredibly weak response. You have proven Bruce's point. Thanks for posting.,0,0.7922,1,0.8117,1,0.792,0,0.7922,1,0.616
False argument. There are many children of straight people who don't know their biological mother or father. do you know the number of single mothers?,0,0.8185,1,0.5901,1,0.5901,0,0.8185,0,1.0
Would like the con hack loserbots on here to REFUTE the study - not just smear the author with ad hominem attacks. REFUTE THE DATA IF YOU CAN. Waiting....*crickets*,0,0.6215,0,0.6215,1,0.5909,0,0.5941,1,0.5909
I have no idea at all what your rants have to do with this Article???,0,0.5962,0,0.8044,1,0.8,0,0.5962,0,1.0
says who ?,0,0.7928,0,0.7928,1,0.6125,0,0.7928,0,1.0
"Yawn... If you can't dazzle them with brilliance, baffle them with bullchips....",0,0.8023,0,0.7929999999999999,1,0.586,0,1.0,0,0.6128
"Sure, end it with a noose. U think Paul B doesn't deserve that? This is the problem with Western Civ these days... weak, pathetic, apologetic.. we are witnessing our steep decline.",0,0.8081,0,0.5969,1,0.5828,0,0.8081,0,0.595
You've accused a seasoned newspaper of ineptitude without offering any arguments. Seems like the only ineptitude here stems from your reasoning.,1,0.8468,1,0.8407,1,1.0,0,0.6579999999999999,0,0.8468
"What's that other noise? Sounds like someone ranting about something that a) isn't an issue and b) isn't even remotely related to the article to which they are commenting. Move on, please.",0,0.5872,0,0.6087,1,0.7914,0,1.0,0,0.7956
You can vote based on little thefts if you want. I'd rather keep an eye the big thefts. The big thefts keep showing up in the red tent.,0,0.5956,1,0.613,1,0.5815,0,0.5956,0,0.5956
"Well, you have your cliches and stereotypes down, I will grant you that... but I doubt you know anything else about people, Canada or the world... thanks for the contribution... about as valuable as Peggy's",0,0.6166,0,0.6166,1,0.5745,0,0.8042,0,0.6166
"'No it's not a disadvantage then men die sooner than women. Merry widows, anyone?'-------------------On the contrary - it's a disadvantage because women need more money to live longer. See? That was easy.",0,0.5936,0,0.5936,1,0.5949,0,0.8017,1,0.6072
Just babble on.......,0,0.5951,1,0.6098,1,0.6098,0,0.8049,0,1.0
So another gobbet of bile as a substitute for any kind of argument - well done,1,0.727,1,0.6352,1,0.6808,1,0.5638,1,0.7313
Left of RightYou are proving my point by attempting to be dismissive. This is not about the fashion industry. It's about weak men still trying to put women 'in their place'. Like you.,1,0.5002,0,0.6661,1,0.5053,0,0.6575,0,0.8423
"You sound like you need to bone up on your WW2 history to see what was actually happening. There is simply no current comparison for what was going on, and the bombing (nuke and non-nuke alike) was necessary.",0,0.606,0,0.606,1,0.5788,0,1.0,0,0.5911
"If you've nothing constructive to say, please say nothing.",0,0.5995,0,0.5995,1,0.6075,0,1.0,0,1.0
"' . . . the UN Security Council is blocked by the Russians who are being their usual ruthless selves . . 'Easy with the stones there, kettle . . . Go back to your glass house!",0,0.6159,0,0.5827,1,0.5958,0,0.7944,1,0.6098
'Much tougher economic sanctions are needed'====='Hee haw hee haw!' brayed the empty-headed shill. What is the objective of sanctions? What outcome would they be set up to achieve?,0,0.6005,1,0.8075,1,0.5934,0,0.6005,1,0.6128
"No.Not according to Obama himself, the Pentagon spokesman and John Kerry. But perhaps you have quotes from them to the contrary that support your absurd contention that you can share with us?",0,0.5829,1,0.5671,1,0.5532,0,0.544,0,0.5829
"ah yes, Judge Judy. That bastion of informed, thoughtful, and insightful justice. Change the channel, will you?",0,0.5032,0,0.5032,1,0.6757,0,0.6759999999999999,1,0.6548
you reveal a great deal about yourself with that statement Boogey. You into the murder of journalists and arrest of the opposition? I already know the answer.,1,0.6058,0,0.6024,1,0.6058,0,0.8078,0,0.6166
how will your OAS be clawed back on your pension from work? OAS does not start to be clawed back until you make around 80K a yeareducate yourself on the facts,0,0.5959,1,0.8075,1,0.6077,0,0.7957,0,1.0
Stop living in the '40s Matt. The rest of us have moved on from this a long time ago...,0,0.6561,0,0.6587,1,0.9628,0,0.8136,0,0.8503
"Yes for the desperate Marxist, it's over deal with it.",0,1.0,0,0.8023,1,0.5924,0,1.0,0,1.0
*lol* Anyone who thinks academia isn't a 'real job' has no idea--I mean ZERO idea--what they are talking about.,0,0.5920000000000001,0,0.6033,1,0.5991,0,0.7945,0,0.8088
Yet you're still here! Why?,0,0.6026,0,1.0,1,0.5964,0,1.0,0,0.8089
"What an ageist ('old'), racist ('white'), sexist ('woman) argument. You should be ashamed of yourself!",1,0.5835,1,0.7893,1,0.5835,0,0.612,0,0.8045
"Margaret, I often disagree with your opinions. On this subject, you are spot on! Thanks.",0,0.8139,0,0.8139,1,0.5779,0,1.0,0,0.5875
"journalist, good one! This guy should stick to his rottentomatoes. com reviews. Did a real journalist call in sick today, and they had to call this guy up?(I think Mike Myers must have snubbed him at a TIFF event or something)",0,0.6145,0,0.5928,1,0.5913,0,0.6145,1,0.7909999999999999
"; as expected you cannot read, understand and reason, or refuse to.",1,0.5745,1,0.5745,1,0.5745,0,1.0,0,1.0
A truly twisted article by an obviously deeply wounded far right-wing academic.,1,0.6688,1,0.6688,1,0.5152,1,0.6688,0,0.5104
How can a Twit explain any-thing?,0,0.6473,1,0.5176,1,0.6865,0,0.6635,0,1.0
"Carbon Dioxide is not a pollutant! It is a vital part of out atmosphere, biosphere and lithosphere. It is plant food. The level of science-illiteracy in this debate is astounding.",0,0.6051,1,0.7886,1,0.5999,1,0.5836,0,0.613
OH! What a marvellous idea!! All we'd have to do is firmly and strictly declare something like a War on Drugs.......Wait...,0,0.5139,0,0.5139,1,0.6483,0,0.5139,1,0.6574
What does it 'suck?',0,1.0,0,1.0,1,0.6026,0,1.0,0,0.7943
If you think that is bad... ask a teenager to write a paragraph for you. You'll beat your head against anything hard in disbelief.,0,0.8127,0,0.6114,1,0.6005,0,0.6114,1,0.5911
"Your the one lying, chum.",1,0.6152,0,0.5964,1,0.5879,1,0.8156,0,1.0
"you spoiled students have no idea what it's like to pay taxes, go back to your classrooms so you dont stay this stupid for life",1,0.8018,1,0.8435,1,0.6837,1,0.8877,0,1.0
The electorate are electing the party you dimwit,1,0.8031,1,0.8031,1,0.8098,1,0.8031,0,0.8031
"Ericka from America, Prone to hysteriaOgden Nash",0,0.5875,1,0.6158,1,0.6158,0,1.0,0,0.7967
sure thing chicken little.,1,0.5654,1,0.7854,1,0.5654,0,0.8227,0,0.6139
it was sad of harper to leave in the middle of a furneral just to make a stupid statement. maggie was glad to see him depart.,0,0.5056,0,0.6595,1,0.5064,0,0.5056,0,1.0
"Yes, like Americans who want to cut our Queen's head off have any respect for us either.",0,0.609,1,0.5942,1,0.5837,0,0.5985,1,0.5942
Or if you read the truth (Party of One; Kill the Messengers) you may be able to pull your own head out of your echo-chamber-nether-end.,1,0.794,1,1.0,1,0.6055,1,0.794,0,0.6118
Cheap insults show the weakness of your argument.,1,0.5891,0,0.6137,1,0.7898,0,0.6137,0,0.7898
No one cares. ,0,0.6990000000000001,0,0.5948,1,0.7555,0,0.7553,0,0.9032
"there is no case for more funds for BOMB, case closed",0,1.0,0,0.6109,1,0.8078,0,1.0,0,1.0
"Just for asking ""canfan"" for a valid reference to the work s/he is citing, I get two thumbs down votes. Apparently some here think of themselves as mushroom farmers LOL...",1,0.8027,1,0.6097,1,0.6054,0,1.0,0,0.6048
"I wouldn't bother defending your honesty with this crowd, Ed. They believe every hateful accusation against Muslims, and deny every story that might sympathize with Muslims.",0,1.0,0,1.0,1,0.5101,0,0.8463,0,1.0
Can someone tell me what is the point of this article. So you want a new hip. Well wait for it fat-butt. Years ago the solution was a cane or crutches.,1,0.5987,0,0.5906,1,0.5987,1,0.5987,0,1.0
Great argument. You sure showed me.,0,0.5772,0,0.7863,1,0.6295,0,0.7863,1,0.8133
The problem is EVERY single thing you said contradicts the science as we know it. If you can make up your own facts then you can convince yourself of anything.,0,0.5851,1,0.8171,1,0.62,0,0.7949,0,1.0
"you are gettig more and more irrational and incoherent. I'll file you under ""ignore"" from now on. Have a nice weekend.",1,0.5894,1,0.5894,1,0.5894,1,0.5894,0,0.5906
Only to those lacking the intelligence to understand the technology.,0,0.7928,0,0.7928,1,0.6107,0,1.0,0,0.7928
You are a nutbar aren't you?,1,0.9292,0,0.8508,1,0.8861,0,0.8509,1,0.7369
"Love drama, but the kind done by professionals not your crybaby antics",0,0.5977,0,0.6976,1,0.802,0,0.7501,0,0.8994
"So I guess you haven't noticed that the Republican party controls the US Senate, House and 32 of the state legislatures?",0,0.8007,1,0.7976,1,0.5901,0,1.0,0,0.8007
"Don't be naive. It is not longer a frightful demon, but the FN at its core is still racist and populist.",0,0.8121,1,1.0,1,0.5843,0,0.8121,0,0.8009999999999999
"Yup everybody should be paid minimum wage including you, and be required to work 50 hours a week. When you get a little older and can't keep up, we'll replace you with a Temporary Foreign worker. More productive - lets do it.",0,0.6077,0,0.6077,1,0.7897,0,0.8101,1,1.0
Justin Trudeau entitled? Think again.,0,0.6172,0,0.6014,1,0.7893,0,0.7991,0,0.8181
"'the sight of a traffic cop gowned in a Burkha'Where have you seen any of those? If you have to use ridiculous made up examples, kinda makes your argument ridiculous.",0,0.5975,0,0.6008,1,0.5913,0,1.0,0,1.0
It's not reasoned thinking but hyperbole.,0,0.7982,0,0.5920000000000001,1,1.0,0,0.7982,0,1.0
Tom Bernis - didn’t take you long to become incomprehensible. Quit while you’re behind.,1,0.9213,1,0.9611,1,0.9645,0,0.7692,0,0.8465
blah blah blah... keep making up stuff up.,0,0.6174,0,0.6174,1,0.5983,0,1.0,1,0.5983
"Jack, stop making a fool out of yourself. You only embarrass those who know you!",1,1.0,1,0.6032,1,0.6032,1,0.6131,0,0.8066
Utter drivel and undeserving of further response.,1,0.597,1,0.597,1,0.7929,1,0.597,0,1.0
what a sick response to a Canadian tragedy,0,0.597,0,0.8048,1,0.5875,0,1.0,0,1.0
Almost not worth the time rebutting these people. It's a Fact-free zone that these conspiracy nuts live in.,1,0.8049,1,0.6195,1,0.6195,0,0.7951,0,1.0
I have a book titled' Discarded Science-Ideas that seemed good at the time...' Educated Canadian should read it.,0,0.61,1,0.5835,1,0.5835,0,0.61,0,0.61
"So many words, yet nothing of consequence said. Give it a rest. The editorial concerns the last PM.",0,0.6063,1,0.8069,1,1.0,0,0.8128,0,0.8069
YYZStay on topic. What the heck does that have to do with this story?,0,0.7861,0,0.5892,1,0.6115,0,1.0,0,1.0
another prog that has not take the time to read the koran,0,0.5992,1,1.0,1,0.7922,0,1.0,0,0.8019
"Sorry kpare, we cannot have obvious factual information messing up our ideological rants.",0,0.6033,1,0.7999,1,1.0,0,0.8079999999999999,1,0.5952
"Don't you believe the entire Globe and Mail is a propaganda sheet, Gibson?",1,1.0,1,0.6046,1,0.6046,0,1.0,0,0.6024
"Whatever the reasons, they are still dumb. Don't want to show your face?don't become a citizen.",1,0.6545,1,0.8453,1,0.8453,1,0.6545,0,1.0
'The subject who is truly loyal to the Chief Magistrate will neither advise nor submit to arbitrary measures. Junius'. Unless of course the Chief Magistrate offers a few more bucks off your tax bill.,0,0.8144,0,0.799,1,0.5916,0,0.6094,0,0.8144
"*Someone* wants a Senate post! Seriously though, this is a clickbait garbage article.",1,0.5037,1,0.6499,1,0.8444,1,0.6714,1,0.6612
Something about pots and kettles springs to mind. It's not a good idea to call other people 'fools' when you can't even use an apostrophe properly.,0,0.6071,1,0.5952,1,0.5952,0,0.7976,0,0.7976
I strongly suggest you fire this editorial writer - he has no grasp of reality. See other comments for WHY!,0,0.6579999999999999,1,0.5029,1,0.6691,0,0.6579999999999999,0,1.0
"Stop it Avi, you're not supposed to comment on your own column.",0,0.6542,1,0.5055,1,0.8412,0,0.8329,0,0.6744
you mention the Charter freedoms yet you support the notion that Trinity has no right nor freedom of religion. Hypocritical sir.,1,0.5943,0,0.5842,1,0.6275,0,0.7944,0,1.0
Alceste hasn't a clue !,0,1.0,0,0.5969,1,0.595,0,1.0,0,1.0
"Ron, stop clowning around. I get it, I would once look for any reason to pounce on Harper, but you doing this is really sad.",1,0.6225,1,0.6225,1,0.6225,1,0.8118,0,1.0
Aren't you clever Doug. Yawn,0,0.5714,0,0.5714,1,0.6157,0,0.7845,1,0.8096
What a pompous self-safisfied post. 'This changes everything' is a badly written piece of ignorant propaganda. Those of us who regard Klein as an idiot are usually far better informed than eco-groupies like this poster.,0,0.6128,0,0.8083,1,0.5837,0,0.8045,1,0.5837
"Richard: You might think that you're too stupid to be allowed to vote on the Constitution, but you have no right to say that I am.",1,0.7919,1,0.7919,1,0.5817,0,0.5911,0,0.8014
"Michele, You are not logical. Perhaps you need to consider what double-dipping means. Hire teachers based on best qualifications and not where their pension comes from. Your posts just make zero sense.",0,0.8069,1,0.6096,1,1.0,0,0.8069,0,1.0
Ah Lars. I've missed your rants and pipeline support. Visit a reserve and walk in those moccasins before you speak.,1,0.7883,1,0.8215,1,0.8059999999999999,0,0.7944,1,1.0
Exactly - we do like to actually believe our own propaganda !A ' leader ' ?? NOT ! This article is a mere bureaucracy whine !,0,0.6032,0,0.6039,1,0.5954,0,0.6029,0,0.8026
The CBC shows are fantastic-you are obviously not a listener.,0,0.7602,0,0.7602,1,0.75,0,1.0,0,0.7556
Your rejoinder is a complete non sequitur. Not worth responding to.,0,0.5854,1,0.6072,1,0.6115,0,1.0,0,1.0
"And man, did Castro stick that thorn in the US side? He thumbed his nose at them for 60 years and their noses are sooooo out of joint. How dare anyone do this to the great US of A. Boo hoo",0,0.8091,0,0.6136,1,0.5954,0,1.0,0,0.6136
The argument ad hominem is a classic error. You have just committed it.,0,0.7853,0,0.6087,1,0.6059,0,1.0,0,1.0
"Do you have any idea of the risks of statins? Blood thinners? And you want them available like candy with little assessment of need or cautions, followups?",0,0.5988,1,0.6052,1,0.6052,0,0.8041,0,0.5907
"Trump is just a symbol for them to express their frustration. The facts are irrelevant when it comes to him, as we can obviously see (he is a loon).",1,0.5887,0,0.6042,1,0.5887,1,0.5887,0,0.807
That's ridiculous and I think you know it.,0,0.5997,0,0.5997,1,0.8074,0,0.8038,0,1.0
How in the heck would anyone know at this time?? Lies,0,0.8007,0,0.8007,1,0.6047,0,0.6096,0,1.0
MS Wente. You are so out to lunch on so many topics,0,0.7906,0,0.5888,1,0.6037,0,0.7906,0,1.0
"The middle-aged, heterosexual white male is the only person in society whom it is entirely safe to ridicule. I sense a little uneasiness among those who do not fit this description and who now find said male fighting back.",0,0.6201,0,0.6197,1,0.5733,0,0.6201,0,0.813
"Tin foil hat crowd, if the shoe fits & it seems to fit you well Jack.",1,0.6015,1,0.6015,1,0.6015,0,0.5971,1,0.6015
Hasn't proved squat.,0,0.7992,1,0.6035,1,0.6035,0,0.7992,0,1.0
"No, there is not. Just because you say there is over and over does not make it true.",0,0.5793,0,0.5793,1,0.8108,0,1.0,0,0.8108
Learn to read. He doesn't say he'll tear their a** in two. He says he'll give them something big enough to do so.Ever hear of a size queen? You don't have to stick something big enough to tear your a** in two into your a**.,0,0.5999,1,0.8001,1,0.5870000000000001,0,0.7911,0,1.0
"""establishment disinformation agents"" !! Take your meds, nutbar.",1,0.866,1,0.866,1,0.7219,1,0.5675,0,0.5791
Who cares.,0,1.0,0,0.7984,1,0.6154,0,1.0,0,1.0
I'm sure the good people of New Brunswick now hate you.,0,1.0,0,1.0,1,0.5920000000000001,0,1.0,0,0.7869
"Happy with life, I understand you're a hypocrite, who alternates between posing as neutral, open and unbiased . . . and posting brainless insults at ""leftists"" and ""socialists."" I don't need 'a further schooling' on that, thanks.",1,1.0,1,0.8143,1,0.8143,1,0.8143,0,0.664
"Another demonstration of how useless this position is,",0,0.807,0,0.6257,1,0.5751,0,0.807,0,0.807
To busy working on his tan.,0,0.6009,0,0.6042,1,0.6089,0,0.8092,0,0.6009
You sound like an idiot,1,0.9629,1,0.7675,1,0.7279,1,1.0,0,1.0
You need to get a life. Really!,1,0.6334,0,0.6816,1,0.6867,0,0.5246,0,1.0
'graciousness of Kadhr.'Had to suppress an automatic gag reflex similar to the one gets upon smelling rotting garbage. In this case it was written....,1,0.8065,1,0.6066,1,0.6021,0,0.8075,0,0.8075
"Torture is evil and anyone, anyone even remotely supportive of torture is the same (and basically a terrorist or at the very least, totally akin to the terrorists being 'interrogated'). That is the simple truth!!",1,0.593,0,0.6198,1,0.593,0,0.6198,0,0.8138
"De facto Sharia Law, no blasphemy allowed. Way to go G & M, your cowardice and dhimmitude is duly noted.",0,0.6099,1,0.5732,1,0.5732,0,0.807,0,0.6239
"The public interest in your post would be why they lost you, but I think I can guess.",0,0.596,1,1.0,1,0.6138,0,0.596,1,0.8069
Nice comment with absolutely no evidence to back it up. In other words its meaningless wally.,0,0.617,0,0.617,1,0.5743,0,0.617,0,0.8041
Maybe it just means you're not as nice a person as you probably think you are.,1,0.8073,1,0.8063,1,0.6089,0,0.5838,0,0.6099
'Canada?s economic future depends on our ability to develop and export our energy resources.'Liar.,0,0.8037,0,0.6037,1,0.5911,0,0.5967,0,1.0
Of course you think that. You have no respect for anyone who disagrees with you. Go back to your sandbox.,0,0.6247,1,0.5717,1,0.5717,0,0.8082,0,1.0
Every sperm is sacred? The little whimpers of each sperm must make you cry,1,0.5866,1,0.5866,1,0.5866,0,0.6179,1,0.8155
THUMBS DOWN just means there are a lot of leftists here online false sense of security it makes leftists think they REPRESENT the general population false sense of security leads to election DEFEAT,0,0.8076,0,0.6105,1,0.5995,0,0.7916,0,0.8029
"That is textbook Grade 10 Marxism, and silly.",0,0.6627,1,0.6829999999999999,1,0.6829999999999999,0,0.8291,0,0.8285
"Webbie, you are the problem now go away",0,0.6809999999999999,0,0.6395,1,0.8829,0,0.7633,0,1.0
"Worst PM ever, worst government ever. Zero respect. A nation embarrassed. Pathetic.",0,0.6016,0,0.6016,1,0.6049,0,0.6016,0,0.8096
I'd suspect you wouldn't know where in India a posting would be an agreeable one.,0,1.0,1,0.8117,1,0.6037,0,0.7922,0,1.0
Another person who thinks CO2 is plant food. Where did you get your science training?,0,1.0,0,0.8154,1,0.5848,0,0.5998,0,0.5998
You may be the total d-bag. While Obummer made sure to kill our Canadian oil industry he bragged about that during his time as potus he oversaw the building of enough oil pipelines in the US to encircle the earth.,1,0.7907,1,0.586,1,0.7907,1,0.5952,0,0.7907
"No, we do not. You've had your day, get lost, buh bye.",1,0.7140000000000001,0,0.7313,1,0.7140000000000001,0,0.5823,0,0.8629
Scammer really is kind of hostile isn't he? Must be the dampness in his mother's basement. You would think though that if he was going to call someone a nasty name he'd spell it correctly.,1,0.7846,1,0.8165,1,0.5851,0,1.0,1,0.8005
How about you get your facts straight. Vancouver does not pump raw sewage into the environment.,0,0.6841,0,0.5135,1,0.6614,0,0.8434,0,1.0
I am afraid you are mixing up too many apples and oranges and referencing everything out of context. This does nothing to help us get this straight. Maybe you should try again.,0,0.5875,1,0.6236,1,0.6236,0,1.0,0,0.8036
"Saunders didn't say Mair was representative, either, Layla. He said he was one of the more zealous followers of the Brexit movement. Are you so hard up for outrage that you have to make up stuff?",1,0.6262,1,0.6065,1,0.6262,0,0.7929,0,0.7929
almost certain this dreck article was published way before sept 30th. this is only the worst of many bad articles which sit on the website almost forever before finally getting punted.,0,0.5901,0,0.5901,1,0.6103,0,0.5901,0,1.0
Damn lies.,0,0.6354,0,0.7594,1,0.5606,0,0.5947,0,0.8856
Old fart commie-pinkos.,1,1.0,1,1.0,1,0.7469,1,1.0,0,1.0
Knew it had to be them Jews! No way the religion of Peace could be responsible! Damned tricky Jews... convincing poor Muslims to blow themselves up...,1,0.9198,1,0.8774,1,0.8028,1,0.8848,1,0.9217
You idiots from Toronto just keep voting Liberal so look to yourselves to blame.,1,0.8075,1,1.0,1,0.595,1,0.8075,0,1.0
no need to be stupid about it,1,1.0,1,0.5951,1,0.5951,1,1.0,0,1.0
Read up on the facts concerning Abuses of the Temporary Foreign Worker Program & current investigations in the Food Industry; Educate oneself to the facts instead of swallowing this half-baked Opinion G&M gaseous-fluff -- wholesale...,0,0.5113,1,0.6857,1,0.6619,0,0.6736,0,0.8468
Whatever! Perhaps Sarah Kendzior should attempt to analyze by very few people are attending Hillary's appearances?,0,1.0,0,0.6048,1,0.5959,0,1.0,0,0.7998
Thank you for expressing your opinion. Now explain what your opinion is based upon (other than a desire to degrade a fellow human being).,0,0.5983,1,1.0,1,0.589,0,1.0,0,0.8056
"1882 was when the British intervened. I'm sure I could find paintings, or descriptions from long before that. To suggest that Westerners somehow invented or inspired the chador is ridiculous.",0,0.7926,0,0.5763,1,0.6058,0,1.0,0,1.0
"You use the word ""denier"" as an abusive slur. Your use of abusive language has destroyed whatever point you were attempting to make.",0,0.7881,0,0.5834,1,0.6005,0,0.7881,0,1.0
Blithering eedjit.,1,0.8498,1,0.8498,1,0.5646,1,0.7064,0,0.5716
"Dickie, Dickie, Dickie. Get your little brain looked at.",0,0.8097,0,0.6103,1,0.6012,0,1.0,1,0.6012
or a seriously deluded person.,1,0.8533,1,0.7162,1,0.7125,1,0.7055,0,0.7232
Wrong again Go!,0,0.7839,0,0.7839,1,0.6138,0,1.0,0,1.0
Actually lots of people did speak out about it. Myself included. Or are you saying two wrongs make a right because it is your messiah doing t now?,1,1.0,1,0.8108,1,0.6106,0,0.5964,1,0.5813
In Rob Ford's case it was more of a mea coca.,0,0.6134,0,0.799,1,0.5916,1,0.5916,0,0.8144
"Your mindset is forty or fifty years behind the time on China, hello!",0,1.0,1,0.5792,1,0.5792,0,1.0,0,0.8062
"""You don't trust them to make medical decisions for you and your children? Huh "" But you'd trust junk-science promoters like Jenny McCarthy whose only medical qualifications are celebrity playboy model?",0,0.5978,1,0.8041,1,0.5971,0,0.8101,1,0.5971
Your nauseating overstatement confirms your moronic zealotry.,1,0.8220000000000001,1,0.6165,1,0.7945,1,1.0,0,1.0
"You really don't get it, do you Patwant- or you choose not to. Do you actually read the articles that you comment on?",0,0.5703,1,0.6048,1,0.6048,0,0.5703,0,0.5703
Buzzwords like 'elites' are a dead giveaway of someone who can't think for themselves. Would you kindly define what you mean by 'elite'? If a millionaire like Ford isn't part of the 'elite' then who is?,0,0.8169,0,0.6035,1,0.5796,0,0.6019,0,0.785
Interesting that you say she 'looks like a person...'. Hmmm... you make these wrong-headed judgments based on how she looks. Because she wears a hijab. The broken one is actually you.,1,0.601,1,0.6029,1,0.5902,1,0.5998,0,1.0
Who cares?,0,0.96,0,0.9258,1,0.9624,0,0.96,0,1.0
"who's 'culture'? yours? i rather doubt i share it, either. does that mean i go back to the 'old country' of my ancestors of five generations? is that what they are calling the ottawa valley these days?",0,0.8079999999999999,1,0.5952,1,0.7953,0,0.8079999999999999,1,0.7953
"Please learn the use of using new paragraphs, even if all you're doing is providing infodump propaganda.",0,0.8073,0,0.608,1,0.5952,0,1.0,0,0.608
"Proof of your statement? A reliable, non partisan source please.",0,0.8223,0,0.6524,1,0.5071,0,1.0,0,1.0
god they just HATE anyone saying a word in defence of the enemy ...,0,1.0,0,0.8073,1,0.5876,0,0.6114,0,1.0
"Thanks for refuting Garneau's ""technical"" sounding nonsense.",0,0.5849,0,0.5849,1,0.6028,0,1.0,0,0.8023
"Oh, tell us EdB1, what are your qualifications again? Surely you wouldn't just repeat talking points you read on some right wing website?",0,0.5897,1,0.8011,1,0.8011,0,0.5897,1,0.6092
"Even if you are dumb enough to go to jail for a political cause, I would think that some level of analysis would clue you in to the fact that this type of tactic wouldn't be effective. So you're really going to jail for being stupid.",0,0.631,0,0.631,1,0.5792,0,0.8194,0,0.6014
"Last I checked, Anne Coulter was not the President of the US or had personally killed or converted anybody. As is Graham. Anything else you sickening apologist ?",1,1.0,1,0.5872,1,1.0,1,0.7956,0,1.0
Iran has not vowed to nuke Israel. You're full of brown and smelly.,1,0.8065,1,0.8001,1,0.6066,0,0.6075,0,1.0
"Very wrong here, Alex. Harper was undeniably bright. He was not at all similar to Trump.",0,0.8042,0,0.5985,1,0.5987,0,1.0,0,0.8042
"uh... ""thoughtful""? when she didn't even bother to read the book?",1,0.5089,0,0.5,1,0.6699,0,0.6575,0,0.5094
"Oh, are you new to Mike5? He's a colossal waste of skin all round.",0,0.6289,0,0.8102,1,0.5777,0,0.6289,0,0.8187
Typical of Ms Wente....just pick the data that supports her point and don't bother doing any more research or analytical work than she has to.,1,0.5815,1,0.7272,1,0.5770000000000001,1,0.5815,1,0.5770000000000001
Obviously you are a 'wannabe' Saint... good luck with that.,0,0.6247,0,0.6247,1,0.5717,0,1.0,0,0.8165
"Sarcasm it was Chris, I agree fully with you. Daniel, free your mind and yourass will follow.",1,0.5923,1,0.7862,1,0.5923,0,0.6022,1,0.5873
Only a moron would reply the way you did.,1,0.6048,0,0.596,1,0.6048,0,0.596,0,1.0
"' a celebrity, who doesn't know what he is talking about, '-------------And lamentable Lamont so clearly does. :)",0,0.5967,1,0.6263,1,0.8149,0,1.0,1,0.6263
Another tediously predictable Globe and Mail contribution to the media pile-on against Trump. Boring.,0,0.5969,1,0.797,1,0.797,0,0.8024,0,1.0
Richard Roskell - You need to grow up.,1,0.596,1,0.7843,1,0.595,0,0.5933,0,0.8117
Scot...you've missed a medication dose today?,0,0.5326,0,0.612,1,0.7295,0,0.7304,1,0.8093
"Golly Doug, do you think that may be why Harper lost so soundly? Do you not get it? MOST people really do hate Stephen Harper.",0,0.7981,0,0.6048,1,0.5964,0,0.778,0,0.8067
"If there were incontrovertible evidence, we would not have this discussion. Period.",0,1.0,0,0.6155,1,0.7985,0,0.8109999999999999,0,1.0
"oh, please. Enough.",0,1.0,0,0.5957,1,0.7844,0,1.0,0,0.5957
Who is not running for POTUS. Irrelevant R U,0,0.5044,0,0.5126,1,0.7426,0,0.8692,0,0.6304
Thanks for your incoherent screed.,0,0.597,1,0.7891,1,0.5983,0,0.597,1,0.7891
You are wildly off-base. The author has far more insight and intellect to contribute than you can even grasp. Don't revel in your ignorance.,1,0.6061,1,0.7854,1,0.7854,0,0.6027,0,0.78
"Not True. Nasty woman. You're the puppet, not me....sniff, sniff...",1,0.5887,1,0.5887,1,0.5887,0,0.6063,1,0.5887
What the heck is this writer smoking? Everything King Obama touches turns to crap!,1,0.5920000000000001,1,0.8061,1,0.7859,1,0.5920000000000001,1,0.6005
The way Harper is dealing with this is just plain stupid,0,0.8249,0,0.8249,1,0.5920000000000001,0,0.8249,1,0.5920000000000001
Total nonsense. Is this a Breitbart theory? No evidence for your conclusions....,0,0.5004,0,0.6613,1,0.8295,1,0.6699,0,0.6632
welldoneson - I'd say you made up a number of your facts to support your case. I'm not calling you a lier but have you considered applying for work with the Conservative caucus?,1,0.623,1,0.5881,1,0.5922,0,0.588,1,0.8239
"'Is it really all that important who?s on our money? Absolutely it is'Yet the column is all about defacing whomever is on the money? (Including the Queen, who just happens to be a female?)Most illogical.",0,1.0,0,0.5868,1,0.5982,0,1.0,0,1.0
"Lol, sea monkey. If that website can't handle photoshop better than that, they deserve to have supporters like you.",1,0.6131,1,0.8139,1,0.8139,1,0.5965,1,0.7992
The MSM is absolutely corrupt and the Globe has lost all credibility. Period.,0,0.6032,0,0.6032,1,0.5963,0,0.7988,0,1.0
"Looks like it's you that should heave yourself out of the armchair, Dieter.",1,0.6091,0,0.595,1,0.6091,1,0.6091,0,0.595
An opinion columnist without their own opinion - how ironic.,0,1.0,0,0.6716,1,0.6743,0,0.6689,0,0.6716
"It looks like the K brand poverty pimps just write other columns occasionally here at the Globe ... giving us a 'balanced' perspective. Wonder if they are paid for their columns, and where that money goes?",1,0.7986,1,0.7986,1,0.6051,1,0.6011,1,0.7986
Armchair atmospheric scientists aren't at all convincing with their down-home homilies.,0,0.5926,1,0.6062,1,0.5967,0,0.7879999999999999,0,0.8012
"Perhaps she gets away with it because her view is correct? In m opinion it is, so chew on that for a while. And while you are at it stop inflicting your own 'twisted and warped opinion of morality' on us.",0,0.6084,1,0.606,1,0.606,0,0.8029999999999999,0,1.0
Written by a Liberal shill.....Did you get paid by the party for this Jeffrey?,1,1.0,1,0.5763,1,0.7125,1,1.0,0,0.7213
"Do you find our judges silly in black robes and wigs? Its called tradition and most people stick to it. Not all people are mangia cakes who lost their beliefs, values and traditions.",0,0.7908,1,0.5984,1,0.5958,0,0.5984,0,1.0
"""Disgusting"" doesn't begin to encapsulate my reaction to your ""propaganda.""",0,0.5986,0,0.6124,1,0.5796,0,0.7905,0,1.0
"Oh boo-hoo. Another neocon who just can't stand it when people say things that he doesn't approve of. As far as I can tell, it's 'patriots' like yourself who're the ones spouting the 'party line'.",0,0.5861,1,0.8057,1,0.6114,1,0.8057,0,0.5861
Blasphemy!,0,0.7964,0,1.0,1,0.8025,0,1.0,0,1.0
Israel does not have a 'right to exist'.That's just a Zionist slogan devoid of any legal or moral meaning.,0,0.6024,0,0.7997,1,0.5839,0,0.6134,0,1.0
"HJKYou missed the point. It is not about the police, or the nice young man. Go back to school, or take a basic political science class.",0,0.6111,1,1.0,1,0.5820000000000001,0,0.5996,0,0.8071
"I suppose you've never heard of the Security Council, or why membership is important. But go ahead and maintain your ignorance, as Harper would want you to do.",0,0.5709,1,1.0,1,0.5985,0,0.8393,1,0.6878
"You have no evidence that he is a ""brilliant businessman"", other than his own statements. You don't know how much he makes or what he owns. In other words, you have bought his flummery lock, stock, and barrel. That pretty much makes YOU a dupe.",1,1.0,1,1.0,1,0.6091,1,0.8037,0,1.0
Stop inventing insane conspiracies,0,0.5971,1,0.6075,1,0.5988,0,0.7932,0,1.0
the G20 fiasco was not Bill Blair's doing. It was run by the RCMP and used police resources across the nation - some being shipped from the West. Get your facts straight.,0,0.5922,0,0.8042,1,0.6041,0,0.8042,0,1.0
"think, You're a bigot. Dismiss.",0,0.8226,0,0.62,1,0.5865,0,0.62,1,0.5865
Insulting and ignorant.,0,0.629,1,0.5639,1,0.5898,0,0.629,0,0.7813
I'm not sure that you really even know what you are asking there.,0,0.8064,1,0.7893,1,0.5992,0,0.8064,0,1.0
"No, you should never try to figure it out, it requires grade 10 reading comprehension and basic understanding of history and civics. Not possible for you, especially to do while playing video games and chatting on Facebag.",1,1.0,1,1.0,1,1.0,0,0.6143,1,0.6095
Your post is incoherent.,0,0.5975,1,0.5998,1,0.6034,0,0.5975,0,1.0
Anyone who begins with 'elitists in the media' doesn't deserve the time of day. Throwing mud is all you know.,1,0.6143,1,0.7952,1,0.7952,0,0.7952,0,1.0
Hahahaha! Funny post. I hate funny posts. Well-deserving of -20 votes. Posters here hate posters being funny.,0,1.0,0,0.8167,1,0.7922,0,1.0,1,0.6088
Y'all be stoopid as fuck. ,1,0.9599,1,0.8,1,0.8372,1,1.0,0,0.9615
"Re: ""You lost me at ""he gets real"""". Then clearly you are lost. What part of 1) control borders 2) respect the laws of the land and 3) value your own citizens is not ""real""?",0,0.8146,1,0.5787,1,0.5787,0,0.6233,0,0.8088
LOL The usual crew (including you) would be sobbing in their Labbatt's if it were women mocking men.,0,0.5823,0,0.7977,1,0.6156,0,1.0,0,1.0
Jason Kenney 'personally popular among Alberta conservatives'? What kool-aid have you been drinking?,0,0.5897,0,0.5892,1,0.6072,0,1.0,0,0.6028
That makes the assumption that there is something wrong with men that needs to be changed.,0,0.813,0,0.6197,1,0.5733,0,0.813,0,1.0
Cherry picked history from the Wile E Coyote of Alberta politics,0,0.7151,1,0.586,1,0.586,0,0.8506,0,0.7208
That is the exact point of a public broadcaster in the public interest... sorry you are too cheap to fork over your $60 bucks... what a crock of nonsense.,0,0.5957,1,0.6066,1,0.6021,0,1.0,0,0.8075
Well... that was uncalled-for.,0,1.0,0,0.6085,1,0.5758,0,1.0,0,1.0
"No one I've spoken to has any idea what's in the bill, so how can it really be popular. What's popular is the 'down with terrorists!' nonsense.",0,0.8071,0,0.8071,1,0.5820000000000001,0,0.8071,0,0.8071
djw: How can you even pretend that? The warming has slowed since 2001 but the warming continues. It continues in the lower limits of the 'expected range'.Perhaps you should enlighten us all with your place of information because it is wrong.,0,0.6146,1,0.7827,1,0.6027,0,0.8089,0,0.7957
Thousands upon thousands of men and women out of work and she wants those unemployed to vote for her ????? What kind of job does she have for them???,0,0.9458,0,0.9458,1,0.6591,0,0.9458,0,0.9458
Evidence that you're right: you resorted to insults to make your point (he must be right).,0,0.6027,0,0.6027,1,0.5766,0,0.6027,1,0.6061
I take it the word 'fact' means something unrelated to truth in your world.,0,0.5870000000000001,0,0.6036,1,0.5870000000000001,0,0.7958,0,0.7958
Which one of them was Globe poster Arimas involved in? Your comments are personal attacks composed of entirely unfounded allegations. They should be removed.,0,0.5872,0,0.7916,1,0.6087,0,0.7956,0,1.0
Pathetic socialist whine.,0,0.6287,0,0.6287,1,0.5778,0,0.8103,0,1.0
"So mirrors are for women only? Guys who like to look at male bodies are not men? Oops, I used question marks. That was a mistake. I'm not asking. Please don't explain.",0,0.6247,0,0.6247,1,0.5717,0,1.0,0,0.8082
Hint: Using teaparty catch-phrases like 'the Media Party' is probably not a good idea if you want to convince anyone other than Vic Toews.,0,0.5933,0,0.5933,1,0.596,0,0.5933,0,1.0
Noone cares what you think,0,0.5643,0,0.6132,1,0.9474,0,0.6143,0,1.0
You must be right with all your thumb's down .,0,0.8023,0,0.8023,1,0.5979,0,1.0,1,0.7826
No one shes a jew they get first class treatment even when they suck,1,0.9591,1,0.922,1,0.8878,1,0.9183,1,0.7022
This is just inflammatory nonsense,1,0.8031,0,0.6042,1,0.7941,0,1.0,0,1.0
Stupid is as stupid does.,0,0.6014,1,0.8066,1,0.5925,0,0.6136,0,0.8075
You have absolutely no evidence that mortgage fraud is THRIVING in Canada. You have anecdotal evidence and even that is flimsy. It just a nice story that brings some drama to the business page. Not very responsible reporting if you ask me.,0,0.66,1,0.5176,1,0.6833,0,0.66,0,1.0
But he is releasing his autobiography shortly so we will know what he has accomplished. It will likely be full of big words to make up for his short resume or what passes as deep thinking by JT.,0,0.6565,0,0.6565,1,0.5148,0,0.6565,0,0.8251
Don't worry. You ARE wrong.,0,0.588,0,0.6271,1,1.0,0,0.8032,0,0.7848
so yo think the money to keep salaries paid a the same overall level but with less production and work will just come out of thin air?,0,0.7953,1,0.5909,1,0.5896,0,0.7953,1,0.5909
"'Worse yet, the government stacked the panel with opponents of assisted death, showing contempt not only for the landmark ruling, but for the process of law-making more generally.'-----------------Beyond 'pathetic', NR. Amoral.",0,0.8004,0,0.6084,1,0.595,0,1.0,0,0.8079999999999999
"I wasn't asking for a debate, just info on Lemay's death. Since you know nothing about it we'll leave it at that.",0,0.5913,1,0.8044,1,0.7958,0,1.0,0,1.0
elevate your debating skills Why and Alceste,1,0.5141,1,0.5101,1,0.5101,0,0.8340000000000001,0,0.6679999999999999
It is despicable for you Sir even to suggest that history has not passed judgement on Torture since medieval times.,0,0.597,0,0.7995,1,0.6094,0,0.7995,0,0.7995
"I wish this insufferable woman would STOP MEDDLING ... in OTHER people's affairs. She did it with Same-sex marriage, and now she wants choices restricted yet again. What a nosy-Parker busybody she is.",1,0.5758,1,0.5946,0,0.8219,1,0.5835,0,0.8219
"I will vote for Trudeau. The reason? He is NOT evil, nor Satan incarnate ...",1,0.5965,0,0.6037,0,0.8139,1,0.5965,0,0.7898
We don't want the progressive wet pinks....let them join the Liberals where the original surviving conservative progressives migrated to when expelled.,0,0.6098,0,0.8170000000000001,0,0.7915,1,0.581,0,1.0
Stay angry twerp...........it makes you not reproduce.,1,0.9613,0,0.7678,0,0.7244,1,0.8829,0,0.6377
Yech!!!!!!!If there was a better daily paper I would buy it.You are yellow bellied!,1,1.0,0,0.8023,0,0.8023,1,0.8106,0,1.0
'Why did our PM choose to present that image' ? The same reason that snakes slither. He can't not make everything about himself and his self importance.,0,0.5924,0,1.0,0,1.0,1,0.6159,0,0.5971
"Silver, the stupid people are the ones who fell for Harper's propaganda. Obviously Trudeau is not stupid. But you, and the other truly stupid people will believe whatever Steve tells you to believe.",1,0.6005,0,0.7934,0,1.0,1,0.6005,0,0.81
I don't care if he is successful or not in rehab. I just want him gone. I am long past feeling compassion for that waste of skin.,0,0.7492,0,0.7492,0,1.0,1,0.7625,0,1.0
Rubbish headline and column. Expect a lot better than this from a Globe contributor. The writer should apply for a job with Fox News or with the Republican party. Pitiful.,0,0.6022,1,0.6156,1,0.6156,1,0.5922,0,0.7962
"'a third world welfare state'?Last time I checked 'third world welfare states' are not in the G8, but I'm sure that won't stop you from spouting even more ridiculious drivel...",0,0.597,1,1.0,0,0.597,1,0.5938,0,0.597
"Prycho-artists are suffering from Hyper Greed Syndrome. They should be subjected to Greed management therapy, which includes generous use of sticks.",0,0.6172,0,0.7912,0,0.8023,1,0.7893,0,0.7893
I don't think the ordinary female soldier thinks this way....just the FemiNazis who would never fight on the front lines with those horrible beasts... men.,1,0.792,0,0.8139,0,0.7879,1,0.5799,0,0.8009
Perhaps you think that now that he has won the election the PM should resign? Idiots.,1,0.9573,1,0.8432,0,0.5673,1,0.8388,0,0.764
"Yup, nothing like a fascist, and he is a fascist, to clean things up.",1,0.7979,0,0.5985,0,0.7992,1,1.0,0,1.0
"When you join the Liberal party, do they surgically remove the part of your brain responsible for answering questions posed directly to you?",1,1.0,1,0.8387,0,0.5734,1,0.8043,1,0.8401
"No the Middle East is worst. US allies put gays to death, Russia has a law against literature.",0,0.7917,0,1.0,0,1.0,1,0.6063,0,1.0
"Dear G&M, mind your own #$5*ng business. We don't need a 3rd rate liberal PC-addled rag telling us how to vote..",1,0.5914,0,0.5892,0,0.5939,1,0.7915,0,0.6062
Speaking of snotty...,0,0.6039,0,0.815,0,1.0,1,0.5811,0,1.0
Yeh but Canada is FULL COMMUNISM and has no freedom or bald eagles. Checkmate.,1,0.5004,0,0.7565,0,0.8047,1,0.5626,1,0.7113
Working for you probably blows anyways.,1,0.6128,0,0.7899,0,0.7919,1,0.6128,0,1.0
As I understand it Harper worked in the mail room until they fired him for incompetence of where he was sending the mail.,0,0.5951,0,0.8067,0,1.0,1,0.6041,0,1.0
it's not that clever to give all the money to the fools who already vote for you. I thought the idea was to convince the fools who don't vote for you............,0,0.6133,0,0.5945,0,0.8012,1,0.5820000000000001,0,0.8012
"Simpson's hatred of Mr Harper and all things Conservative knows no bounds. Simpson is a bitter, twisted old man and Hack for Liberal propaganda. In future I will just ignore anything he scribbles. He is a disgrace to the journalistic profession.",1,0.619,0,0.5909,0,0.5909,1,0.619,0,0.7928
"if you are damn, even RT will not change your opinion. So I do not see too much risk to us in here... but since you mentioned some cute Brits on it, I have to check it out.",1,0.5987,0,1.0,0,0.6166,1,0.7897,0,1.0
"To repeat: Where in my original comment did I challenge the court's decision? What I was challenging was the ignorant (unknowing, uneducated, uninformed) and armchair-lawyers who were so specific in their vicious anti-woman comments.",0,0.5874,1,0.6286,0,1.0,1,0.5939,0,1.0
"No, you obstructionist jerks, we do not have to decide that.",1,0.8121,0,0.7942,0,0.7974,1,0.6171,0,1.0
if you can get around my dog.....I'll just shoot you,1,0.6001,0,0.7945,0,0.7945,1,0.6001,0,1.0
"...reality=Hillary Clinton elected POTUS!...for the Trump supporters, wishful thinking is no longer a winning strategy eh,Nov 9th reality sets in,the crying and gnashing of teeth begins for the Drumpts!!...",0,0.8082,0,1.0,0,0.8082,1,0.5936,0,0.6073
And that fcker McGuinty committed us to 80 cent per kilowatt hour solar!!! What an absolute POS.,1,0.7123,0,0.9199,0,1.0,1,0.8785,0,1.0
Acadians whine and whine and whine,1,0.5838,1,0.5984,0,0.6113,1,0.5838,0,0.8079999999999999
What Castro 'deserved' is to die a long time ago.,1,0.8063,0,0.8026,0,0.5954,1,1.0,0,1.0
"And Kathleen Wynne kicks the Ontario taxpayer in the teeth day after day with her wasted BILLIONS. Sorry, I forgot, wasted billions is okay with the sheeple crowd. Afterall, what possible good causes could use that money? Hypocrites!!!",1,0.606,0,1.0,0,1.0,1,0.606,0,1.0
"Crazy religious f**kers are the cause of overpopulating the planet with inbred, uneducated people with poor prospects of earning a satisfying life. An endless pool of desperate terrorists in waiting.",1,0.5869,0,0.6157,0,0.7969,1,0.5869,0,0.7969
There's a slew of Americans trolling the English-speaking Internet to see where they can get in a few shots against planned parenthood. I believe you are one of them.,1,0.6159,0,0.6112,0,0.7939,1,0.6159,0,1.0
Saunders is a massive hypocrite.,1,0.5897,0,0.8073,0,0.8023,1,0.5897,0,1.0
"Harper is the Chinese , French and US oil B%^&*",0,0.7897,0,0.7897,0,0.7929,1,0.6072,0,1.0
"If you smell anything like you look, no wonder you have to spend most of your time posting on internet forums",0,0.5166,0,0.757,0,0.7564,1,0.6938,0,0.9598
not going to read the hate spiel from this lunatic but I bet there is some stuff about sexism as well... oh and the racism thing as well.,1,0.7975,0,0.7949,0,0.7949,1,0.6044,0,1.0
'Bombast and nonsense' Principal tools of the Harper gang.,1,0.7081,1,0.5623,0,0.7006,1,0.7081,0,0.5801
The stupidity of it from the start should have been clear from the start. You cannot pander to this nonsense. We are one Nation. You do not accomplish anything by lowering standards to accomadate a few.,1,0.611,0,0.5999,0,0.8014,1,0.611,0,1.0
"The female NDP MPs are very fragile flowers doncha know. Hyper sensitive, ultra politically correct and very fragile.",1,0.5616,1,0.5616,0,0.5836,1,0.8501,1,0.8585
That's hysterical! The alt-right ARE the barbarians.,1,0.7109,1,0.5644,0,0.6997,1,0.5668,0,0.7268
"if you are browsing these comments, you are definitely a divorced, unemployed loser. get a life",1,0.8418,1,0.52,0,0.5994,1,0.7225,0,0.9581
Take a pill,1,0.6173,0,0.5798,0,0.5798,1,0.6173,0,0.5798
Yes! We need a Muslim Hockey League to hate.,1,0.7945,0,0.8074,0,0.8074,1,0.5905,1,0.8038
"It's not 'your' country. It's 'OUR' country and if you don't like things the way they are try change them. If you fail, then suck it up till next time.",1,0.5797,1,0.8217,0,0.5974,1,0.7922,0,1.0
"The author of this article is either fully ignorant, delusional or both. I urge everyone reading such drivel to think for themselves and realize how asinine these anti gun puff pieces are.",1,0.5994,0,0.6104,0,0.6104,1,0.5819,0,0.7902
If the person doing the scripting is stupid the result is stupid. When everyone around Steve appears to be stupid then they attract and select more of the same and so on.,1,0.7899,0,0.6152,0,1.0,1,0.5903,0,1.0
typical victim mentality - always someone elses fault. The trademark of the socialist.,0,0.6577,0,0.6577,1,0.509,1,0.509,0,0.8425
"Asinine column Ms. Wente. Chock full of bias, straw men and appeals to populariy. STVis a much more democratic method. Look it up. Educate yourself.",1,0.6666,1,0.8364,0,1.0,1,0.5165,0,1.0
Trump is an idiot.,0,0.61,0,0.8044,0,0.8044,1,0.7999,0,0.8044
All cats are stupid and mean,0,0.7554,0,0.9618,0,0.836,1,0.6791,0,0.9592
You know it really does get rather tiring when in the States it is always the race card for the blacks . Up here in Canada is always the race card with the Aboriginals. Seriously this is getting to be so damn sickening.,0,0.674,0,0.6637,0,0.6637,1,0.5091,0,0.8467
CON DISTRACT FAIL,1,0.6083,1,0.6083,0,0.5884,1,0.6083,0,1.0
Sounds like Mogadishu is more suitable plae for these 'freedom loving' yocals.,1,0.6151,1,0.5929,0,0.5963,1,0.6151,1,0.8062
It is sad that such a ridiculous comment has received the highest score.,1,0.5947,0,0.8014,0,0.6079,1,0.5947,0,0.8066
You have put your hand on it Puddy we are dealing with a bunch of spoiled brats who are experts at draggins on agovernment tit,0,0.7931,0,1.0,0,0.8056,1,0.6049,0,0.8056
"And you're sort of shallow, just like Vic Toews.",1,0.8062,0,0.5978,0,0.7858,1,0.6006,0,1.0
"Wow, and who will educate the likes of you? Is anyone capable such a feat?",1,0.8033,1,1.0,0,0.5884,1,0.8033,1,1.0
More like an empty Congress full of cowardly obstructionist tea party losers.,1,0.6003,0,0.6054,0,0.7943,1,1.0,0,1.0
"What a miserable racist screed. There are lots of first nations communities run by capable, forward looking band councils. If you lifted you eyes out of your own prejudices, you would be able to see that.",0,0.8039,0,1.0,0,0.5972,1,0.6049,0,0.7933
"You clearly missed the analysis piece on Trump's platform from a few days ago, that said it's essentially hot air. And no, it's not a non-story for a candidate to be advocating a Second Amendment solution to his opponent. It's repugnant.",0,0.5983,0,0.5983,0,0.7934,1,0.5984,0,1.0
I wonder if Clinton will cry in public if she's ever indicted.,0,0.597,0,0.597,0,1.0,1,0.5983,0,0.597
Pathetic finger pointing article.,0,0.5944,1,1.0,0,0.6026,1,0.8095,0,1.0
Cue the whining from the left. Harper outsmarted Trudeau and his cheerleaders (the CBC etc) again!,0,0.597,0,0.597,0,0.7954,1,0.5983,0,0.8016
of your ancestors. If any will have you back.,0,0.6145,0,0.6145,0,0.5881,1,0.5901,0,0.5881
yeah those darn christians.,1,1.0,0,0.7598,0,1.0,1,1.0,0,1.0
"A sane person finds it impossible to take you seriously, Miller. You are always ranting. You do indeed despise Alberta and Albertans. By that alone, you are not a true Canadian. You are here just to google things and act like you know stuff.",0,0.6145,0,0.6145,0,0.5881,1,0.5901,0,0.5881
"You know what? I would have really appreciated it if the Globe and Mail would have told me Gordon Gibson is associated with, works for that venerable, wonderfully moderate extreme right wing think tank, the Fraser Institute. Zealots.",0,0.597,1,0.6139,0,0.7954,1,0.5983,0,0.8016
"Sher, If your father beats you with a stick, then I come along and slap your face, am I good guy for not beating you with a stick?",0,0.5936,1,0.7897,0,0.7945,1,0.5856,0,0.595
"'How a preening, bellicose racist was allowed to trump American values'Shouldn't this read...'How a preening, bellicose racist has continued to reflect the values or lack thereof, of many Americans?'",1,0.8032,1,1.0,0,1.0,1,0.8032,1,0.6038
The mob are usually ignorant. Lincoln also believed in racial superiority so when is his monument coming down?,0,0.8166,1,0.5919,0,0.6085,1,0.5914,0,0.6162
lefty I know dozens of professionals who consume Cannabis and are very successful. How is you life in the trailer park( where very few consume Cannabis but do smoke cigarettes and beer.),0,0.5737,0,0.5737,0,1.0,1,0.6076,0,0.5737
"Brexit was won by the people who were told so often by Britain's elite educators, politicians and media. to shut the f() k up and to keep their stupid opinions to themselves because they are just a bunch of GD racists and idiots.",1,0.6026,0,0.6095,0,1.0,1,0.8119,0,1.0
"That exaggerated attitude is itself inimical to democracy. More like a scapegoatocracy. If hypocrite liberals don't respect Trump and his tens of millions of supporters, why should they respect liberals and their evil ways?",1,0.6528,1,0.6528,0,0.5009,1,0.6528,0,0.5199
Disgusting hypocritical filth.,1,1.0,0,0.6592,0,0.6592,1,1.0,0,1.0
I said he speaks for MOST of us. Too bad you're in the minority.,1,0.61,1,0.6153,0,0.5831,1,0.61,0,0.8083
After Harper/Conservatives it would be difficult to lose any more respect internationally. Indeed the Liberal position will signal a return to the Canadian way as more concerned with peace that slaughtering innocents.,0,0.7232,0,0.7232,0,0.7232,1,0.5643,0,0.5836
"Hands off my Netflix ... and all of you, canadian artists ... go to your grave!",0,0.6033,0,0.8220000000000001,0,1.0,1,0.5747,0,1.0
Political Scientist1 3 hours agoThe paid hasbara trolls and the sycophant G&M Censors on this thread have been really busy overnight!! ______i see more paid naive leftists in the west trollsG and M censors are moderators,1,0.7965,0,0.7997,0,0.7997,1,0.6073,0,1.0
If that citizen hates Canada and its values he should be deported back to where he was born.,0,0.5692,0,0.7259,0,0.8723,1,0.5744,0,0.6005
I think both Wynne and Hilary Clinton would look nice in orange prison jumpsuits.,0,0.622,0,0.622,0,0.8133,1,0.5893,1,0.5893
"Why would Harper, open to the idiotic accusations you suggest, open himself up for that? Get your tinfoil hat out... ret@rds...thank goodness we have a REAL government now. Justine would take the terrorists white water rafing...",1,0.586,0,0.7847,0,0.5976,1,0.586,0,1.0
"'Every trick in the book' = Lipstick on a Pig. And to be perfectly clear, Harper is the Pig.",0,0.5838,0,0.5838,0,0.7887,1,0.6174,0,0.5838
"Cause they are poorly trained, ignorant cowardly murderers.",1,0.8031,0,1.0,0,1.0,1,0.5892,0,1.0
Get rid of the socialist arbitrators,0,0.5923,0,1.0,0,0.8018,1,0.8106,0,1.0
"Three of the men were Chinese Americans? What might that mean to the ""Author"" of this garbage?",0,0.6234,1,0.8225,0,1.0,1,0.7932,0,1.0
Who says it's stupid? Stupid is what sir stupid says.,1,0.6043,0,0.5971,0,0.7986,1,0.6043,0,1.0
I think any woman married to a guy who thought a 35 year old was an old lady would be better off single. Guys like you are actually the reason so many women are single!,1,0.6281,1,0.595,0,0.5925,1,0.6281,0,0.5771
"Well then, Joannie, you must not have been pretty and smart if you think this.",1,0.6002,1,0.8029999999999999,0,0.5968,1,0.6002,0,0.6075
I'll have to remember to not read anything from Mr. Simpson while trying to eat breakfast. What a nauseating piece of drivel.,0,0.6295,0,0.8092,0,0.8092,1,0.5877,0,0.8092
The Poles ............. and Dutch still remember the last idiot who talked like Trump.,1,1.0,0,0.8008,0,1.0,1,1.0,0,0.7962
you're either with us or you're with the child pornographers ... I mean terrorists!,0,0.5003,0,0.5003,0,0.5003,1,0.6665,0,0.6704
thats it. I'm done reading this stupid rag. Signing off FOREVERBYE,1,0.6555,0,1.0,1,0.6627,1,0.6673,0,1.0
'Why is Team Russia still welcome in Rio?' Because we want Poutine to get the Zika virus so there won't be any little Poutines running around in the future. I thought I explained this already,0,0.5788,0,1.0,0,1.0,1,0.6267,0,0.7998
I have a horrible feeling that this 'rehab' is about as real as his 'exercising'. He's an overweight boor with a mind like a cesspool. I would vote for a dog before voting for Ford or his brother.,1,0.6004,0,0.6115,0,0.5987,1,0.6004,0,0.5987
"Nothing will happen, no laws will change. Get used to being a serf. These politicians should all be thrown in jail for life.",0,0.6257,0,0.807,0,0.807,1,0.5751,0,0.5926
Vancouver is one big clearcut and toxic waste dump...,0,0.597,0,0.597,0,0.7954,1,0.5983,0,0.597
"If you don't know the difference... you're just a useful idiot for any fascist, religious thugs racy. You're a dime a dozen these days.",1,0.5855,1,0.5855,0,0.6066,1,0.5855,0,1.0
Clueless! I see you still are!,1,0.6356,1,0.9587,1,0.605,1,0.518,0,0.8051
"The lib-left anti-Semitism raises its ugly head. Left to their own hideous devices, it's not long before the leftists' ugly anti-Semitism shows up.",0,0.6143,0,0.8002,0,0.8002,1,0.5864,0,1.0
Trudeau got in an unblocked jab to fatty.,0,0.8142,0,1.0,0,1.0,1,0.6168,0,0.7985
Absolutely. RCMP now to allow women to wear the hajib. Is this what Canada is becoming? A country dictated by immigrants how Canadians must change to suit them?,0,0.562,0,0.852,0,0.852,1,0.5713,0,0.7156
You said the same thing about Rob Ford. It is self serving request so you can report more on nothing to fill your at times boring editorials. Pigs at the trough must go,1,0.5875,0,0.6105,1,0.5944,1,0.7969,0,0.8199
All of Harper's brain washed and brain dead trolls on here defending their Dear Leader while being paid by Canadian Taxpayers.. What a pile of scum you are.,1,0.7917,1,0.6009,0,0.5878,1,0.603,0,1.0
"So are you saying only university educated adults can decide when to take lunch, vacation and breaks? Education doesn't bring intelligence. How stupid you are.",1,0.8137,0,0.5936,0,0.7926,1,0.7926,0,1.0
Did you bother to even sober up before typing this johnny - I expect you are one of those drunk in your apartment lying in your own vomit (ok I added that but likely true).,1,0.8104,1,0.606,0,0.6089,1,1.0,0,0.7851
"You have to admit, waiting to see just what kind of idiotic crap the duh-niers come up with is pretty entertaining.",1,0.6008,0,0.601,0,0.601,1,0.6008,0,0.8123
"hey KAM , the article is a propaganda piece shilling for hillary,, if you cant see it, your ignorant of reality,,",1,0.7965,1,0.7784,0,0.6178,1,0.7992,0,1.0
The Globe replaces the letter from the former PM's et al with this partisan hack?,0,0.5998,0,0.7874,0,1.0,1,0.6128,0,1.0
"You'd have to read Tom Berger's other works for an answer to your strangely insensitive question, Motihari. You apparently have no understanding of what happens at the confluence of ethnic division and history. BB is obviously no further ahead.",1,0.7989,1,0.7989,1,0.7989,1,0.7989,0,0.6131
T.D. McGee making a fool of himself once again.,1,0.8041,1,0.6,0,0.6097,1,0.6141,0,1.0
"Dual citizen ship is a No No. One can not serve two masters. When one bows to master one its but is facing master two and vice versa. You come to Canada embrace it. If one is sceptical, Just do not apply for citizen ship fair enough.",0,0.9629,0,0.9629,0,1.0,1,0.6143,0,1.0
Oh and he fixed EI. I know it pains you lefties that you will now have to work an entire year but the people paying the bills in this country are rather pleased.,1,0.8025,1,1.0,0,0.6019,1,0.6096,1,0.8025
Can't afford daycare... don't have children or have one parent stay home... rather than sucking off the public teat! Entitled to their entitlements... really sad!,0,0.8011,0,0.5972,0,0.7959999999999999,1,0.7943,0,1.0
What do you believe is the probability that the west supports Israel because they enjoy watching Palestinian children die?,0,0.6073,0,0.8021,0,0.8021,1,0.5996,0,0.5951
It's a disgusting racket producing sludge by unsustainable means.,0,0.6048,0,0.6048,0,0.7991,1,0.6175,0,1.0
Nixon and Harper: both of them cheats and liars.,0,0.5977,0,0.7933,0,0.8056,1,0.5967,0,1.0
"And this loony opinion of yours is based on what exactly? Your gut? If the potheads you know are losers that's your problem, I could say worse about boozers, so what's your point? Just don't have one, how pathetic.",1,0.8035,0,0.5895,0,0.5852,1,0.5895,0,1.0
"Hadfield is an environmentalist as well as a scientist, you boobs. Is this party of hillbilly science deniers going to suddenly sing Hallelujah for a scientist and an environmentalist? Does the stupidity burn your mouth as you speak.",0,0.7749,0,0.7749,0,0.8088,1,0.9181,1,0.8436
"Scum Arabia is exactly that. Iran offers hope for the future and could become mainstream even more then Turkey, scum arabia never so.",0,0.5784,0,0.7822,0,0.5784,1,0.81,0,1.0
I believe they are so stupid re power generation they actually think the likes of wind turbines could actually replace nuclear power.,1,0.6006,1,0.8148,0,0.6152,1,0.6006,0,0.6152
'my Canada'?Maybe that's the problem. Canada owns you more than you own Canada.,0,0.6099,0,0.6099,0,0.6099,1,0.6053,0,0.8066
"What a load of self-serving, self-congratualory nonsense! No wonder Canadians outside Quebec have no idea what's going on there.",0,0.6075,1,0.5979,0,0.6075,1,0.5933,0,0.8102
Almost all murders and non-negligent deaths are caused by BLACKS,1,0.8407,0,0.5694,0,0.7264,1,0.7969,0,0.8859999999999999
"Paul says ""only the more simple minded among us would think so."" Nice way to welcome a new Canadian. Typical leftist vitriol and thuggery from someone whose blue collar just covers his red neck",1,0.7162,0,0.5889,0,0.5889,1,0.7162,0,0.5866
Lmao you pathetic racists never fail to make me laugh,1,1.0,0,0.6711,0,0.7656,1,0.9008,0,0.8632
"Will67, histrionic is posting the same tombstone of bs in reply to post after post.",1,0.6699,0,0.5004,0,0.5004,1,0.6699,0,0.5023
Congradulations Redrider you have the bottom 4 comments on this board. Never seen a 4 time looser before.,1,1.0,1,0.8038,1,0.8038,1,0.7782,1,0.8038
Yeah. Under FPTP Jughead got 180 seats from 39% of the vote. Under the system the LIEberals want (ranked ballot) they would have got 210 seats from 39%. that's the way to rectify democratic imbalances alright....in 3rd world dictator fashion.,1,0.6728,0,0.674,0,0.8422,1,0.5046,0,0.8422
You forgot Harper is a coward who hid in a closet when threatened. Pierre Trudeau sat through a riot and stared down hundred of separatists. Harper is a pathetic excuse for a Prime Minister and an even more pathetic excuse for a man.,1,0.5994,0,0.6121,0,0.5993,1,0.5994,0,0.8108
Because he is a coward.,1,0.5939,1,0.5939,0,0.7887,1,0.5939,0,1.0
Oh please make it so! I'd much prefer to work in a system where these problem kids (and their problem parents) move along to whatever little fad school they feel like!,0,0.7955,0,0.5901,0,0.7883,1,0.6216,0,0.5901
To hell with public sector unions. Right to Work them out of existence.,0,0.607,0,0.8211,0,0.8211,1,0.5923,0,1.0
"No, we can't succeed among ourselves according to Saunders. Instead of learning to wear condoms on your head why not start donating them.",1,0.5966,0,0.5984,0,0.5984,1,0.7934,0,0.6083
"that's Hilarious, suicded, how else could you shoot yourself twice in the head?",1,0.5829,0,1.0,0,0.8085,1,0.5829,0,0.6128
It appears senators anywhere are scum.,0,0.5967,0,1.0,0,1.0,1,0.7886,0,1.0
"Article should be titled, Can manufacturers do more to fight stupidity of self-obsessed dangerous drivers who don't think it's their fault if you die while they text. or if that's too long....Protecting us from stupid.",0,0.594,0,0.7985,0,1.0,1,0.6139,1,0.6003
His childish disrespect of Mr. Trudeau by referring to him as 'Justin' is another example of how small his brain is.,0,0.5949,1,0.7992,1,0.5929,1,0.7992,0,1.0
"I truly hope Brown wins tonight. Time somebody was in Wynne-bags face, hope he throws her under the bus. I will work and donate for and to the Conservatives in the next election we need to be rid of this woman and her cabal",0,0.6039,0,1.0,0,1.0,1,0.7922,0,1.0
PET tried to destroy Canada and may he burn in hell.,0,0.7939,0,1.0,0,0.7939,1,0.6012,0,0.7939
Nothing would surprise me with this guy in power.,0,0.597,0,0.597,0,0.7954,1,0.5983,0,0.7954
"I think you are talking about the second amendment, but in any case just a stupid comment.",1,0.843,1,0.843,1,0.6752,1,0.6644,0,1.0
lets go............ the sooner we get rid of this piece of filth the betterTime to take back Canada and her democracy,1,0.7589,0,0.768,0,0.8863,1,0.7234,0,0.9221
"I don't hate Jews, I hate Zionist thieves, warmongers and Squatter terrorists.",0,0.5976,0,0.7883,0,1.0,1,0.6141,0,0.8126
"Every time Harper speaks, we are reminded that he is yesterday's man.",0,0.62,0,0.6135,0,0.8058,1,0.6001,0,0.8058
Mostly mentally ill and crack heads I bet.,1,0.7916,1,0.5929,0,0.6089,1,0.5945,0,0.8029
this article brought out the mobjust a case of HARPERPHOBIAa phobia related toHOMOPHOBIAISLAMOPHOBIA,1,0.5834,0,0.6105,0,0.6105,1,0.5834,0,0.6105
One last kick. Let the union toady dream!,1,0.6085,0,0.7961,0,0.5858,1,0.6085,0,0.7961
"You show no evidence of ever having listened to CBC Radio One , Front. y Your complete dismissal of all programs, supporting either the right or left, leaves you stringing one helluva silly line.",1,0.7905,1,1.0,1,0.7905,1,0.5956,0,1.0
"No, citizenship is a privilege....I think I'll cancel my Globe subscription. What a crock, wait until they kill someone in your family. These people have no place in our society.....period.",1,0.5762,0,0.5873,0,0.8074,1,0.6083,0,0.6118
Horus....go pound sand. Your nonsensical post indicates you have no bloody clue. You have been brainwashed to the nth degree.,1,0.5816,1,0.5816,1,0.5816,1,0.5816,0,1.0
Another capsized boatload of smuggled refugees from Libya. Put those 500 lives on Hillary Clinton's tab.,0,0.7958,0,0.7958,0,0.5870000000000001,1,0.6042,0,0.6102
"Coverage that reports what someone said is different from insults. Leitch's problem is the same as Trump's....she says such dumb things that simply reporting what she says looks like an attack piece, when it nothing more than news.",1,1.0,0,1.0,0,1.0,1,1.0,0,1.0
Mikey still has poopy pants from yesterday...,1,0.5796,0,0.613,0,0.613,1,0.5796,0,0.613
Bet Charles chokes to death on one of his organic vegetables.....,0,0.5936,0,0.5936,0,0.601,1,0.7992,1,0.6132
"Putin is a fascist and war criminal. The thugs in eastern Ukraine, and those occupying Crimea, need to be expelled.",1,0.5932,0,1.0,0,1.0,1,0.5932,0,1.0
"your stupidity is typical of left wing ignorance,,, https://www.youtube.com/watch?v=bi2QKY3zW8Q",1,0.8141,1,0.8141,0,0.5974,1,0.8141,0,0.7961
"Wow. Your replies make so little sense, I have to assume you took some kind of psychotropic drug before you logged on. Um... might want to reconsider that next time. Just sayin'.",1,0.5991,1,0.5991,0,0.591,1,0.5991,0,0.6007
214 montreal you're an insensitive iidiot....,0,0.5757,0,0.7794,0,0.7794,1,0.6093,0,1.0
"Redford yet again shows She is more aligned with Her bretheren at the UN than Alberta... Lawyers do that, it's called Weasel words... used in an Election, then do something else altogether! One hit blunder this one...",1,0.5014,0,0.638,0,0.638,1,0.6245,0,0.7562
That would hurt the idiots.,1,0.8041,1,0.6034,0,0.7982,1,0.6023,1,0.5954
"He was mentally ill, nothing to do with leave or stay, political opportunism at its 'worst.",1,0.6164,0,0.7961,0,1.0,1,0.6164,0,1.0
Steve lies- doesn't he? All the time. And yet people vote for him. Perhaps they are lying bigots too.,0,0.5994,0,0.5994,0,0.6318,1,0.6033,0,1.0
Pity that religious fascist lunatics feel ONLY THEY have the right to pass judgement on this matter !![ 'Disabled ' ?? ],1,0.8019,0,0.5992,0,0.5992,1,1.0,0,1.0
"Roses are red, Violets are blue, Justin is stupid, And his voters are too.",1,0.8804,0,0.7276,0,0.8071,1,0.7225,0,0.9242
RACIST! Expecting everyone to be treated the same? MONSTER!I'm calling the Human Rights Commission. Expect a kangaroo to be at your door soon.,0,0.5919,0,1.0,0,0.8107,1,0.621,0,0.7871
"Ms. Byrne, you are ignorant, uneducated and coarse. Go away. And Globe and Mail? Shame on you for giving her a forum. She adds NOTHING.",1,0.6046,0,0.6169,0,0.6026,1,0.6046,0,1.0
Have to laugh at the son of a Prime Minister who is made Prime Minister claiming to speak for a 'fair shot'. What a joke Trudeau and the Liberals are.,1,0.8503,1,0.8503,0,0.5585,1,0.7054,0,0.7212
She swears she wasn’t doing it when we were together and it was only pills that she was doing when I kicked her out the last time plus I haven’t fucked her in 2 1/2 years but I still feel like I should get tested for every disease known to man.,1,0.5361,0,0.9079,0,0.8136,1,0.6758,0,0.6992
Boule sheet.,0,0.6145,1,0.5901,0,0.6145,1,0.5901,1,0.5901
That's it Rio... stay klassy... DOOSH,1,0.5184,0,0.6591,0,0.8327,1,0.6844,0,0.6591
'... ending the Tory's four-plus decades in power ...' Now which particular Tory would that be? Sloppy.,0,0.597,0,0.597,0,0.597,1,0.5983,0,0.597
"Muhtar Kent, CEO of Coca Cola, should be tried for mass murder. Coca Cola employee, Ian MacDonald, should be tried as an accessory to mass murder. How's your sugar bliss point now?",1,0.5897,0,0.8073,0,1.0,1,1.0,0,0.608
The second any Natives sets up a road block stop all welfare cheques. Why should we be paying Terrorists to terrorize Canadians?,1,0.5928,0,0.7887,0,1.0,1,0.6046,0,1.0
"The court does NOT create law - it just tells the politicians to rewrite the laws MORE CLEARLY. And they do and the system works - until some wing nut decides politicians should be dictators beholden to no outside scrutiny. Stupid move, wing nut!!",1,0.6453,0,0.6853,0,0.6853,1,0.6453,0,0.5112
"Kick Duffy out of the Senate, and cancel his pension.",0,0.8197,0,0.8197,0,0.8197,1,0.5908,0,0.8197
"NO. its what progs do. They are ridiculously divisive, accuse Conservatives of being divisive, and unfortunately people like you seem to love their lying hypocrisy.",1,0.7895,1,0.8129,0,0.7957,1,0.7895,0,0.6086
That's why we should stop allowing Muslims into Canada. It may not be the parents that want to do us harm but in many cases it's their offspring.,1,0.7246,0,0.8428,0,0.8862,1,0.5665,0,1.0
"Harper gang gets a bump in the polls, and Harper and his chief elf PP snicker behind their sleeves and say, 'Suckers!'",1,0.598,0,0.8145,0,0.8145,1,0.7913,1,0.6054
Simpson is one of the finest journalists in Canada. Drop dead csayers.,0,0.6212,0,0.601,0,0.8029999999999999,1,0.5808,0,0.8182
"So you are OK handing presidency over to a criminal who set Libya, Egypt and Syria on fire, is in cahoots with corporate donors and who is being investigated by the FBI? You must have voted for Wynne.",1,0.605,1,0.5857,0,0.8045,1,0.6098,0,0.7977
It's probably under 'L' for 'Leftist Scum'. or maybe under 'W' for 'willfully ignores my wisdom'.,1,1.0,1,1.0,0,0.6025,1,0.7872,0,0.6102
Its so comforting to know that a bunch of racists are in charge of Quebec. All you can do with that province is laugh at it.,0,0.6118,0,0.8074,0,0.8074,1,0.5762,1,0.7962
"if this is the kind of ""man"" you want to be (weak) then go ahead and follow this jew bastard",1,0.9635,0,0.536,0,0.5689,1,0.9635,1,0.6054
"Officemat ...your comment just shows you know just enough law to be dangerous.....your comment has truth, but no accuracy or substance that stands up to proper scrutiny. Stick to being a mat not an arm chair lawyer.",0,0.6111,1,0.8185,0,0.6111,1,0.5964,0,0.8071
Try watching CNN. They are an arm of the Democrats. Its pathetic really.,0,0.5965,0,0.5965,0,1.0,1,0.6197,0,1.0
"'Complain all you want. The ontario liberals are bad, the Fed conservatives are bad.'Ok.Let's settle for 'politicians' are bad.",1,0.8021,0,0.7967,0,1.0,1,0.7967,0,0.7967
"Trust the Globe to run an editorial discussing Baird's use of English only, rather than taking him to task over his incessantly stupid comments. In English or French, the man's a disaster.",0,0.5879,1,0.6113,0,1.0,1,0.6113,0,1.0
"That is Mr. Harper to you, Damocles. Shame on you for employing such schoolground tactics. But then again, it does reveal your intellect (or whatever it is that you excuse for rationale thought).",1,0.8072,1,1.0,1,0.5878,1,0.7933,0,0.7945
Here you are fifty years later still trying to fool Canadians and still dying your hair blond.,0,0.6164,0,0.5770000000000001,0,0.8066,1,0.5943,1,0.5865
You are highly judgmental.,1,0.7969,0,0.7936,0,0.7936,1,0.5905,0,1.0
"They should be on a no fly list.....along with Suzuki, Young, Leonardo, Bono, Christy Clark, Daryl Hannah, Obama and all the other hypocrites who point fingers at Alberta Oil, while ignoring their own actions.",0,0.6162,0,0.8027,0,1.0,1,0.5851,0,0.8027
Get a life!,1,0.9643,0,0.5611,1,0.8499,1,0.7999,0,0.9561
"Joe never had political smarts, Trudeau ate him alive.",1,0.6106,0,0.7918,0,1.0,1,0.6106,0,0.7965
"So it was a wong for Ford and Harper to do this, but okay for Notley ? Take a stand, but for crikkes sake stop being a hypocrite.",0,0.8225,0,0.5835,0,1.0,1,0.5941,0,1.0
Equals? Boy these idiot mountain 'tourists' from the rich countries think a lot of themselves...,1,0.6103,1,0.6103,0,0.5934,1,0.6103,0,1.0
Got screwed by the liberals more than once. They became the LIEBERALS.,1,0.6773,0,0.6675,0,0.6675,1,0.5035,0,0.8426
As an immigrant I resent uninvited illegal economic intruders being dignified by the term'immigrant'.,0,1.0,0,1.0,0,1.0,1,0.5939,0,0.8032
"Global warming: It's the politics, stupid.",1,0.8526,1,0.7026,0,0.591,1,0.7093,0,0.7217
"Yup, typical leftie who doesn't mind people he doesn't agree with being shot in cold blood. So how does that make you any better than the murderer in Orlando? Oh wait, it doesn't.",1,1.0,1,0.5888,0,0.6006,1,0.8088,1,0.8078
"What a meaningless article, all I read was blah, blah and more blah....then I stopped reading..",1,0.7985,0,0.6185,0,0.6185,1,0.7985,1,0.6073
Konrad and the globe and flail are such toadies of big business that they'd be critical of their own grandmother if she didn't side with Harper and his wrecking crew. They are soo transparent and odious!,0,0.7962,0,0.7962,0,0.7962,1,0.5922,0,0.5784
Just another media weasel. Why the f should we care?,0,0.6063,0,0.6063,0,0.6063,1,0.6033,0,1.0
'Get the f**k out of my sunny ways!',1,0.8058,0,0.6074,0,0.6074,1,0.8058,0,0.795
there should be a big disclaimer on this article:'Writer of this article is a Sunshiner at the trough!',1,0.5972,0,0.596,0,0.596,1,0.8069,1,0.8069
"Garbage autist, you missed trash collection yesterday, next time hop in and save everyone ssome time",1,0.9454,0,0.7169,0,0.6634,1,0.835,0,0.8813
Jozef Conrad 23 hours agoOne would expect that an article relating to Sharon's legacy would be written by a non-Israeli (to avoid bias) ... -----maybe written by an ARAB - no biasor a naive leftists in the west - no biassarcasm,0,0.6145,1,0.5901,0,0.7926,1,0.5901,0,0.6145
Tom Z should gaze at his own Canadian navel and not that of his neighbour,0,0.5079,0,0.6344,0,0.6233,1,0.6227,1,0.5064
"Best newspaper in the country. If you don't like it, don't read it.",1,0.6221,0,1.0,0,0.7879,1,0.6221,0,0.5688
"No truthful friend, but then folks like you have always had a problem with the truth.",0,0.6612,1,0.6876,0,0.8317,1,0.6633,0,1.0
Rank paranoia and fear-mongering. You reak of anti-religious bigotry.,1,0.8068,0,0.7948,0,0.5974,1,0.5899,0,1.0
Ah - no wonder when the white Christian man came they considered native canadians 'uncivilized' when their definition of civilzation was built on the wisdom of the Pope who considered individual conscience stupid.,0,0.6039,0,1.0,0,1.0,1,0.6034,0,1.0
"exactly, these pigs suck on the teat of the taxpayer engorging themselves, and then tell Canadians they need to raise taxes... and wage war on the front-line public service workers making modest incomes.",1,1.0,0,1.0,0,1.0,1,1.0,0,1.0
"I'm sure if Harper resigned, you'd call him cowardly. And if he remains, you'll claim that it's proof of his intransigence, pig-headedness and dictatorial nature.",1,0.8088,0,1.0,0,0.7929999999999999,1,0.608,0,1.0
'Get over yourselves'? Are you serious? You realize that we are talking about a racialized group that is being systemically oppressed and murdered by police? I wonder if you would say that if you were the mother of a black teen-aged boy?,1,0.8344,1,1.0,1,0.6626,1,0.6566,0,0.6808
A good article from Saunders will be when he writes that he's quitting being a 'journalist',0,0.7902,0,0.5919,0,0.5919,1,0.5846,1,0.8083
"To echo Patricia F, what's this got to do with anything? Your pseudonym 'foolishvirgin' is an apt description - but as I have discovered over many years, there is absolutely no way that science and actual facts can get in the way of idiotic theories.",1,0.599,0,1.0,0,0.7988,1,0.8002,0,0.7988
He likely already has several diseases given...,0,0.7946,0,0.5924,0,0.7946,1,0.5985,0,0.7946
"Hear, hear. The armchair spies are out in full force today. Doesn't matter what you think. This man has done more of significance for his country than either of you losers ever will.",1,0.6043,0,1.0,0,1.0,1,0.6043,0,1.0
"The only echo chamber is the lamestream media that's constantly shoving globalist cockroaches like Trudeau and Clinton down our throats. That's why the lamesteam media is failing, nobody's buying their elitist lies anymore.",1,0.5972,1,0.5972,0,0.7905,1,0.5972,0,1.0
Crawl back under your rock Archie!,1,0.5969,1,0.5969,0,0.7896,1,0.5969,0,0.5985
"Putin, the preening sissy, makes Richard Simmons look butch.",1,0.7951,0,0.7934,0,0.7934,1,0.6001,0,0.805
"Given that only idiots and partisans repeat rumours, one could surmise that those given to speculate on such matters are lower than the worst one could think of Mike Duffy.",1,0.7335,1,0.7335,0,0.6262,1,0.6268,0,0.6338
"APparently Baird & Co exist to salute, click their heels, and yell the Zionist party line.",1,0.6647,1,0.5091,0,0.6559,1,0.6647,0,0.662
More display of your bigot world. When one has nothing positive to say he should shut up. A rule you seem to ignore because of your attitude based on ridicule or redneck behaviour.,1,0.6054,0,0.7929999999999999,0,0.5954,1,0.6054,0,0.5954
Addiction Research says pot should be legalized. Trudeau was right. Harper and his bandits have been setting up shop behind the scenes....hypocrites.,1,0.598,0,0.5997,0,0.5997,1,0.598,0,1.0
Just pathetic.,1,0.5884,0,0.624,0,0.8149,1,0.79,0,1.0
What a bunch of horsecrap .,0,0.8437,0,0.8055,0,0.6919,1,0.7676,1,0.6168
"and another idiot who thinks obama would of approve any of those with justin when he kills them for internal usa politics,,",1,0.7869,0,0.8131,0,0.6043,1,0.6,0,1.0
I'm not an atheist.....I'm an anti theist. Down with all brain washing cults.,1,0.8099,0,0.9585,0,0.9585,1,0.7288,0,0.7048
"These bmw driving yuppies don't understand that until one of them gets robbed at gunpoint, then they're screaming for the police.",1,0.5782,1,0.7998,0,0.6221,1,0.5985,0,0.8134
"There is a good chance he is guilty .We have too many crazed miscreants in our society who visit unspeakable acts on innocents. He , and his ilk should hang if proven guilty. Too bad we do not have the death penalty.",0,0.6114,0,0.7914,0,1.0,1,0.5853,0,1.0
"You've never been raped brutally by multiple soldiers, have you?",1,0.7873,0,0.5897,1,0.6116,1,0.7873,1,0.7986
I don't live in the West but nice assumptions fag. ,1,0.922,1,0.633,0,0.5297,1,0.9588,1,0.5125
"Harpers base consists of the top 1% and their stooges ? motley a group of those born out of ignorance, greed, intolerance and a dislike for science and concern for the environment.",0,0.6098,0,0.8101,0,0.8101,1,0.8101,1,0.5868
I'm not sure whether you are one of the affected civil servants who understandably are not happy with this announcement or not. I do know that you have written one of the most annoying posts ever to appear on this sight. Get a life!,1,1.0,1,0.8047,0,0.6033,1,0.6015,0,1.0
Joint at the hip? Or one in your mouth?,1,0.8033,0,0.5884,1,0.6066,1,0.8033,0,0.6083
Kim's a nut.,0,0.6169,0,0.6169,0,0.6169,1,0.5739,0,1.0
"and we are to ignore the mental and physical abuse within the Christian Evangelical movement, the worst offenders being the Baptist and Pentecostals?",0,0.8116,0,1.0,0,0.8116,1,0.6002,0,0.6005
"CGL can build pipelines in hell, rather than turn Earth into an inferno",0,0.5205,0,0.9275,0,0.9275,1,0.604,1,0.6091
That religion crap is sure 'far out man'....people believe this putrid drivel? To the insane asylum you crazy bible thumping crackers.,1,0.7893,1,0.6014,0,0.7939,1,0.7893,0,1.0
Ford is a child. A real man would have resigned in disgrace.,0,0.6023,1,0.6023,0,1.0,1,0.6136,0,1.0
Try all you want. His father loved commies. Just like his son does.,1,0.6012,0,0.6029,0,0.5982,1,0.6012,0,0.5965
Ya but in Ontario the LIberals only rip off the tax payer. The Kadhar family rips off the country.,1,0.6713,0,0.6752,0,0.8282,1,0.6713,0,0.6701
"'Wente clearly says ' Men are idiots'No, she did not. Read the whole article....",1,1.0,0,0.7532,0,0.7532,1,0.7532,0,1.0
to Jim Young Burlington - maybe it's because she's a liar.,1,1.0,0,0.7514,0,0.7514,1,0.7514,0,1.0
"The headline should read ' As Terrorists Ramp Up, Trudeau Ramps Down '",0,0.8008,0,0.5908,0,0.8008,1,0.6048,1,0.6048
Hiring men who are real men and not lapdogs for the political correctoids in the Ministry of Ed and board of ed. offices.,0,0.5814,0,0.8044,0,0.8044,1,0.6142,0,0.8044
Jack you idiot... being in charge of a classroom of 20-30 reluctant teens is a much better preparation for running a country than working in a mail room and for a lobby group.,1,0.7945,0,0.8074,0,0.6033,1,0.5929,0,0.7959
"No, they hate everyone else from outside their borders!'The immigrant vote' along with ridiculous language laws.",0,0.6635,0,0.6635,0,0.6635,1,0.5124,0,1.0
"Then your imagination is lacking . imagine them within living memory of many. ?1936 to 1945 or longer in some cases yes Ww II ONLY COST ABOUT 25 million lives, plus millions more ruined",1,0.5999,1,0.8023,0,0.7977,1,0.5999,0,0.5932
Uncle Truth B. Known uncle fool is a batcrazy nut. He partitions bats and dines with partitioners. You need a neurosurgeon. Couillard could be the one!,1,0.8028,0,0.7982,0,0.7982,1,0.6101,0,0.7982
Good for you. Keep collecting bums and junkies and try hard to be proud of them. 'Poor people' my foot...,1,0.5729,1,0.7315,1,0.7315,1,0.5729,1,0.5942
"Bozo the clown/drama teacher/camp counsellor belongs in a circus, not 24 Sussex.",1,0.5965,1,0.5965,0,0.606,1,0.5911,0,0.7995
"...sure is a good thing CONs are spending our money monitoring these comments. the equallymonitored backbenchers are probably keeping tabs on here, too.",1,0.6617,0,0.674,0,0.674,1,0.6617,1,0.8344
Looking at the general behaviour in Parliament is embarrassing. Some act like immature school kids trying to irritate a teacher. These people represent our leadership? What a bunch of idiots.,1,0.5961,0,1.0,0,1.0,1,0.5961,0,0.8068
"Only the self-absorbed in their ant-like thinking, consider the working poor, 'grasshoppers'.",1,1.0,1,0.7903,0,0.596,1,0.7903,0,0.596
"So clearly, based on yesterdays equally misleading article about the same thing, the Stackhouse/Crawley CPC outpost is tasked with promoting this nonsensical pipeline idea.",0,0.6069,1,0.5919,0,0.6085,1,0.5935,0,1.0
"Yesssssssssss that canard you speak off has been butchered { halal } ,plucked , eviscerated and fricasseed , yet those who wish to throw burkas on issues, looking at you sister Khan , continue to obfuscate with a vengeance !",0,0.5988,0,0.5988,0,0.8051,1,0.6064,0,1.0
I wonder if Rob Ford enjoys a good dog fight? Only thing that seems to be missing: He really ought to trade in the Escalade for a Hummer with the rotating hubcaps. If he's going to be top gangster in da hood he's really gots' to step it up YO!,0,0.8109999999999999,0,0.5949,0,0.8109999999999999,1,0.5907,1,0.8143
If all you crave in a woman is a wet t-shirt or a bikini then you are a pig....sigh...hey buddy my eyes are up here...,1,0.8540000000000001,1,0.7072,0,0.5801,1,0.5534,0,0.5627
"Ah yes. The G & M is shoving it down your throat, isn't it? Simple solution to your being offended. Shove off to the Nasty Post.",1,1.0,0,0.5867,0,0.6044,1,0.8044,0,0.5867
"robo-con harper is a walking, talking f-bomb. (fraud)",0,0.8003,0,0.7905,0,0.596,1,0.6166,0,0.594
Cannabis has been used to treat addiction to hard drugs -- might work for Nicholson and Toews as well ... we could only hope.,0,0.7196,0,0.5697,0,0.8693,1,0.569,1,0.5774
If this is such a big issue that the U.S. got wrong... I say keep torturing these a-holes until they get it right.,0,0.594,0,0.7985,0,1.0,1,0.6139,0,1.0
"The speech balloon above her head had to be saying 'Why does he get that great hair for free and I spend a fortune on mine',while her pancake make up was holding on for dear life.",1,0.67,0,0.5044,0,0.6711,1,0.5032,0,0.6711
"Perfect example of blind ideology trumping everything else, including common sense!",0,0.8031,0,0.6127,0,0.6127,1,0.588,0,1.0
"ahahahahahaha... I can't wait for the start of Donald Trump's presidency, it will be EPIC. I hope puts drama teacher, selfie boy in his place. Go Trump, Make America, and the West, Great Again.",0,0.6065,0,0.8142,0,0.8142,1,0.5918,0,0.6112
maximrw - what's backwards? THe coward's a Harper?,0,0.5953,0,0.5953,0,0.7909,1,0.6052,0,1.0
The company he runs is have the size of that his father gave him. What a joke. This guys leading no one nowhere.,0,0.5838,0,0.5838,0,0.7887,1,0.6174,0,0.5838
"I don't care where he is, and I don't want to know. All I want is for him to stay where he is, and not come back. Is that too much to ask?",0,0.8142,0,1.0,0,1.0,1,0.5975,0,1.0
"Actually I have, those who believe in fairy tales and other assorted biblical / religious stories are the ones drinking milk and eating cookies. Ba, Baaaa",0,0.5055,0,0.6333,0,0.6333,1,0.6218,1,0.7516
"Hey Ladies, It's not always about you!",1,0.8334,1,0.8334,0,0.5072,1,0.6658,0,0.8414
@ StompinYet you are tone deaf when it comes to the countless Harper scandals over the years. You are a true Conservative supporter. Your team all the way even if it makes you a hypocrite.,1,1.0,1,1.0,0,0.6086,1,0.7953,0,1.0
"NoinradClearly you are a 'believer', and no amount of adverse data will change your mind. You are the little kid with fingers in ears saying la la la can't hear you!",1,0.8919,0,0.6076,0,0.7244,1,0.6014,1,0.5303
To provide a counter opinion would give some credibility to your tiresome drivel.,1,0.6099,0,0.5918,0,0.7891,1,0.6046,0,0.7973
Trudeau and Harper are relatively close in age. You realize that right? Harper just looks older... and fatter.,0,0.5816,0,0.7315,0,1.0,1,0.7244,0,0.7224
A pickled ham wearing lipstick and an apple in its mouth.,0,0.5038,0,0.674,0,0.674,1,0.6595,0,0.674
"He should've gone to the gay parade,",1,0.7908,0,0.6179,0,0.8212,1,0.7908,1,0.5724
"Is that you, Mr. Ibbitson? You do seem to carry the torch for every failed experiment in so-called 'conservatism'.",1,0.6711,1,0.6711,0,0.5038,1,0.6595,0,0.674
Never trust anyone who predicts the future with such certainty. This article and woman are examples of why the British want and need to leave. Another globalist rant about how your average person is too stupid and inept to govern themselves.,0,0.6091,0,0.8059,0,0.8078,1,0.5972,0,0.9249
People who have unhealthy relationships with sheep are likely to be Republicans!,1,0.7973,0,1.0,0,0.8102,1,0.5906,0,0.5992
"In the Harper Government we have a splendid example of the Emporer without clothes. Despite the propaganda spewing out of the PMO, Harper's Goverment is the most incompetent in decades.",0,0.6145,0,0.6145,0,0.7926,1,0.5901,0,0.7926
"Whole lot of denial and rationalization going on in your long comment - Harper couldn't possibly have a good policy, hence the rambling.",0,0.805,0,0.805,0,0.805,1,0.5929,0,1.0
"Right now, at this very moment, Weener is probably looking at porn or sexting a minor. And how about that pitiful wife of his!",1,0.5983,0,0.8074,0,0.8074,1,0.5929,0,0.8074
The only thing uniting the Arabs is their hate for you. Do you want Canada to have the demographics of France or the UK? It may already be too late.,0,0.5976,0,0.6094,0,0.7976,1,0.7929999999999999,0,1.0
"boz is hoping to dance on the grave of the last dirty hippie right after he does the same to the last filthy Commie. (Assuming he can do it with his walker, and remember why he was there.)",1,0.7957,1,0.5898,0,0.7957,1,0.7957,0,0.8055
The 'disease' is a populace so given over to the mantra of lower taxes that - for instance - Toronto has become the North American gridlock capital. It's mayor is a glorious product of the disease.,0,0.5185,0,0.8239,0,1.0,1,0.513,0,0.6633
"Well, this pretty much explains the lack of intellect and rationale in the typical Con post.",0,0.6083,1,1.0,1,0.6047,1,0.5773,0,1.0
"Actually, Idiot, it wouldn't. If we didn't hsve to pay for all the social/welfare programs for illegals, we'd have plenty of cash fir infrastructure.",0,0.6264,0,0.6264,0,0.6264,1,0.5822,0,0.8103
'Harper went way over the top with the fear-mongering.'Creating and escalating fear is the definition of terrorism. Harper is consequently the most dangerous terrorist in Canada.,0,0.6118,0,0.8074,0,0.8074,1,0.7799,0,0.6118
'no different than anything else thrown out there over the years' - Yeah. By PCs introducing to Canada the worst aspect of US campaigning style. You can actually say this without feeling ashamed?,1,0.6148,0,0.5977,0,0.5977,1,0.6148,1,0.601
"That's right. Police have a licence to fabricate, and get away it. Just go to a police station and try to report a police officer or child protection worker. Policing is a dirty dirty corrupt business. www.OttawaMensCentre.com",1,0.8256,0,0.6836,0,0.6775,1,0.6621,0,0.8481
A real PM. Thanks for the service to your country. Our current PM is an American want to be. Steven Harper is a Dominionist Evangelical warlord. The incrementalism idiot who hides behind 'economic freedom' as the Trojan horse of the oligarchy.,1,0.6049,0,0.7962,0,1.0,1,0.6049,0,0.7979
"so, as long as these terrorist thugs are burning Egyptians alive we should just sit back and contemplate our navels... like we did in the 30's with Hitler and Mussolini... you are the loser my friend and the terrorists are counting on people like you",1,0.6083,0,0.7871,0,0.7871,1,0.6083,0,0.7871
Know what? This is a pretty lame idea for an article. You'd expect more from a university prof.,1,0.8073,1,0.7784,0,0.6178,1,0.6065,0,0.7784
"NDPNDPNDPNDPNDPThe inheriting chief of the Inheriting Party probably doesn't know what the term 'working class' means. He has never used it. If he did, his brain would probably get dirty.",1,0.7975,1,0.5938,0,1.0,1,0.5938,1,0.6022
"For decades, the big frightening threat was fundamentalist Christians...",0,0.8178,0,1.0,0,1.0,1,0.5241,0,1.0
'These Liberals are crooks.' you say. Where is your proof? Your comment was strong until you pulled out this pathetic statement.,1,1.0,0,0.5996,0,0.7953,1,0.8089,0,1.0
who is this idiot! another great reason I cancelled my subscription to this once great paper,1,1.0,0,0.7618,0,0.7618,1,0.7564,0,1.0
Please try not to be obsessed with our PM. You need to go see a doctor.,0,0.5913,0,0.6085,0,0.6085,1,0.6048,0,0.6048
"AB RWHow many Babies from unplanned pregnancies have you and your congregation adopted lately? God is watching you, you hypocrite",1,0.5934,0,0.607,0,0.607,1,0.5934,0,0.5957
Could you be more of an apologist for this ragingly misogynistic collective mental illness that is Jihadism?,1,0.5841,1,0.5996,0,0.7928,1,0.7928,1,0.7928
You'd have to be crazy to write an editorial like that. I killed myself laughing.,0,0.8071,0,0.6126,0,0.6126,1,0.5905,0,0.5998
"For Heaves Sakes, DustyPixie, give it up. Everything is not an attack on your manhood.",0,0.6138,1,0.633,0,0.7966,1,0.5704,0,0.7966
"You counted the EU twice, and Germany three times. Was that an honest mistake, DUNDAS2? Carelessness, or deliberate deception?",0,0.5852,1,0.7951,0,0.7835,0,1.0,1,0.5786
'The only thing worse than being colonized by the British is NOT being colonized by the British.'Monty Pile-on,0,1.0,0,0.6208,0,1.0,0,1.0,1,0.5784
Hahahaha. 'real diplomatic influence' hahahahaha,0,1.0,0,0.5937,0,0.8095,0,0.5817,1,0.7976
maybe they should get in the closet with harper,0,0.7986,0,1.0,0,1.0,0,1.0,1,0.6159
Is that fair to megalomaniacs?,0,1.0,0,1.0,0,0.7582,0,1.0,1,0.7528
"Madiba's values? Communist violence, incompetence, and corruption? Ma'am we already have a Liberal party.",0,0.8076,0,0.6044,0,0.8076,0,1.0,1,0.6044
Just give these aboriginal Chiefs envelopes stuffed with cash and any talk of 'Mother Earth' will go away. Problem solved,0,0.6567,1,0.5091,0,0.6671,0,0.6567,1,0.8251
"Hey, it isn't exactly a surprise that Iranians don't recognize Israel when, like Harper predicted, Canadians don't recognize Canada.",0,0.5978,0,0.5978,0,0.8101,0,0.8101,1,0.5971
China's government is working on this right now . I guess the UN shouldbe helping them. World peace through religious suppression.,0,0.6094,0,1.0,0,0.8144,0,0.6094,1,0.5916
"Harper wishes to build more modern, humane hell-holes?",0,1.0,0,0.7592,0,0.7559999999999999,0,1.0,1,0.7579
'Mr. Harper is not bringing back capital punishment. He?s doing worse. Condemning human beings to die in their cells like forgotten animals without the slightest trace of hope is a punishment more cruel than injecting them with lethal poison.'So?,0,1.0,0,0.813,0,1.0,0,0.8178,1,0.6023
Harper thanks you for not voting.,0,0.8209,0,0.6012,0,1.0,0,1.0,1,0.5888
OMG! Actual analysis.,0,0.8074,0,0.6248,0,0.6248,0,0.6248,1,0.5742
"Shame on Harper, good for Brison!",0,1.0,0,1.0,0,0.7886,0,1.0,1,0.5785
"And if Harper is the smartest guy in the room, we must be talking about the Conservative caucus meeting room where the trained seals come to get their orders from PMO.",0,1.0,0,1.0,0,1.0,0,1.0,1,0.7861
"How do i claim a free house, income, and sit on my bum?",0,1.0,0,1.0,0,0.7788,0,1.0,1,0.6063
"Oh yes, the time of the Crusades was very secular and Democratic!",0,0.5201,0,0.5201,0,0.5201,0,0.6831,1,1.0
"I love when religious people accuse me of ignorance, it is just about the most ironic and funny thing I can think of.",1,0.5893,0,0.6298,0,0.6298,0,0.59,1,0.7879
How refreshingly void of content.,0,0.8634,0,0.5805,0,0.5805,0,0.8634,1,0.8539
"Now that you've climbed on your high horse and accused someone of being a bigot, please tell us about the family you've sponsored.",0,0.6081,1,0.5784,0,0.8073,0,0.8008,1,0.5784
They can't deport them. Just like we can't deport them. Are we stupid?,0,0.5986,0,0.8031,0,0.8031,0,0.5986,1,0.606
"...so true Walrus ..but whats handing over men, women & children over to be tortured compared to the horrendous act of blazing a doobie",0,0.7896,0,0.5889,0,0.7896,0,0.7896,1,0.6019
nope you have a tin foil hat...,1,0.5848,0,0.8057,0,0.6168,0,1.0,1,0.5935
In Jeff's world somehow cutting consumption taxes 'dampens spending'? What colour is the sky in your world?,0,0.7993,1,1.0,0,1.0,0,1.0,1,0.6033
"To everyone. Pay your god-damn taxes, and be happy about it.Be happy to pay more taxes. Thank you.",1,0.7888,0,0.8142,0,0.8142,0,1.0,1,0.5983
"Yes, high prices make theft understandable.",0,0.7987,0,0.7987,0,0.7987,0,1.0,1,0.6033
". Meanwhile, over at the Justin Trudeau BBQ, 'the cars just keep rolling in .....' .",0,0.8009999999999999,0,0.8041,0,1.0,0,1.0,1,0.8024
"Thanks for the money, Alberta. You're not as right wing as you pretend to be",0,0.7881,0,0.7881,0,0.7881,0,0.6055,1,0.5818
Yes I'm sure doing mushrooms and eating berries requires massive intelligence.,0,0.5937,0,0.509,0,0.6719,0,0.7591,1,1.0
"Research-driven sex education written and ""researched"" by Ben Levin (convicted sex offender).",0,1.0,0,0.8503,0,0.8503,0,1.0,1,0.7308
brilliant broadcaster? I think not.,0,0.6414,0,0.7571,0,0.512,0,0.6418,1,0.6016
How quaint. A 'progressive conservative'. I thought they were fossilized by now.,0,0.6082,1,0.8127,0,0.7955,0,0.7955,1,0.6026
So your big concern is he is fiesty? You are really grasping - makes me think you are actually very concerned.,0,0.5964,0,0.5964,0,0.6157,0,0.7964,1,0.5879
"Yes please! As a long time Liberal supporter, I fully support Kevin O'Blowhard to run for the leadership. Now that is entertainment.",0,0.7981,0,0.7981,0,0.7981,0,0.7981,1,0.5967
My reply to John Broadbent was deleted by the censors. Might be because I mentioned money.,0,1.0,0,0.7994,0,1.0,0,1.0,1,0.6011
Typical Harper bullying....Seems to work fer domestic relations......Let's give 'er a go fer foreign relations......If it don't work we can run and hide......like at home. Get right on that John....why do you think I keep you around!,0,0.6033,1,0.8085,0,0.8009999999999999,0,0.7948,1,0.6095
'he has become unhinged'...unhinged from what?...the blatant lies?,0,0.6063,0,0.6063,0,0.6063,0,0.8128,1,0.6029
The leader of the Liberal Party likens the Canadian military to a male appendage and the Globe's Starbucks Socialists applaud. Trudeau is not a serious person. The LPC is a charade.,0,0.8057,0,0.8017,0,1.0,0,1.0,1,0.5904
"Sure, let's have used car dealers like Dean Del mastro deciding everything. Let's have Rob Ford, so policy can be decided by whoever phoned him last.",0,1.0,0,1.0,0,1.0,0,1.0,1,0.6134
"Yes, I'd like to hear an elaboration as well. A party receives 30% of the popular vote and ends up with 30% of the seats. How is that rigged? Pizza parliament? What's that?",0,1.0,0,1.0,0,1.0,0,1.0,1,0.7557
Remember the author is a Professor that lives in la-la land.,0,1.0,0,1.0,0,1.0,0,1.0,1,0.6054
"I didn't realize that the conservatives lost the election on purpose. Thanks for that- I guess it explains the lack of a coherent plan, and so forth.",0,0.5714,0,0.5714,0,0.5714,0,0.7845,1,0.6157
ahhhhhhhhhh....and then life will be sweeeet and all evil will be gone,0,0.8001,0,0.8001,0,0.8001,0,1.0,1,0.5947
"...Howler baby, what say you of that delicious busttoday in Montreal? I almost choked on my 'socialist latte' this morning... still laughing?",0,0.5923,0,0.5923,0,0.797,0,1.0,1,0.61
"Yeah, just like Canada's hate speech laws don't prevent you from having an opinion. I'm sure you have no problem with Canada's hate speech laws, right?",0,0.8122,0,0.6173,0,0.8122,0,0.8122,1,0.6059
"Jeffrey, to write a column on this topic, you might have taken the time to read Linda McCuaig's and Neil Brooks' book, The Trouble with Billionaires. Or better still, why not interview them and then write another column. How about that?",1,0.5827,1,0.5827,0,0.6067,0,1.0,1,0.5827
Keep shooting you may eventually hit something....,0,0.6006,1,0.5967,0,0.8009999999999999,0,0.8024,1,0.8024
The CIA and CSIS don't pay posters... only China does. Molly want a cracker?,0,0.5822,0,0.5822,0,0.5822,0,0.7962,1,0.6146
"Your life is rough, eh?",0,0.8121,0,0.5873,0,1.0,0,1.0,1,0.7962
And he walks on water...,0,1.0,0,1.0,0,1.0,0,1.0,1,0.8454
"I'm just waiting for the announcement from Wynne that the Govt is partnering with OTPP, OMERS who will be investing in Rail, Health Care, Education Infrastructure financed with the Lib Revenue Tool known as Wynne Ontario Pension Plan scam.",0,0.8152,0,0.8152,0,0.8152,0,0.8152,1,0.5981
Your attempted leap of 'logic' got tangled up in a partisan pretzel machine.,1,0.5877,0,0.5976,0,0.5939,0,0.8147,1,0.7999
"Last night, I laughed so much at a joke that I slapped myself on the thigh. Such a violent world we live in.",0,1.0,0,1.0,0,1.0,0,1.0,1,0.597
Alcohol kills far more people in Canada than guns. Let's ban all alcohol and guns and therefore that will eliminate suicides caused by these things. Simple solutions are the best. (But for the fact that they don't actually work.),0,1.0,0,1.0,0,1.0,0,1.0,1,0.6059
Rockin. You are losing on points so I'm a racist. Good argument.,0,0.7687,1,0.5145,0,0.7258,0,1.0,1,1.0
"Only in Canada can you be a racist for wanting one law, everyone treated equal, and no special rights and privileges based on race.",0,1.0,0,0.8101,0,1.0,0,1.0,1,0.5873
A note to motorists: please stop killing and injuring people.,0,0.5936,0,0.5936,0,0.8017,0,0.5936,1,0.5949
The Leap Manifesto brings to mind Mao's Great Leap Forward. An estimated 75 million lives were lost because of that well-meaning initiative.,0,1.0,0,1.0,0,1.0,0,1.0,1,0.6083
I heard that there is this new thing called Google......,0,0.812,0,0.6007,0,0.812,0,0.812,1,1.0
"We hope Lazeelink that the 4 people are literate enough to ""get"" her message even if it's entirely out of place this Canada Day :) Maybe those four will tip you better too when they return for a visit!",0,0.505,1,0.6755,0,0.8317,0,0.505,1,0.6633
"You don't care? You don't CARE? These buffoons spend your tax dollars and you don't care? Oh I get it, you are on welfare and pay almost no taxes.",1,0.5934,1,0.5934,0,0.6124,0,0.5772,1,0.8049
"Well it's got you hyperventilating for sure. And very, very excited about it??????????",0,1.0,1,0.5895,0,0.8051,0,1.0,1,0.6008
Some times you can be too smart by half.,0,0.608,1,0.5921,0,0.8077,0,1.0,1,0.5921
"Nemo, Welllll... excuuuuuuuuuuussse meeeeee! So the Greeks invented hypocrisy. The British perfected it. And Canadians are taking it to a new level.",0,0.6015,1,0.5963,0,0.6015,0,0.8087,1,0.6109
Kind of like the New York Rangers. All huff and puff.,0,0.6035,0,0.807,0,0.807,0,0.6035,1,0.6075
How about being a cheerleader for a solvent Canada?,0,0.6103,0,0.6103,0,0.6103,0,0.7994,1,0.6103
"@Catherine,So corporation don't work in the free market, but government does? Got it.",0,0.8123,0,0.6001,0,1.0,0,1.0,1,0.8077
maybe he's a liar? has that occurred to you? certainly hasn't occurred to his supporters.,0,0.8111,0,0.6133,0,0.8111,0,0.8111,1,0.5858
Now you went and spoiled the all the grumps' Thanksgiving by blowing up the myth that those in social sciences can't do math.,0,0.5935,0,0.5935,0,0.7956,0,1.0,1,0.5999
Sure .... And the budget will balance itself .... Maybe from legalizing pot. He's too immature! Vote Conservative !,0,0.8095,0,0.6237,0,0.8095,0,1.0,1,0.5732
"Snore. Calling those with whom one disagrees a 'racist' is beyond boring. Make a case for unfettered immigration if you can, but drop the name calling.",0,0.8044,0,0.5873,0,0.7962,0,1.0,1,0.6083
"'A 98 pound weakling' - written by a writer who doesn't know how to use spell-check:'...get the United States out of all og George W. Bush?s messes.', among various other typos and errors in the piece.",1,0.5799,0,0.8124,0,0.6185,0,0.614,1,0.5958
"Welcome to the 2000s. We will legislate to protect the stupid, instead of letting the stupid face consequences of their actions.",1,0.5537,0,0.7212,0,0.7212,0,0.5766,1,0.5769
Very astute observation. All were true leaders. Our new man is just that - a pretty face.,0,0.8136,0,0.8136,0,0.8136,0,1.0,1,0.5837
It was an open bar on Justin's inauguration day. It is easy to have good taste on other peoples money.,0,0.7966,0,0.7966,0,0.7966,0,0.7966,1,0.633
'The trouble is the perceived failure of the elites to run the country competently'So they elect a good 'ol blue collar guy that resonates with the masses.. like Donald Trump?? The only one Trump cares about is Trump.,0,1.0,0,1.0,0,1.0,0,1.0,1,0.5774
This present edition of the parliament must be the low point in our political history. It is nothing but a gong show with the worst possible ruling party and official opposition. There is some solace though. It can't get any worse.,0,0.6037,0,0.6037,0,0.8139,0,0.6037,1,0.6112
What is interesting: Just what did Duffy dooooooooooooooooo with this refinancing $$$$$$$$$$$$?,0,1.0,0,1.0,0,1.0,0,1.0,1,0.5979
like baird stepping into a coffee shop in east Jerusalem semantics or establishing falsehoods as facts on the ground semantics?,0,0.8116,0,1.0,0,0.8116,0,0.6005,1,0.6002
World toilet day ?!? People clearly have too much time on their hands.,0,0.6031,0,0.6031,0,0.7997,0,0.7997,1,0.6114
"Oh Maggie, I guess you've been banned from reading the Times? Then why comment on Vlad's op-ed!?? It was brilliant...",0,0.5848,0,0.5848,0,0.7856,0,0.7856,1,0.5887
"We brought in 100, 000 Vietnamese with similar conditions sensible4 - NO PROBLEM!!",0,0.8045,0,0.8045,0,0.8045,0,0.7926,1,0.5876
If you believe that I have a bridge to sell you.,0,0.7978,0,0.7978,0,0.6221,0,1.0,1,0.5908
"Sooo, Monsanto is now a selfless angel of mercy? I have this pyramid . . .",0,0.8022,0,0.8022,0,1.0,0,1.0,1,0.6025
"Hint: don't look. There ya go, distress resolved. You're welcome.",0,0.7954,0,0.7954,0,0.5974,0,0.7954,1,0.5929
Simple answer: the fascist wing.,0,0.7819,0,1.0,0,0.6123,0,1.0,1,0.5746
'NDP and PC's to cooperate'Good luck with that.,0,0.8023,0,0.8023,0,0.5849,0,1.0,1,0.8122
Gotta wonder what the heck were they smoking down there at Front Street to arrive at such a nonsensical argument. Wingnuttedness is evidently not in the exclusive purview of Mr. Harper and his crewReaders deserve better.,0,0.7925,1,0.6324,0,0.7925,0,1.0,1,0.6117
"90% of people imprisoned for hate crimes come from public schools. Yep, sounds like there is no problem with the schooling system there hey!",0,0.7961,0,0.8788,0,0.8818,0,0.8428,1,0.8866
and de klerk and his gang were not ruthless killers..,0,1.0,0,1.0,0,1.0,0,1.0,1,0.5965
"I am a lifelong Conservative voter, but am fed up with these misleading ads. He didn't say budgets will balance themselves... the quote is taken so far out of context, that I really don't believe anything they are saying in this campaign.",0,1.0,0,1.0,0,0.7988,0,1.0,1,0.627
PM Zoolander offers hope and inspiration for all young aspiring dictators around the world,0,0.7638,1,0.7581,0,0.7638,0,0.7638,1,1.0
"Of course it's not MY fault or responsibility, it's somebody else's. The quintessential, millennial response - love it!",0,0.7981,0,1.0,0,0.823,0,1.0,1,0.591
Sarah must be a blast at a party.,0,0.5839,0,0.7927,0,0.5839,0,1.0,1,0.6093
The dream of advanced nuclear to extract the remaining energy from spent fuel has been a decade away for four decades. Keep dreaming.,0,0.8101,1,1.0,0,0.6031,0,1.0,1,1.0
"But our education establishment graduates ""critical thinkers"" by the gazillion .-)",0,1.0,0,1.0,0,1.0,0,0.8158,1,0.8004
The G&M is a repeat official editorial endorser of billion dollar fake lake Harper. You're a joke.,0,1.0,0,0.7869,0,0.8249,0,1.0,1,0.5920000000000001
So much for equality?.,0,0.6628,0,0.5041,0,0.5041,0,0.6628,1,0.8361
"The fact that NO media in Canada dares to support New Democrats editorially for fear of business retribution couldn't have anything to do with it, of course.",0,0.7929,0,0.7929,0,1.0,0,1.0,1,0.7917
We will definitely need organic weed to provide 'healthy' smoke for inhalers. Right?,0,0.8045,0,1.0,0,1.0,0,1.0,1,0.5876
There should have been a trigger warning on this article. I don't feel the globe is a safe space for me and therefore should be shut down.,0,0.8123,0,1.0,0,1.0,0,1.0,1,0.8058
"Bob, I know that you're not interested in facts but here's another report about the German 'green' jobs collapse. Don't worry, you'll hear more about this! http://greenzone.co/2014/02/26/german-government-report-urges-scrap-green-energy-subsidies/",0,0.7178,0,0.5485,0,0.573,0,0.8717,1,0.5798
Your diaper is leaking.,0,0.8123,0,0.8123,0,0.8123,0,1.0,1,0.5888
Trudeau didn't hand pick: WrightDuffyWallinBrazeauOdaBruce CarsonPenashueAnd those are just the cheats. I don't have enough space for the incompetents.,0,1.0,0,0.8104,0,0.7927,0,1.0,1,0.6083
"And don't forget to visit the gift shop for your asbestos bust of Dear Leader Harper and a glimpse at the $127 billion deficit! All Hail Harper's Mother, Canada!",0,0.6313,0,0.6333,0,0.8702,0,0.8702,1,0.8813
"But it was okay to put drug dealers under house arrest so they could wander into the Eaton Centre and shoot it up, right? Wouldn't want a violent criminal with an illegal handgun in prison would we Liberals?",1,0.6219,0,0.5076,0,0.5076,0,0.5076,1,0.8823
No. He will not make an active effort to disenfranchise women. What world do you live in where that is even remotely possible?,0,0.6148,1,0.805,0,0.6148,0,0.5956,1,0.5893
The whole editorial - like the whole Konservative platform is putting the brightest shade of lipstick on the ugliest pig - and the back end of the pig at that.,0,1.0,0,1.0,0,1.0,0,1.0,1,0.5941
'less specific' than trump??? You must have visited the bathroom a lot of times if you missed that much of the show.,0,0.5932,1,0.6036,0,0.5967,0,1.0,1,0.6029
"'Have you seen, the muffin man....the muffin man....the muffin man....have you seen the muffin man.....hiding down closet lane?'",0,0.7964,0,1.0,0,0.7964,0,1.0,1,0.5896
"Posters here have been challenging Atwood to lower her 'carbon footprint' by giving up travelling by auto, plane, etc. You are barking up the wrong tree, she never used them, she gets around via broom.",0,1.0,0,1.0,0,1.0,0,1.0,1,0.7917
...and this is a paid announcement by the Liberal party of Canada. Is this journalism? Wow.,0,1.0,0,1.0,0,1.0,0,1.0,1,1.0
How is Harper going to take on ISIS from inside a closet ?,0,0.5027,0,0.5027,0,0.8267,0,0.6553,1,0.6558
'which was none other than Van Der Zalm doing his worst.'How did he do it? Did he had his hand up Campbells butt?,0,0.5891,0,0.5891,0,0.7988,0,0.5891,1,0.8069
I hear that Fox is starting a reality show that's a spin-off of 'Celebrity Boxing'. It features celebrities sparring with disgraced politicians. Doug will fight Danny Bonaduce and Rob will fight Tanya Harding.,0,1.0,0,0.8102,0,1.0,0,0.8148,1,1.0
Dispossessed? Is that an acronym for deplorable? Hey - we survived 8 years of Obama. We'll survive Trump as well.,0,0.82,0,1.0,0,0.82,0,0.82,1,0.5884
"So in other words, it's _almost_ above freezing, in the middle of the Antarctic summer. Oh the horror.",0,0.8042,0,0.6191,0,0.6191,0,1.0,1,0.5820000000000001
"Ah yes. The poor, neglected, downtrodden civil servant. Please pass me a tissue ... I feel a tear of sympathy welling in my eye.",0,0.8532,0,0.8533,0,0.8161,0,0.8905,1,1.0
considering naming their child Vancouver - made me laugh out loud. Thanks Ms. SouthyHappy Birhtday!,0,1.0,0,0.8206,0,1.0,0,1.0,1,0.5745
I wonder what label Sophie will be wearing. Do you think Justin will be high?,0,1.0,0,1.0,0,1.0,0,1.0,1,0.5774
I just don't buy it. You are free to speak until you offend Liberals. They take insults personally,0,1.0,0,0.599,0,1.0,0,0.6157,1,0.5736
Feel free to add it to your bag of concern troll talking points.,1,0.7444,0,1.0,0,1.0,0,0.7621,1,0.7621
Excuse me while I pat my own back... and not mention the election results... and it wasn/t my fault... Party decisions you know...,0,0.8081,0,0.6096,0,0.6096,0,1.0,1,1.0
"A federalist New Democrat crossing the floor to the nationalist Bloc could happen, of course, on the day that hell freezes over and Brian Mulroney pleads guilty to graft.",0,1.0,0,0.7913,0,0.7913,0,0.5936,1,0.6047
'President Dwight Eisenhower arrived at Union Station on a visit during the Second World War.'Huh? What was Eisenhower president of during WWII? The Elks club?,0,0.8305,0,0.8396,0,1.0,0,0.6454,1,0.8436
Count on the Republicans to overplay a crappy hand.,0,0.8009,0,0.8009,0,1.0,0,1.0,1,0.5827
sounds good. let's disband the military and simply keep paying everyone's salary... that'd be the intreasts of the soldiers first,0,0.8497,0,1.0,0,1.0,0,0.8497,1,0.87
One commentator on the CBC last night said Harper needs a terrorist attack to improve his numbers. Blue sweaters and kittens just aren't enough to save him anymore.,0,0.8076,0,0.8029,0,0.8029,0,0.8076,1,0.7966
I find it t ironic that you are criticizing Hudak for a mathematical error when you don't know the difference between the noun grief and the verb to grieve.,0,0.6042,1,0.8084,0,0.8146,0,0.8146,1,0.5979
Thank you Liberal frontmen and refugees from the Obama administration.,0,0.5907,0,0.5907,0,0.5907,0,0.5907,1,0.6052
"Health care in the private sector. Have you had to wait for anything which is produced by the private sector? Have you been able to afford it? Why not for health care? Oh the US. Special, very special. Who else has a Trump/Hillary?",0,1.0,0,0.7979999999999999,0,0.8059,0,1.0,1,0.6039
"similarly, the alarmists have to stop talking about lowering the earth's temperature , like a thermometer. Comical. What's next ? Change wind direction ?",0,1.0,0,0.7981,0,0.7981,0,1.0,1,0.8124
"Right so women have the skills for successful combat, and men are big and dumb. Got it.",0,0.593,0,0.593,0,0.5946,0,1.0,1,1.0
doug and the slugs???? yeah ... ok,0,0.5932,0,0.5963,0,0.5945,0,1.0,1,0.6016
I don't agree with this article. The complacency over the brutal killing of animals is wrong. Are you really sure that the suffering of the animals you eat is perfectly acceptable? Please visit an abattoir and you will change your mind.,0,1.0,0,0.8045,0,0.8045,0,0.8045,1,0.5837
I've already suggested a logo for the Sweep It Under: A picture of a policeman holding a smoking Glock surrounded by the motto 'We have your back'.,0,0.5852,0,0.5883,0,0.7835,0,0.7835,1,1.0
"Do I disbelieve everything this guy is saying? Hey, is the Pope Catholic?",0,1.0,0,0.7179,0,0.8549,0,0.8554,1,0.871
"Electoral fraud conviction, robo calling, lying in parliament about witnessing voter fraud. Gotta love conservative politics.",0,1.0,0,0.8001,0,0.8001,0,1.0,1,0.7985
I suspect nothing would empty out a bar in Manhattan quite as fast as this Canadian lady smugly telling her fellow patrons that Canada is the hero they really need. Jeesh...,0,0.8092,0,1.0,0,1.0,0,1.0,1,0.6001
Piltdown Man caused global warming!,0,1.0,0,0.7958,0,1.0,0,1.0,1,0.7998
"Keep up the censorship G&M, apparently only the Left is allowed to comment!",0,0.6689,0,0.6689,0,0.6689,0,0.6689,1,0.6665
German engineering my Das.,0,0.799,0,0.799,0,0.799,0,0.799,1,0.6077
"canadians please standby attack ads will be in full force during tonights hockey games, do not despair action plan ads will also be broadcast.",0,1.0,0,1.0,0,1.0,0,1.0,1,0.6011
Who is it in this country who'd vote for the Poli-Tubbies like Rob Ford and Stephen Harper.,0,0.6141,0,0.5978,0,0.8101,0,0.6141,1,0.5808
"Yes, climate change is why I'm voting for Justin Trudeau - so I can light up a joint and forget about all my problems! As long as I get my welfare cheque from Alberta oil what do I care about my country being run by a drama teacher?",0,1.0,0,0.7959,0,1.0,0,1.0,1,0.608
So fast knee-jerk reactions is how to drive safe?,0,1.0,0,1.0,0,1.0,0,1.0,1,0.6119
"Yes, sad in many ways but delicious in this dichotomy of opposing Politically Correct 'values'.",0,1.0,0,1.0,0,1.0,0,1.0,1,0.5818
Hmm. I think that Websters uses Donald Trump as a definition of 'liar'.,0,0.6293,0,1.0,0,1.0,0,0.8190000000000001,1,0.6174
A cat should never play with a mouse too long....that Obama cat did and the Assad mouse has got away.,0,1.0,0,1.0,0,1.0,0,1.0,1,0.5848
"If there are no extradition law, Canada will be like Panama of the North. Bring all your money in and let us do the laundry... Where do you think a 19 yrs old student get his $30 million to buy a mansion in Vancouver?",0,1.0,0,0.7984,0,0.8047,0,0.8158,1,0.5842
"Great, just what we need - another way to show young boys that school isn't really their thing.",0,1.0,0,0.5896,0,0.7998,0,1.0,1,1.0
And over 5 million blacks couldn't vote for Hillary's continuation of Obama policy because she's white.,0,0.7965,0,0.7965,0,0.6035,0,0.7965,1,0.6179
"Highly toxic bitumen? You drive on it every day, Einstein...",1,0.615,0,0.584,0,0.584,0,1.0,1,0.8096
"Gadzooks, an Apollo moon landing indeed. Who would have thought it would be so difficult to put some beer in grocery stores, or for that matter, sell more beer at the LCBO?? Entertaining editorial (and rings so true).",0,0.7955,0,0.7955,0,1.0,0,1.0,1,0.6139
"Seen on a Kenney campaign banner:'Cage fighting, camo, Viagra and free beer for everyone'",0,0.805,0,0.8033,0,1.0,0,1.0,1,0.5884
Blaming the victim? Nice.,0,0.8106,0,0.8106,0,0.7906,0,1.0,1,0.8106
"Nice going, D_Peters ..... you just leaked Harper's next campaign ""promise"".",0,0.6096,0,0.7956,0,1.0,0,0.8113,1,0.6055
"Oh sure, Og, it's easy when you deal in facts. . . .",0,1.0,0,1.0,0,0.8101,0,1.0,1,0.5941
"'I turned out fine.' Ahh, yes, another objective view...",0,1.0,0,0.8184,0,1.0,0,0.8184,1,0.7809999999999999
"Ah, the ends justify the means then. Well good to identify that you think that way.",0,0.6138,0,0.7966,0,0.6138,0,1.0,1,0.598
Right on. I'm sure the wise and future leaders of age will rely on the Pokies rather than a few thousand scientists who spend lifetimes measuring changes in our atmosphere and oceans.,0,0.9575,0,0.8379,0,0.9594,0,1.0,1,0.7297
And we can send him to the moon to preside over the universe. I think this might just work.,0,1.0,0,0.6028,0,0.8055,0,0.8055,1,0.8039
"No sports, no clubs, no volunteering. Sounds great.",0,1.0,0,1.0,0,1.0,0,1.0,1,1.0
Almost as funny as Harper being in bed now with Obama. Gotta love it!,0,1.0,0,0.8113,0,1.0,0,1.0,1,0.6007
WHAT? ...is that all there was....look how good we are and appreciate me because I'm Steven Harper... what sorry leadership we have...,0,0.5844,0,0.7958,0,0.5844,0,0.7958,1,1.0
"It would be helpful if the private sector, say a company like Porter, would actually buy the C-Series and not leave it to the federal government writing a cheque to show confidence in Bombardier's future. Just joking.",0,0.8129,0,1.0,0,1.0,0,1.0,1,0.5743
why have a chat with your enemies when you can just bomb 'em?,0,1.0,0,1.0,0,0.7963,0,1.0,1,0.5920000000000001
"It's pretty insulting to be required to bow/curtsy upon meeting another human being who goes by the laughably lavish moniker of Majesty, while you get to wear the ultimate insult - subject! Just what a great democracy needs.",0,0.7959,0,0.5997,0,1.0,0,0.7959,1,0.5949
So you become more transparent by removing transparency acts. Got it.,0,0.5118,0,0.6417,0,0.5118,0,0.8805,1,0.8813
Another great opinion piece by Winston Smith at the GM - where redacting and deleting the truth is the order of the day at the news office - sorry I meant the clerks office.,0,0.5714,0,0.7869,0,0.7869,0,1.0,1,0.8096
"'@croc--so you're with Ford, buses and streetcars should be free? How would you have paid for them?'$1.3 billion for buses and streetcars??!! What, are they gold plated??",1,0.7963,1,0.7963,0,0.5708,0,0.6124,1,1.0
"I want to hand Konrad a pitchfork, stick him outside a hardware store in Barry's Bay beside a life size cardboard cutout of Stephen Harper and take a picture... Conservative Gothic!",0,0.8056,0,0.6051,0,0.8056,0,0.6001,1,0.6051
Which of course is what lefties really want to have happen. After all look at the lovely comments from most lefties when Flaherty died.,0,0.7975,0,0.7975,0,0.7928,0,0.7975,1,0.5934
I guess you think that baseball enjoyment is more important than social justice.,0,0.8067,0,0.6181,0,0.8067,0,1.0,1,0.5818
"have another snort shaky ....rob is waitin' for ya.......sara palin says you betcha....drill baby, drill",0,0.5778,0,0.7919,0,0.7919,0,1.0,1,0.6191
Really? Harper is the victim of an international conspiracy to make him look bad? Like Ford was the victim of a leftist media conspiracy? Read the Toronto section of the news the last couple of days?,0,0.6164,0,0.597,0,0.7981,0,1.0,1,0.6048
They openly welcome other languages and .... oooops. Never mind.,0,0.6084,0,0.6084,0,0.8004,0,1.0,1,0.595
Cynical keeps us sane.,0,1.0,0,0.8194,0,0.6093,0,1.0,1,0.5792
I'm grateful to BLM. They just made it easier to explain the meaning of 'counterproductive.',0,1.0,0,0.7929,0,0.7929,0,1.0,1,0.6025
"Pretty sure killing soldiers in wartime is just called ""war"".",0,1.0,0,1.0,0,1.0,0,1.0,1,0.5921
...I guess returning to the balanced budget he inherited from the Liberals?,0,0.593,0,0.7873,0,0.7873,0,0.8056,1,0.6043
Stupid use of their names.....totally detracts,0,0.8249,0,1.0,0,1.0,0,0.8249,1,0.5920000000000001
Or the report comment button like you do,0,0.8059,0,0.6044,0,0.6039,0,1.0,1,0.8012
The Canadian media are too busy trying to find scraps of Justin's old underwear and his toenail clippings for the Trudeau shrines in their basements.,0,0.5884,0,1.0,0,1.0,0,1.0,1,0.5936
"Because it was a great place to be when posters like 'Harper is a fat fascist' (actual name) ruled??? My, are we not tolerant, and open minded...",0,0.711,0,0.711,0,0.711,0,0.711,1,0.5984
So 'Jesus-y'.,0,0.7922,0,0.7922,0,0.7922,0,1.0,1,0.8217
Tell that to Harper and his leprechaun.,0,1.0,0,1.0,0,1.0,0,1.0,1,0.5920000000000001
Why did Alberta decide to join Canada? Hadn't found oil yet?,0,1.0,0,1.0,0,1.0,0,1.0,1,0.5865
The most frightening feature of this article is its credibility.,1,0.5889,0,0.602,0,0.6086,0,1.0,1,0.5889
"Mandatory carriage is not good, but CBC mandatory suction pipe to my wallet is even worse.",0,0.8017,0,0.8048,0,0.7835,0,1.0,1,0.7951
Would you stop with the sound reasoning and pertinent facts? You might impede the flow of anti-China propaganda.,0,0.5883,0,0.5883,0,0.5883,0,0.8048,1,0.6166
"Tabitha, whatever you do, don't send any emails to Hillary.",0,0.825,0,0.6535,0,1.0,0,0.825,1,0.5102
"Poor Hamas will have to stop shooting rockets into Israel, and also stop all other acts of terrorism against Israel",0,0.6742,0,0.6742,0,0.8385,0,0.8357,1,0.8385
Yeah right......it was so balanced that it should get a journalistic award,0,0.5915,0,0.5915,0,0.7956,0,1.0,1,1.0
I bet you're just a pillar of the community yourself.,1,0.5871,0,0.6033,0,0.6033,0,0.6033,1,1.0
Are you sure that was a kitten and not Renata?,0,0.8206,0,1.0,0,1.0,0,1.0,1,0.6221
"Like shooting a sitting duck. Bravo, Ms. Wente.",0,0.5935,1,0.5992,0,0.5935,0,0.5935,1,0.7929
I wonder if the tories on this site felt the same way about Mila Mulroney and her 3 personal assistants. It is so easy to be a keyboard editorialist.,0,0.624,0,0.624,0,0.624,0,0.624,1,0.5884
...and shutdown the catholic side completely! Now Margaret cover that one next week. It would save billions!,0,0.8078,0,0.8078,0,0.8078,0,0.8078,1,0.5864
"Yeah, sure. Would that be before or after the state starts tattooing barcodes on the backs of our necks?",0,1.0,0,1.0,0,1.0,0,1.0,1,0.6226
That damned Emancipation Proclamation for example!,0,0.6061,0,0.7892,0,0.7892,0,0.7892,1,0.5855
"If Duffy can bring down the Harper regime, then in spite of his faults and errors, he would deserve a statue in Ottawa. It could go in the place of the ugly monument the Harper gang has planned.",0,0.5003,0,0.6745,0,0.8278,0,0.5003,1,0.5057
"Just to be clear, how did non-voting refugees help win an election?",0,1.0,0,1.0,0,0.8035,0,1.0,1,0.5837
"Quick, someone send her the news about Yoga Day from Vancouver, B.C.",0,0.6054,0,0.8027,0,0.8027,0,1.0,1,0.5871
They forget to talk about the murders and oppression. Wonder why...,0,0.7761,0,0.7917,0,1.0,0,0.7761,1,0.5811
"Your comments are awaiting Moderation. If okely dokely in our version of okely dokely, then you may see the light of day. Or Not.",0,0.81,0,1.0,0,0.8067,0,1.0,1,0.7949
"We have it already.....in the public service!!!! Just joking, I think.",0,1.0,0,1.0,0,1.0,0,1.0,1,1.0
"Lots of backslapping and premature congratulations by political hacks and mainstream media shills, doing the 'circle jerk', with how well things supposedly went.",1,0.6166,0,0.7946,0,0.6024,0,0.797,1,0.6058
'we do not know how much of the income increase in the top 1 per cent is due to appropriate labour market forces'Ha! ha! ha! ROFL! What a great joke of the day! How ingenious to sneak it into a 'serious' commentary.,0,1.0,0,0.8086,0,0.8086,0,1.0,1,0.5863
There's nothing wrong with birds of a feather flocking together unless you're white - this is a big no-no. Complaints about lack of diversity etc will be cried out at the drop of a hat.,0,0.6231,0,0.7913,0,1.0,0,0.6231,1,1.0
This will cost jobs! Please give to the Conservative party.,0,0.8091,0,1.0,0,0.8091,0,0.59,1,0.6085
"Hahaha! You're right. They cracked down on dogs in our local Vancouver park and now it's dead, hardly anyone appreciates the park any more.",0,1.0,0,1.0,0,1.0,0,1.0,1,0.5792
"Oh no, theyre too 'progressive' around here for that. More likely they'll just chalk it up to 'Islamaphobia'. Facts be darned",0,1.0,0,1.0,0,0.7886,0,1.0,1,0.6083
"Typical. No rebuttal. No facts. Just that tired old 'mom's basement' routine that gets done to death here. Easier than thinking up a rational, or even just articulate response. I expressed no opinions. Just facts. Which ones don't you like?",0,0.8101,0,0.6129,0,0.8101,0,1.0,1,0.5848
"If it's going to zero, let's burn it all! Cheap electricity, love it.",0,1.0,0,0.7987,0,1.0,0,0.7987,1,0.6201
maybe the police should have given him a cupcake?,0,1.0,0,1.0,0,1.0,0,1.0,1,0.6174
"Before I read the column I thought: I know what Wente is going to argue, but how is she going to say it? How can you make the argument? Then I read the column, and all I can say is that this lady is a very skilled writer, an expert rhetorician.",0,1.0,0,0.7856,0,1.0,0,1.0,1,0.6203
The article should start with the warning: 'This is a Paid Advertisement',0,0.6063,0,0.6196,0,0.6063,0,1.0,1,0.6029
Thanks Comrade. Paranoia strikes deep.,0,0.8138,0,1.0,0,1.0,0,1.0,1,0.6057
'For Canada?s foreign-policy elite....'Nice of you to put the straw man of your argument in your first sentence.,0,0.5012,1,0.5003,0,1.0,0,0.8273,1,0.6566
What is your disabled point? Don't get old?,0,0.6124,0,0.8121,0,0.8121,0,0.6124,1,0.599
Dreaming again are we.,0,1.0,0,0.7885,0,0.7917,0,1.0,1,0.7917
I can see that you have carried on a good battle with the ignorati who are now so gloriously displaying themselves. Thank you for your efforts!,1,0.5982,1,0.7909,0,0.6002,0,0.7929,1,0.5935
"Yes. All those over 60 should be denied the right to vote, anywhere, for anything. However, they should still be required to pay taxes.",0,0.8088,0,0.8088,0,0.8088,0,0.8088,1,1.0
classic. bring the plight of desperate refugees into the discussion of Alberta's economic failings..,0,0.7952,0,0.6061,0,0.6061,0,1.0,1,0.6065
Gee the geniuses at the Glob of Muck are just finding out that Trudeau is just your garden variety lying Liberal ..brilliant !,0,0.5901,0,0.5901,0,1.0,0,0.7225,1,0.5476
the real terror in Canada is robo-con harper and his cons.,0,0.6023,0,0.6043,0,1.0,0,0.6023,1,0.7934
Heard the BC Lions football club is mulling a name change. The Hong Kong Dragons.,0,1.0,0,1.0,0,1.0,0,1.0,1,0.5785
Oh That Madge... anything for a headline./..,0,0.813,0,0.813,0,1.0,0,0.813,1,0.6002
Thanks for the little dose if common sense,0,0.8014,0,0.6031,0,0.8014,0,0.8014,1,0.6153
Yeah man. Trudeau will now be able to say 'Don't make me come over there!' whenever the opposition is delaying his agenda. He can appoint cabinet ministers based on physical size and strength too.,0,0.5798,0,0.5798,0,0.7866,0,0.5798,1,0.6197
Dear Mr. MartinThe 'Kid' is a 41 year old man. He looks visually younger because he takes care of himself and has a youthful attitude. People referencing him as such must be elderly...,0,0.6011,0,0.604,0,0.7918,0,1.0,1,0.8013
"kind of like lawyers, eh?",0,0.6838,0,0.6838,0,0.6838,0,0.6838,1,0.5055
then we need to ban all religions What a great idea. yipee,0,0.5884,0,0.5884,0,0.7929,0,0.7955,1,0.5936
So they need to become enlightened liberals?,0,0.611,0,0.611,0,0.611,0,1.0,1,0.5941
"How ironic! Lawyers protesting a memorial that recalls the millions of people who were victims of Communism, many of whom found refuge in Canada, or are the descendants of such people - but then Lenin was a lawyer too.",0,1.0,0,0.8061,0,1.0,0,1.0,1,0.5834
the great thing about drones is you can take out schoolchildren en masse and never leave your seat in DCthe great thing about stealth aircraft is you can bomb entire villages and be home in time for dinner with the family,0,0.5906,0,0.7938,0,0.7938,0,0.7938,1,0.5987
"Its odd that nobody has yet to comment on the use of male sexuality in the world of entertainment Male teen pop stars are as much about their look as their music. So too actors. Hunks, beefcake, blah, blah blah... I hear it all the time.",0,1.0,0,1.0,0,0.7951,0,1.0,1,0.6203
So an unelected and unaccountable judge used his power whatever way he chose to exonerate an unelected and unaccountable senator. What a surprise!,0,0.9207,0,0.7232,0,0.8396,0,0.9207,1,0.7264
"You tell those Russians Globe and Mail, you tell them......LOL",0,0.8085,0,0.8035,0,1.0,0,1.0,1,0.5714
Ignorance - yes. How else could an articling law student become premier of New Brunswick? How could a drama teacher become Prime Minister?,0,0.7981,0,1.0,0,0.8102,0,1.0,1,0.6032
Bring in only refugee families and Carry On whatever you were doing up until Friday's fright.,0,0.6145,0,0.8024,0,0.8024,0,0.8024,1,0.5751
Telling the truth about Trump is considered 'lashing out' is it?,0,0.8045,0,0.8045,0,1.0,0,0.8045,1,0.5837
"Great, maybe the Twin Towers will be back on the front page?!",0,1.0,0,1.0,0,1.0,0,1.0,1,0.6122
"Isn't she already health critic? And what's with the one note scandal there? I mean, wasn't that from 12 years ago? Hedy Fry defeated Kim Campbell. She's very popular in her riding. And she's very smart. And you Linda in BC are what? Sour grapes?",0,1.0,1,0.8064,0,0.6013,0,1.0,1,0.593
Damn! I knew I should have been born a giraffe.,0,1.0,0,1.0,0,1.0,0,1.0,1,0.5965
"A little levity at Xmas with animals getting into heaven , my father did not think that Protestants could get into heaven must be a strange place , wonder what time cocktails are served????",0,0.6316,0,0.7611,0,0.7611,0,0.7611,1,0.6219
Let me guess....you are one of those 'compassionate conservatives'.,1,0.6059,0,0.7935,0,0.7935,0,1.0,1,0.5835
Bwahahahahaha. next they'll want to be paid in US$,0,0.6057,1,0.604,0,0.7988,0,0.7988,1,0.604
I think you have to include a 'winkee face' for some people to get sarcasm. But I'm not a 13 year old girl so I never include it either.,0,1.0,0,0.7912,0,1.0,0,1.0,1,1.0
He's the steaming pile of excr*ment.,0,0.5848,0,0.7903,0,1.0,0,0.5848,1,0.6107
The only reason we do not see more Harperites posting their destructive acid today is that the PMO is on Christmas break so is not monitoring this site.,0,0.6061,0,0.7892,0,0.7892,0,0.7892,1,0.5855
But Steve is writing a 'hockey history' book. Doesn't that count? :-),0,1.0,0,1.0,0,1.0,0,1.0,1,0.6055
Do you think the Chinese and Americans will actually join in?Of course not....they're too busy stealing our jobs with the help of people like you...,0,0.6356,0,0.6356,0,1.0,0,0.821,1,0.5723
Celebrities. Is there anything they don't know?,0,0.7879,0,0.5888,0,0.7879,0,1.0,1,0.792
"Would love to hear someone say they are sorry for all the Iraqi and Afghani families that have been butchered. Oh, I forgot ... U.S. lives are worth more.",0,0.805,0,0.6005,0,1.0,0,1.0,1,1.0
'Former Liberal stalwarts like .... Ujjal Dosanjh'Huh? You mean the same Ujjal who was head of the BC NDP ???,0,0.8091,0,0.8091,0,0.6118,0,0.8091,1,0.5983
Or act like a pigeon and.....,0,0.8142,0,0.6174,0,0.5986,0,1.0,1,0.5732
"All of this desperate apologizing for Juniors remarks is unbecoming of even the most strident of liberal sycophants. He made a mistake in timing, yes it can happen. Gasp! A liberal made a mistake. So shocking.",0,0.7888,0,0.5857,0,0.7888,0,0.7888,1,1.0
These prisons sound more like an insane asylum than a place for rehabilitation. ,0,1.0,0,1.0,0,1.0,0,1.0,1,0.5357
"You're about to cry out, ""head for the hills,"" in Harper fashion, frankphi ?",0,0.8014,0,0.5831,0,0.8014,0,0.8014,1,0.6153
Xenophobia is a good thing. No people can survive without it.,0,0.8009999999999999,0,1.0,0,1.0,0,0.8073,1,0.6005
More refugees per capita than... who?!? Anyone? Don't swallow the kool-aid!,0,1.0,0,1.0,0,1.0,0,1.0,1,0.6012
"No I got the point, like so many others of Marks it was empty of any sentient capability, as with yours.",0,1.0,0,0.8116,0,0.8116,0,1.0,1,0.5792
"""Rabid cons""? Is this the famous lib tolerance you people keep yapping about? Time to go to anger management, dickie.",0,0.6018,1,0.7931,0,0.6018,0,0.6018,1,0.5959
"Sure, let's go back to the interventionism of the Bush era. That worked out wonderfully, didn't it!",0,1.0,0,1.0,0,1.0,0,1.0,1,0.5837
"Banning the niqab at citizenship ceremonies sends a powerful message to new citizens: Welcome to Canada, where you are free to wear whatever you like, as long as it is approved by Stephen Harper and the Conservative Party.",0,0.7867,0,1.0,0,1.0,0,1.0,1,0.8127
(crickets chirping),0,0.8072,0,0.8056,0,0.8056,0,1.0,1,0.5807
This entire column can be summarized thusly:'Life isn't fair.',0,0.8079,0,0.6257,0,0.6257,0,0.8079,1,0.5752
"Ah yes John_S! It is wrong to have an opinion,,, unless of course it conforms to my opinion. Somehow reminds me of,,,,,",0,1.0,1,0.6071,0,0.8003,0,1.0,1,0.8117
What about the presstitutes? Lets legalise them too.,0,0.7905,0,0.5943,0,0.7905,0,0.7905,1,0.7843
"Yes, Siren, and Trudeau is Catholic; Paul Martin attended Catholic church every Sunday. I know, how dare some have a spiritual life? You 'progressives' are so closed minded. C.",0,0.605,0,0.5919,0,1.0,0,1.0,1,0.7824
Thanks for the great non sequitur. For future reference do you only validate a comments if it is written by hand using products that are disconnected from the global economy?,0,0.8512,1,0.5662,0,1.0,0,0.8512,1,0.5662
Yeah... a new PM every ten months... something tomstrive for!,0,1.0,0,1.0,0,1.0,0,1.0,1,0.6136
Can't wait for the Editors satire on supporting Harper again in 2015. That is the sickest joke played on Canadians in 9 years.,0,0.7936,0,0.8128,0,0.6063,0,1.0,1,0.6029
Ladies and gentlemen: Climate change has been defeated!,0,1.0,0,0.6091,0,0.7975,0,1.0,1,0.5793
George. Indeed. Will that happen before the environmental apocalypse or after?,0,0.7972,0,0.5832,0,0.7972,0,0.7972,1,0.6116
"Good one. Allah help the peaceable, 'moderate' Muslin in France or Germany. Or Belgium. Or...",0,0.6532,0,0.8315,0,0.8315,0,0.6532,1,0.5158
Iran and Turkey are the BEST places to be a woman!,0,0.573,0,0.573,0,0.5666,0,0.5699,1,0.722
out of work oil guy are you....?,1,0.5937,0,0.6038,0,0.6074,0,0.8049,1,0.7839
I apologize for my skin colour.... I inherited it from my parents and they from their respective parents.....I found this article to be disturbing and I'm still perplexed at the central message in it.,0,1.0,0,0.6099,0,0.7949,0,1.0,1,0.7886
Yes bombs kill people.. what insight. Sometimes it is necessary!,1,0.8113,1,0.5720000000000001,0,0.7968,0,0.5720000000000001,1,0.8198
Your wife must really love you.,0,0.7526,0,0.7526,0,0.7526,0,0.7526,1,1.0
"??How women are losing the pundit war...? (title, article, above)Save and except Ann ('bony ass') Coulters!",0,0.7998,1,0.597,0,0.8134,0,0.7998,1,0.597
Do you acknowledge any limit on the obligation for generosity? Do we owe unto suicide?,0,0.5896,0,0.5765,0,1.0,0,0.8013,1,0.6223
She does have a yoga instructor on her team maybe he could get them all to do the mellow out OOOOMMMM thing. That should fix all those silly financial things.,0,0.5878,0,0.5746,0,1.0,0,1.0,1,0.6052
"Hmm, so income splitting provides the most benefit to affluent families who have children under 18 and where the income gap between the two spouses is large. Could the person who gains the most be ........ Stephen Harper?",0,0.6134,0,1.0,0,0.8144,0,0.6094,1,0.5916
Ummm.. what's your point? That you don't have 50 thumbs up?Works the same way everywhere.,0,0.7953,0,0.5907,0,0.7953,0,0.7953,1,0.6012
Im willing to bet that they're over ecological footprint is smaller than the average person.,0,1.0,0,1.0,0,0.7997,0,1.0,1,0.6197
"When a law becomes a subject of laughter and derision for the citizens it governs, that law soon becomes ineffective and ignored. Just ignore these dolts. They do an admirable job of shooting themselves in their own feet.",0,0.8037,0,0.6112,0,0.8037,0,0.8009999999999999,1,0.5878
I love how Martin wants the contest to be between who Trudeau IS and who Harper WAS (20 years ago).Is Martin really that dumb?,0,0.807,0,0.5923,0,1.0,0,0.8002,1,0.5963
Kim Kardashian for President!,0,1.0,0,1.0,0,1.0,0,1.0,1,1.0
I love that people who have never studied journalism claim to know everything that’s wrong and how to fix it,0,0.6479,0,0.5639,0,0.6469,0,0.9272,1,0.758
"Yes, let's give the west another reason to hate the Centre-of-the-Universe.",0,0.5908,0,0.6144,0,0.6144,0,0.5908,1,0.5884
"I guess the cleaner air you get to breathe thanks to the 'enviro-fascists' you criticize would be an unfortunate, unintended consequence.",0,0.5987,0,0.5987,0,0.5987,0,0.8105,1,1.0
The Telegraph. How surprising.,0,1.0,0,1.0,0,1.0,0,1.0,1,1.0
"But you have to really feel sorry for those poor school teachers and municipal employees, eh?",0,0.8063,0,0.8063,0,1.0,0,1.0,1,0.7972
The Kochpugnicans are fighting a war of attrition. You just surrendered. This pipeline willl never happen.,0,1.0,0,1.0,0,1.0,0,1.0,1,0.5826
Spoken by an expert in 'brown lipstick'.,0,0.5119,0,0.6674,0,0.82,0,0.6759999999999999,1,0.504
what does robo-con harper say?,0,0.5917,0,0.5917,0,0.5917,0,0.5917,1,0.6155
you and mh must be smoking buddies,0,0.6005,1,0.6136,0,0.6005,0,0.6005,1,0.6005
~the 70's are over~Better still: the '70s are over.,0,1.0,1,0.6083,0,0.7903,0,1.0,1,0.805
"perhaps the next near election video of Ms Wynne will be of her running again , a little faster this time... but with lights and sirens just barely visible and audible at first but becoming louder and getting closer in the background",0,0.6138,0,0.8015,0,1.0,0,0.8015,1,0.8036
Actually there is something the haters could do. Sign up as 'supporters' and vote for Garneau. marcgarneau.ca,0,0.8631,0,0.7181,0,0.8631,0,0.8631,1,0.556
Everyone knows that the rich are hurting and need our financial assistance. ,0,0.7158,0,0.679,0,0.7154,0,0.8420000000000001,1,0.8826
"Yup, ask us Albertans about boom and bust. It just keeps going around and around. When they finally have that 9.4 earthquake the prices will come down.",0,1.0,0,1.0,0,1.0,0,1.0,1,0.5882
What a surprise! Toronto has 'a problem.',0,0.7581,0,1.0,0,1.0,0,0.7581,1,1.0
"And for some in here, Praise Trump almighty from whom all blessings flow. In the name of the hot wife, daughter and unholy candidate.",0,0.7826,0,1.0,0,1.0,0,1.0,1,0.8122
"Right on, D_Peters. Sounds like fun. What a work ethic, eh?",0,0.711,0,0.7155,0,0.7155,0,0.711,1,0.7105
Saunders is a bleeding heart leftist with 'progressive' ideas about 'diversity' and 'racialized ' peoplehe must be NDP,0,0.6024,0,0.8078,0,0.6024,0,0.8078,1,0.5888
More like dodgeball for harper Dodge duck dive dip and dodgeCheating and lying too,1,0.6016,0,0.5919,0,1.0,0,0.5889,1,0.7985
"Really, that is one of the most uninformed things I've ever read. congratulations, Mr. Ford. You appear to have made the spellcheck work.",0,0.5953,1,0.5799,0,0.5953,0,0.5953,1,0.5799
"You should write another comment, wilnel - there are a few right-wing buzzwords you didn't use yet. Not many, but some.",0,0.7615,0,0.7197,0,0.7659999999999999,0,0.8833,1,0.8098
"Hey Barb, go smoke a cigarette with Bev Oda...",1,0.613,0,0.6066,0,0.7994,0,0.7994,1,0.6066
LOL....when was India's history so illustrious?,0,0.6017,1,0.6082,0,0.7954,0,0.8063,1,0.8009
It's the IggyNoMore movement.,0,1.0,0,1.0,0,1.0,0,1.0,1,0.5922
"'If a woman can take our oath with her face veiled, the person administering the oath can't see that she is taking it.'Oh? I didn't realize that deafness was a prerequisite for a judicial appointment.",1,0.5922,1,0.6012,0,0.5995,0,1.0,1,1.0
Persistent? Any ConTrolls need a dictionary? Hitler was persistent as is Isis.,0,0.6064,1,0.6078,0,1.0,0,0.8016,1,0.6137
"@rory - you might not like its name, but that's its name. Is the White House really a 'house'? Stop calling it one! I suggest the 'The White Building'. I also don't really like 'Parliament Hill' - how about 'Parliament Bluff'?",0,1.0,0,1.0,0,1.0,0,1.0,1,0.6218
Oops....seems Morneau and Trudeau forgot the health care file when they opened the spending spigots! Oh well Sunny ways!,0,0.7549,0,0.7549,0,1.0,0,0.7549,1,0.7587
Need a lot of help? Aren't you of the Con school? Shouldn't people be paying their own way for their choices?,0,0.5135,0,0.5309,0,0.6903,0,0.6903,1,0.6396
"I'll say one thing for the boys in short pants in the PMO, they're up early pressing the 'like' buttons. I guess there's so many of them that they work in shifts!",0,0.5984,0,0.5984,0,0.7871,0,1.0,1,0.8046
Tea party lover. Huh.,0,0.511,0,0.511,0,0.67,0,1.0,1,0.5023
And Harper believes he should be re-elected to continue this nasty cycle. Unbelievable.,0,1.0,0,1.0,0,1.0,0,1.0,1,0.6029
Welcome to HarperLand where 'core' values override the majority's. We have to get rid of this mob.,0,0.8015,0,1.0,0,1.0,0,0.8174,1,0.7819
"These are facts. Harper says one thing then does another, he's a politician what a surprise.",0,0.8045,0,0.8045,0,1.0,0,1.0,1,0.5876
"Yes, no regional tensions existed under Liberal regimes . Those referendum things were imaginary.",0,0.8794,0,0.8009,0,0.9228,0,1.0,1,0.7973
...and political butt kissing.,0,0.7965,0,0.5818,0,1.0,0,0.7965,1,0.8109
"[Asian demand for fossil fuel is just getting started.] Really? Speaking of fossils....Hey, how's that Energy East Pipeline coming along there? Find any investors yet?",0,0.7988,1,0.6211,0,0.7995,0,1.0,1,0.8062
"A new title, a different slant on the topic and even corrections to the value of the bitcoin. It's good to see that Ms Southey is taking recycling to heart.",0,1.0,0,1.0,0,1.0,0,1.0,1,0.5967
"Wrong again, Rick. But I guess you're OK with that.",0,0.6027,0,0.8136,0,0.8136,0,1.0,1,0.5837
"No joannie, they did not vote any taxes down. Taxes will come, they just declined to say which ones would be best for Toronto. Now the 905 mayors will decide for us.Good job, there!",0,0.7938,0,0.7938,0,0.7938,0,1.0,1,0.8157
And you will all be humming a different tune when ISIS comes home to Canada to roost!,0,1.0,0,0.8017,0,1.0,0,1.0,1,0.7937
"Oh well, Chicago will get it's community organizer back in November. Once he gets the bathroom policy fixed there, I'm sure he'll resolve all their other problems....NOT!",0,0.7515,0,0.7515,0,0.7515,0,0.7515,1,1.0
"So, there has been no inequity through history. Or just when did we reach the Golden Mean of hiring equity ?",0,1.0,0,0.7965,0,1.0,0,1.0,1,0.6071
No I think Stevie's area of expertise lies in ecoonomics or something. Just look how well he has done by increasing our national debt by $160 BILLION or so. Quite the expert I would say ( NOT)! Eh?,0,1.0,0,0.7911,0,0.8219,0,1.0,1,0.5946
"What you are implicitly saying is that women are not good enough. The way things are currently done in Ottawa, good people, male and female, leave, pulling their hair out. Maybe women could do a better job.",0,0.8057,0,0.8057,0,0.6202,0,1.0,1,0.617
"Yeah Islam is a beacon of pure enlightenment, and we need to celebrate the marvels of this socio-political ideology with the liberated women of Afghanistan, Pakistan, Somalia, Saudi Arabia, Yemen, Sudan ....",0,0.5986,1,0.5993,0,0.5993,0,0.6145,1,0.7819
"I also heard that women in Quebec can have prostate surgery, just so they don't feel discriminated against.",0,1.0,0,0.6115,0,0.6125,0,1.0,1,0.5929
You got every single one of those out of context and twisted quotes wrong. Congratulations. You are a Harperite.,0,0.8101,1,0.7917,0,0.8101,0,1.0,1,0.5848
"OK. Now I get it. You're a teacher! One of these days, you should move over into the real world!",0,0.5842,0,0.5842,0,0.5842,0,0.5842,1,0.6039
"Yep, they better listen up or we'll get Trudeau Jr. to pelt them with pixie dust.",0,0.597,0,0.597,0,0.7954,0,0.597,1,0.8092
so basically you're fantisizing about getting a legal reason to kill someone. You're a really nice person!,0,0.589,0,1.0,0,0.589,0,0.7923,1,0.7906
"If they want to be known as an opposite to what they look like, maybe they should wear a sign, rather then having the rest of the world guess.",0,0.79,0,0.79,0,0.79,0,0.79,1,0.6039
"'the stern voice of the daughter of God,' John Baird?",0,1.0,0,0.8013,0,1.0,0,1.0,1,0.6053
"Good point Prog111, we are lazy and incompetent.",0,0.8082,0,0.6179,0,0.6179,0,0.8082,1,0.5673
"If Cruz is Canadian, perhaps he coud run for PM as well as President of the US.",0,0.7931,0,0.7931,0,0.7931,0,1.0,1,0.5955
"Hey, don't be pointing out awkward facts like that HP,and this is actually a inter-glacial period. In between ice ages there are no ice caps I believe",0,1.0,0,0.8062,0,0.8062,0,1.0,1,0.6176
so with sex ed there will be no more teenage pregnancies ?,0,1.0,0,1.0,0,1.0,0,1.0,1,0.7557
"Lynner, You must be leading a very sheltered comfortable privileged middle class life.",0,0.5982,1,0.5987,0,0.8077,0,0.8077,1,0.8029999999999999
"And where is Boss Wynne during all of this? Oh yeah, cutting ribbons at grocery stores who can now sell beer, her biggest priority and accomplishment.",0,0.8079999999999999,0,0.6095,0,0.8079999999999999,0,0.8079999999999999,1,1.0
"The Liberals are the masters of making the goal posts so wide that every punt scores, the opposite of principled foreign policy.",0,0.8064,0,0.8064,0,0.8064,0,1.0,1,0.6148
"'Christians in there own country', what country would that be. Canada has a large number of Christians but we are not a 'Christian' or any other religion, country.",0,0.8104,0,0.8104,0,0.8104,0,0.8104,1,0.6224
to many rats in the cage...,0,0.6272,0,1.0,0,0.6272,0,1.0,1,0.5837
And if someone experiences publicly exposing of their face as nudity?,0,1.0,0,1.0,0,0.7879,0,1.0,1,0.6023
So once Harper is booted from office in 2015 no one from his office is entitled to voice an opinion? Got it!,0,1.0,0,1.0,0,1.0,0,1.0,1,1.0
you dont get it: there is no winner in a major war (now) - only losers. Unless you suppose life in a sealed cave is 'winning'.,0,0.8059,0,0.6101,0,0.6101,0,1.0,1,0.6117
"""we should try to do everything possible to return her safely home."" After two very long comments mostly scornful towards Huma Hoodfars, you get to the point. Good.",0,1.0,0,1.0,0,1.0,0,0.7883,1,0.5943
Let's start with coat-hanger manufacturers.,0,0.8078,0,0.8078,0,0.6024,0,0.8078,1,0.6058
"...and they can always print more of it, or generate it out of the blue electronic yonder....",0,1.0,0,1.0,0,1.0,0,1.0,1,0.7904
"Try standing at Harbord and St. George at 8AM on a weekday. If only a quarter of the cyclists that go by in 30 mins are women, I will eat a bicycle.",0,0.6081,0,0.8064,0,0.8064,0,0.6081,1,0.8017
"Great idea. But lets first ask the people in every country in the Middle East whether they support it. As for 9/11, I'm pretty sure [fill in the blank with whoever you hate here] did it.",0,0.7993,0,0.5887,0,0.7993,0,1.0,1,0.8041
"'The jury is out on the effect of the Conservative assault on Justine Trudeau, but the technique has been a winner in the past.'Hmmmmmmmm",0,1.0,0,0.6093,0,0.7966,0,1.0,1,0.7927
"Imagine that: a government organized against the people! At this point, I think we've all had enough of the Harperites.",0,1.0,0,1.0,0,1.0,0,1.0,1,0.5968
Remedial English would be suggested after reading that post...:-) yikes!!!,0,0.605,0,0.605,0,0.605,0,0.8033,1,0.6032
pigs will fly before that happens.,0,0.8128,0,0.8128,0,0.6063,0,1.0,1,0.6196
You mean like the environnuts to whom the law doesn't apply since they have 'faith?',0,0.6167,0,0.6167,0,0.6167,0,0.6167,1,0.5852
"let them all use Negative ads let them use teeth, fangs, nails, claws level playing field it is politics for heaven's sake",0,0.7985,0,0.7985,0,0.6094,0,1.0,1,0.603
"this article reads like an entry in a political-junky teenager's diary. love the part about the evil Jews, too. THAT wasn't predictable at all, was it?",0,0.5556,0,0.5897,0,0.7052,0,0.8511,1,0.5803
You also buy Premier Care tubs... And Franklin Mint plates... And Dr. Ho stuff...,0,1.0,0,1.0,0,1.0,0,1.0,1,0.598
"As with Margret Thatcher, the time has come for Our Leader to be sent on the way to a sinecure in Calgary.",0,1.0,0,1.0,0,0.6004,0,1.0,1,0.6088
"But RC, its late November already! Seriously, thanks for your all too kind words.",0,0.7883,0,0.7883,0,0.5765,0,0.7883,1,0.5982
Sun News' lack of viewership is in sharp contrast to its big brother Fox News in the USA. That says a lot about the differences between Canadians and Americans. Vive la difference!,0,0.7951,0,0.7951,0,1.0,0,0.7951,1,0.6031
I didn't realize that Petie Muckay did the accounting.,0,1.0,0,1.0,0,0.7955,0,1.0,1,0.6142
"Male opinion writers outnumber women by more than three to one? Well, you're an opinion writer, aren't you Maggie? Oh, I get it. Never mind.",0,1.0,0,1.0,0,0.8226,0,1.0,1,0.5865
"Right, because the elected party shouldn't be concerned with what is best for Canada when they can be feathering their own nest? I agree that is often the political reality, but your statement condones that behaviour.",0,1.0,0,0.8079999999999999,0,1.0,0,1.0,1,0.6083
"""Can you say ""non sequitur""?"" ----------------------------- Can you say ""sarcasm""? The only non sequitur here is the author's assertion that girls are scantily dressed just because it's hot out.",0,0.6067,0,0.8132,0,0.8132,0,0.8132,1,0.5786
I'm going to start a Wikileaks drinking game. Bet I'm drunk by 2 pm.,0,0.8041,0,0.6141,0,0.6141,0,0.8041,1,0.7931
With an utterly incompetent Tory government and a Foreign Secretary like Johnson what could possibly go wrong?,0,0.6428,0,0.6441,0,0.7971,0,0.6457,1,0.8065
'we have a Prime Minister who never saw a war he didn?t like.'Wow!!!,0,0.7924,0,0.7924,0,1.0,0,1.0,1,0.5835
The greenhouse gas party serves up laughing gas.,0,0.8049,0,0.8176,0,0.8176,0,1.0,1,0.607
I don't know. He does a pretty good imitation of Berlusconi. Maybe he could govern Italy.,0,1.0,0,1.0,0,1.0,0,1.0,1,0.6154
Hagiography ....HA !!Too funny.,0,0.7224,0,0.7207,0,0.7207,0,0.8694,1,0.5704
"Yup, and the Iraq people asked the Western Political society to use false premises and invade them. It has worked out quite well for them. Only 250, 000 Iraqi civilians have died post invasion. I guess this is 'public interest'",0,1.0,0,0.6671,0,0.6671,0,1.0,1,0.5078
After it was proof read by Sarah Palin.,0,0.8318,0,0.6618,0,0.6618,0,0.8318,1,0.5149
"I have a better idea, let's decriminalization all crime. Think of the money saved on police, courts, jail, the entire justice system could be cut by 4/5th! Why is the only solution suggested by the progressive left decriminalization?",0,0.7974,0,0.7974,0,0.7974,0,1.0,1,0.5917
"When it comes to international diplomacy, the Harper gang commits one blunder after another. Stephen Harper is clearly in way over his head.",0,0.6068,0,0.6099,0,0.8029999999999999,0,0.8038,1,0.606
"be careful Elizabeth, the disciples do not have a sense of humour :-)",0,0.8047,0,0.8047,0,1.0,0,0.8047,1,0.5921
So true! They are also quite good at looking after themselves at the expense to hard working and overly taxed Canadians.,0,1.0,0,1.0,0,1.0,0,1.0,1,0.7881
"A plant with psychological issues, keller? Most of were unaware of the existance of such a botanical marvel. What substance did you imbibe to gain this revalation, keller?",0,0.7871,0,0.5791,0,0.5855,0,1.0,1,0.8129
"Ford Nation is an example of 'Contrarians Unite, you have nothing to lose but your rationality'.",0,1.0,0,1.0,0,0.7981,0,1.0,1,0.595
Call for Gaius Cassius. Nuremburg on line 1.,0,0.7835,0,0.7835,0,0.7835,0,1.0,1,0.6166
"Newfoundland has no worries, did they not elect all liberal sunny ways this past fall???",0,0.804,0,0.804,0,0.804,0,0.804,1,0.5844
Is this some kind of word puzzle?,0,0.8026,0,0.8026,0,1.0,0,1.0,1,0.5838
The Globe endorses Harper and the Reformatory Party. Well done kids.,0,0.8535,1,0.5278,0,1.0,0,1.0,1,0.8502
"But wait, what do doctors know? My Facebook friends say that marijuana is good for everybody, so doctors should stay out of the way. Even Dr. Jenny McCarthy and Oprah agree.",0,0.8364,0,0.7946,0,0.9621,0,0.9567,1,0.7636
You do not question the Dear Leader! Our Lord and Saviour's word is Gospel and must be treated as such! Trudeau is ENTITLED by birthright to run Canada as he sees fit!,0,0.6089,0,0.7965,0,1.0,0,0.7965,1,0.8046
Go Justim Trudak!,0,0.7922,0,1.0,0,1.0,0,0.8052,1,0.8217
Too much Wild and not enough Rose.,0,0.7997,0,0.7997,0,1.0,0,0.7997,1,0.6055
forget that ...did you see justin expose his breasts?,0,0.8063,0,0.5964,0,0.5964,0,0.8063,1,0.6082
Conservatives and fiscal capability! Conservatives and ethics! Conservatives and morality! HahahaHahahaHahahaHahaha. BLLLLAAAGGH! (splatter)(oh. I laughed so hard I got sick),0,0.8085,0,0.8085,0,0.8085,0,0.8085,1,0.6003
And where are they all coming from? Right out of Preston Manning's 'school' for democracy?,0,0.7905,0,1.0,0,1.0,0,1.0,1,0.5952
don't forget to attend to the arrangement of the deck chairs while yer at it.,0,0.6958,0,0.5764,0,0.8391,0,1.0,1,0.5987
Gary Mason; the partisan and biased ReformaCON reporter in sheep's clothing. Now it is all clear... THANKS GARY : ),0,0.8109,0,1.0,0,1.0,0,0.5989,1,0.8031
I can certainly understand your aversion to polygamy. Having one mother-in-law's bad enough.,0,0.8209,0,0.6269,0,0.8059999999999999,0,0.8209,1,0.5721
"Translation: Canadian Foreign Aid will be delivered by teaching Peruvians to rape their land for profit, which will be largely enjoyed by Canadian Mining Corporations. Steve also thinks there's a nice enslavable Native population there, too.",0,0.818,0,1.0,0,1.0,0,0.6044,1,0.6033
"Well, at least Trump hasn't gone to any satanic dinner parties ?",0,0.5923,0,1.0,0,1.0,0,0.7977,1,0.606
"Well everybody, don't expect too many of your posts to be published on this forum. Remember it is the weekend and the Globe's High Priestess of Censorship is at the helm.",0,0.7942,0,0.5928,0,1.0,0,0.8003,1,0.8220000000000001
wow talk about divisive rhetoric. I thought that as members of the human race we're all in this together. Apparently not.,0,1.0,0,0.8017,0,0.8017,0,1.0,1,0.8017
"Is the Globe not talking enough about your scourge-du-jour, Dave? Better cancel that subscription you don't have.",0,0.8077,0,0.5889,0,0.8109999999999999,0,0.8077,1,0.6186
And your ideas for addressing the issues highlighted in the article are...? Do share your brilliance with the rest of us.,0,1.0,1,0.6128,0,1.0,0,1.0,1,0.5942
"Morty, Your comment is somewhat disingenuous, considering most people pay 50% of what they make in taxes. Sum of payroll, fuel, hst, and all the hidden taxes foisted upon Ontario by that mcguinty character. I guess you want to pay more though.",0,1.0,0,1.0,0,0.8077,0,1.0,1,0.6075
"The Superbowl is played on Sundays for a reason. God just loves NFL football even though he already knows who is going to win. I think it is the half-time show, which is less predictable.",0,1.0,0,1.0,0,1.0,0,1.0,1,0.6078
truly an astounding feat that you managed to read all 500 words of this article and stay focused! That's a lot of hard work for someone like you. Keep it up!,0,0.5555,1,0.8442,0,0.6467,0,0.6769,1,0.8845
"Yes, the nations of the world must be all wet on this one, Ed.",0,0.7877,0,0.7877,0,1.0,0,1.0,1,1.0
"China is building 500 Gigawatts of brand new coal fired power stations, and so is India. I hope we sell them billions of tons of our beautiful high energy, profitable coal. Coal will save the world. (including your granddaughter Georgie). cheers",0,1.0,0,1.0,0,1.0,0,1.0,1,0.5978
"I for one have never believed it tastes like chicken. Like, for real man, where DO you get YOUR chicken from, anyway!",0,1.0,0,1.0,0,1.0,0,1.0,1,0.5968
wow - is our prime minister overseas to berate the crypto democrat putin? or to study his methods? thank goodness for our supreme court. oh wait - they're trying to rejig that as well. what the heck is going on here?,0,0.7581,0,0.7581,0,0.7581,0,0.7581,1,1.0
"oooooh, Margaret, you are going to be unpopular for refusing to hold hands and hug everyone. Imagine, males and females are different. Shhhhhh - we are working on an adrogynous universe and this can't be allowed.",1,0.7985,1,0.5939,0,0.8035,0,0.6098,1,1.0
"Most of the Liberal gains were attributable to Justin Trudeau's hair, which compares favourably to Harper's lacquered helmet. Meanwhile voters remain non-committal about Mulcair's whiskers.",1,0.6134,0,0.604,0,0.8039,0,0.5828,1,0.6134
"Oh, heck! Two generations ago, many Americans didn't get any news at all! Gee, come to think of it, maybe they were better off...",0,1.0,0,1.0,0,1.0,0,1.0,1,0.593
"Especially if that joy includes living your parent's basement. But then on the bright side, maybe their parents will have someone there to help them in their old age, although I wouldn't bet on it.",0,0.7926,0,0.5865,0,0.7926,0,0.7926,1,0.5961
ah Canada's march to killing & death for lifestyle & personal preference. We would have all made good plantation owners1,0,0.5920000000000001,0,0.7969,0,0.7969,0,0.5920000000000001,1,0.8047
"She's right, we'll need to get the old timers who saved all their lives to pay more so the profs can have excellent salaries and gold-plated pensions.",0,1.0,0,1.0,0,1.0,0,1.0,1,0.7556
"Alceste....I'm confident you know quite well that I wasn't talking about their specific predictions for the outcome... was I wrong and you've suddenly become a "" literalist"" :-)",0,1.0,0,0.7997,0,0.8074,0,1.0,1,0.6071
"quite the hypothesis... and now can you back that up with specifics? Naw, I didn't think so.BTW, I will take the wooden Harper to the pixie doll JT any day.",1,0.5945,1,0.6179,0,0.5926,0,0.7957,1,0.7969
"If you 'don't mind making that sacrifice', then please....lead from the front.",0,1.0,0,1.0,0,1.0,0,1.0,1,0.5705
Great sarcasm.,0,1.0,0,0.5893,0,1.0,0,0.8117,1,0.7987
"'I'm having a hard time feeling any sympathy for the public parasite sector.'Go ahead and inspect your own meat, then.",0,0.6162,0,0.8027,0,0.5929,0,0.6162,1,0.5936
Where do you get this stuff? Does the CIA have its own wire service?,0,1.0,0,0.7899,0,1.0,0,1.0,1,0.6124
How did that overwhelming advantage work out in Vietnam?,0,0.7979999999999999,0,0.7979999999999999,0,1.0,0,1.0,1,0.6038
agreed. by time he's done with em they'll be ruined,0,0.7869,0,1.0,0,1.0,0,1.0,1,0.5920000000000001
Harper and his Party have a single atom for their conscience ... and another one for their moral fiber !,1,0.5664,0,0.7298,0,0.7252,0,0.58,1,0.5705
"One World Government? Oh dear, you have been listening to those right-wing American radio talk show hosts a lot lately, eh? Watch out for those black UN helicopters!",0,0.6085,1,1.0,0,0.6085,0,0.8166,1,1.0
'Are the Conservatives lifting tactics from the GOP? 'Ya think?,0,1.0,0,0.787,0,0.8073,0,1.0,1,0.5943
Are you Bitter? Sorry... yeah I always thought that was a good idea. After all... the waste prduct of making electricity from Nuclear is heat. Duh? Meanwhile Alberta ruined lake Wabamun with 3 thermo electric plants burning coal. I don't get it>,0,0.799,1,0.5935,0,0.6076,0,0.799,1,0.5935
Looks like the ON liberal budget is a copy of the CON feds budget. wow...,0,0.8217,0,0.7922,0,1.0,0,1.0,1,1.0
"The privilege, it burns!",1,0.5922,0,0.5995,0,0.5995,0,0.7939,1,0.5869
And all fish in St. Lawrence river and gulf will vote against separation to please ti-pite.,0,1.0,0,1.0,0,1.0,0,1.0,1,0.6052
Great idea - more civil servants.,0,1.0,0,0.8086,0,1.0,0,1.0,1,0.5935
"Mrs Nemat, if you decide to move, Quebec would probably welcome you with open harms.",0,0.605,0,0.605,0,0.605,0,0.605,1,0.609
"Glad you find threats of assassination so amusing, SVR Boy.",0,0.8078,0,0.6024,0,0.8078,0,0.8078,1,0.7918
"And trickle down will lift all ships. This is fun, you're turn.",0,0.5807,0,1.0,0,1.0,0,1.0,1,0.6013
"Yup, 4 yrs. for beheading and eating a young individual on a Greyhound bus. Oh, but you say it's all torque? Hmmmm... interesting.",0,0.8101,0,0.6031,0,0.8101,0,1.0,1,0.7917
"One can't expect these intellectuals to read George Monbiot, SO. :)",0,0.8191,0,0.7988,0,0.7909,0,1.0,1,0.7955
In the board room with the newspaper's owner discussing ways that he can minimize his taxes through political action.,0,0.7919,0,0.5936,0,0.5936,0,0.7919,1,0.8115
Drone strikes. Is that what you call policing Pakistan?,0,0.8051,0,0.8018,0,1.0,0,1.0,1,0.6011
"Because Mark Carney never, ever reads from the Liberal Party of Canada playbook...",0,0.5763,0,0.7926,0,0.7926,0,1.0,1,0.6279
Give the finger to the society? Perhaps they choose the wrong society to live in.,0,0.6664,0,0.6664,0,0.6664,0,0.6664,1,0.657
@ billbcProof that can hold up in court? not just in kangaroo court of the left with lynch mob for jury,1,0.5912,0,0.5943,0,0.5897,0,0.5897,1,0.5864
"Please. Give us a dreadlocks and a blunt photo-op Steve-O. ?One love, one heart, one destiny.?",0,1.0,0,1.0,0,1.0,0,1.0,1,0.6113
Okie dokie then...,0,1.0,0,0.8139,0,1.0,0,1.0,1,0.5985
"yeah, it reminds me of the rock band 'the who' kept coming back for another 'farewell' concert. We all love Justine",0,1.0,0,1.0,0,0.7991,0,1.0,1,0.6172
"I like the logic here. If you're miserable, you can't ask for euthanasia; if you're feeling fine, you can.",0,1.0,0,0.7929,0,1.0,0,1.0,1,0.5936
Got you're PHD in Stupidomics?,1,0.5672,1,0.5672,1,0.5672,0,0.6291,1,0.5672
"Don't worry, Vlad & the Donald are good buddies, just like Rodman and Kim Jung-un.",0,0.7997,0,0.7997,0,0.7997,0,0.7997,1,0.7964
"What's that, the high prophets of the green religion got caught fudging the data. Now their credibility is screwed? Weep for mother Gaia.",0,0.7954,0,0.5864,0,0.7954,0,0.5974,1,0.6116
"Can't we just take thousands of Mali refugees instead? Everybody loves refugees, amIright?",0,0.6053,0,0.8239,0,1.0,0,0.6237,1,1.0
Spoken like a true Liberal. Pfffft.,1,0.6044,1,0.8179,1,0.8179,0,0.7891,1,0.5957
Imagine the globe and mail and the toronto star masquerading as reputable messengers of the news.,0,1.0,0,1.0,0,0.7959,0,1.0,1,0.6019
"Just kick military out of their tents! How about doing thing by the book? Hey, Junior will get his selfies!",0,0.7927,0,0.7927,0,1.0,0,1.0,1,1.0
I care as much about Justin inhaling a little pot as I do about whether Lauren is gay.,0,0.606,0,0.606,0,0.606,0,0.7995,1,0.5965
Consequences ???? But but but the stress ! The psychobabblers tell us so .... There are consequences ???? But when I watch my flat panel TV nothing ever happens to me personally ....,0,0.5852,0,0.5852,0,0.5852,0,0.7851,1,0.7985
Quite right - don't you just adore how kerf deploys the word 'insite' to demonstrate his own?,0,0.6271,0,0.8032,0,1.0,0,0.8032,1,0.6129
All of the intelligent people are behind Trump? Broad brush much?,0,0.8293,0,0.6553,0,0.6567,0,1.0,1,0.5108
"OK, he's gone. You can quit the melodrama. Democracy and freedom have been present all the while. The results of this election are the proof.",0,0.7835,0,0.5883,0,0.5985,0,0.7835,1,1.0
"Big city living, oh joy.",0,0.8128,0,0.8128,0,0.8128,0,0.8128,1,0.8069
"Yeah, right, the Feds are the epitome of good management. That's why Canada is such a train wreck nowadays. Ontario's a mess, Quebec's a mess, Alberta's a mess, BC is a mess.... yup, Tory Times are tough times.",1,0.5964,0,0.6016,0,0.6016,0,0.6024,1,0.7979
You mean like the party you endorsed was going to fix it? And they weren't Tories. They're Reformers.,0,0.7835,0,0.5883,0,0.7835,0,1.0,1,0.8017
"Can they think? Would rather have that than a spelling bee winner. Spell check works fine but if the brain is not intelligent, creative or analytical.......a good speller will not solve your business problems!",0,0.794,0,0.794,0,0.7988,0,1.0,1,0.7988
He's practicing wearing a Sombrero...,0,0.5838,0,0.5838,0,0.7887,0,0.5838,1,0.8029999999999999
So vote for junior and invite the jihadis over for tea and a discussion about root causes.,1,0.588,1,0.6181,0,1.0,0,0.5943,1,0.8003
Doctors in lab coats? You only see that on the TV ads.,0,0.5714,0,0.5714,0,0.5714,0,0.7845,1,0.8129
devastating wikileaks'?/ You jest. They show clinton is a politician. Colour me not surprised. And you want the g&m to bother with that tripe?,0,0.5992,1,0.5967,0,0.5992,0,0.8024,1,1.0
a man who sees a country with deep problems offering easy solutions and blaming others for them... why is this familer?,0,0.7524,0,0.7545,0,1.0,0,1.0,1,1.0
"Don't worry, just take a cold shower, say three 'Hail Marys' and everything will be alright.",0,1.0,0,1.0,0,1.0,0,1.0,1,0.5838
"R Hebner, Your main point seems to be that you feel Canadians are dumb. I'd peg you as a Liberal. Just a hunch.",0,0.813,0,0.813,0,0.7879,0,1.0,1,0.6023
Not so soft hypocrisy - the Globe editorialists barely mentioned the issue when the Conservatives signed the deal. Now they are using barrels of ink to persuade us how the Libs screwed up. Nice try.,0,0.7096,0,0.722,0,1.0,0,0.8552,1,0.7025
"I'm sure someone with Trump's ego has not a moment's doubt that He is the one that will Make America Great Again. Details unnecessary, he'll bully people and work out a great deal like he always does...",0,0.8077,0,0.8077,0,0.8077,0,1.0,1,0.5976
Your wealth of knowledge in process/chemical engineering continues to amaze me.Ignorance is bliss I suppose,0,0.7983,1,1.0,0,0.6014,0,0.7983,1,1.0
You just go down to Toronto and protest at the g20 with that message and see what happens to you.,0,0.7847,0,0.5954,0,0.5974,0,1.0,1,0.5918
"how about working your way up the ladder, in the old fashion way.....put the parachutes in the garbage....",0,1.0,0,0.602,0,0.8041,0,1.0,1,0.5958
"If he has to clean the bathroom, he will start to sit down too.",0,1.0,0,0.7975,0,1.0,0,1.0,1,0.5865
"Well, it's better than endorsing Chairman Chow. So there's that.",0,0.8073,0,0.8073,0,0.8073,0,1.0,1,0.596
Basically you're saying you want her to un-Toronto herself?,0,0.7996,0,0.7996,0,1.0,0,0.7996,1,0.6101
"Excuse me, but it has already been established that the term 'Angry Baird' belongs to John Baird.",0,1.0,0,0.8041,0,1.0,0,1.0,1,0.6051
Like asking police to give up their weapons while the gangs continue to load up. I'm sure that will have a good outcome.,0,0.7954,0,0.597,0,0.7954,0,1.0,1,0.7891
Isn't Justice suppose to be blind?? Looks like Lady Justice has a few peep holes in her blind fold.,0,1.0,0,1.0,0,0.8018,0,1.0,1,0.7972
"Who are you, the board police? Some targets deserve carpet bombing.",0,0.8128,1,0.5946,0,0.6194,0,0.8128,1,1.0
"Yeah, I can just imagine: 'Well hellooo, ladies..... I'm just back from my second tour of duty in Grade 12. My Dad's rich.... Wanna go furniture shopping?'",0,1.0,0,1.0,0,1.0,0,1.0,1,0.5868
"Harper is not that clever. If he honestly believed in his arrogance that he could make the SCC look bad then he greatly miscalculated. The SCC looks like a heroic defender of Canadian democracy, Harper looks like a manipulation weasel.",0,0.8116,0,0.6168,0,0.6168,0,0.8116,1,0.5701
hard core separatists who stay in Canada...?and what does 'arrogant to a distraction' actually mean? vraiment!!! You sound a little anti-francophone to me. Perhaps if Justin changed his last name to Waterhole you'd vote for him lol.,0,0.7957,1,0.7929,0,0.6073,0,0.8041,1,0.6073
"Is that the best you can do for an alias, David Duke?",0,0.7988,0,0.597,0,0.7988,0,1.0,1,0.8183
What hidden contribution? If you have your eye closed may be.,0,1.0,0,0.8136,0,1.0,0,1.0,1,0.5837
"Yes, CBC should cancel one of their most popular shows because YOU don't like it.",0,0.7856,0,0.6042,0,0.7856,0,0.7856,1,0.7895
Perhaps this young man should have stayed in Syria. Where it is safe!!!!!,0,0.7593,0,0.6835,0,0.8023,0,0.7962,1,0.8411
"I envision the change you speak of. Americans living in caves dragging women around by the hair. An AK 47 in every cave, with lots of ammo for' fuedin' with your neighbor. Killin in the name of God!",0,0.7958,0,0.8069,0,1.0,0,0.7863,1,0.6048
"Of course, Naomi Klein's not arguing we should force the third world to pay for emissions reductions, but keep tilting at that windmill Ms. Wente.",0,0.7996,0,0.7996,0,0.8152,0,1.0,1,0.5998
Well that makes me feel sooooooooooooo much better.,0,0.7953,0,0.7953,0,0.7953,0,1.0,1,0.7874
"Vote for the Liberals or even better, the NDP. They can print money with gusto and 'expand' the government's balance sheet. Worked so well for the Greeks.",0,0.8021,0,0.6101,0,1.0,0,1.0,1,0.8129
Brian is part of the corporate elite and we must listen to them!,0,0.6783,0,0.5197,0,0.5197,0,0.8467,1,0.8361
Wow the ? fell 15%. Big deal. The world will end. Well as Canada $ fell 30% in the last year you condescending Canadian definition of Canada must be a basket case,0,0.5952,0,0.5952,0,0.5952,0,1.0,1,0.6077
we don't have any other alpha dog in the current pack.,0,1.0,0,1.0,0,0.8095,0,1.0,1,0.5732
Make way people. ‘Real’ experts from the comments section coming through below.,0,0.7691,0,0.7138,0,0.8326,0,0.8879,1,0.8874
"Of course you'll agree that it didn't cost Putin a dime. And, you'll probably also agree that a good portion of the 52 billion actually went INTO his pocket.",0,0.5706,0,0.5706,0,0.5706,0,0.7088,1,0.5713
"In other words; 'give us all we want, with no accountability as to how we spend 'our' money, and we'll love you - until the next time.'",0,1.0,0,0.5961,0,1.0,0,1.0,1,1.0
"With those buck teeth, he looks more to me like that puppet from the 50s TV show - Howdie Doodie, was it?",0,0.6117,0,0.5752,0,1.0,0,1.0,1,0.6056
"Sask. corruption hmmm & half of Devines cabinet thrown in jail... but yeah, Montreal & Toronto got big problems... glad I'm here in Vanc.",0,0.7214,0,0.8639,0,0.8639,0,0.8521,1,0.5782
The hot air from this prime minister could solve our carbon emission problem.,0,0.5925,0,1.0,0,0.7983,0,1.0,1,0.8113
"Yeah sure, blame the West for Russia's malignant propaganda. How irresponsible!",0,0.612,0,0.5884,0,1.0,0,0.8005,1,0.8036
Hold on. Marriage is a cheat. I'll write my story tomorrow.,0,1.0,0,0.7855,0,1.0,0,1.0,1,0.5756
"Yeah, it's impossible to have platforms and policies if you dress well, right?",0,0.8125,0,0.6217,0,0.8125,0,1.0,1,1.0
It's the oppositions job to push for an unnecessary inquiry? Seriously?,0,1.0,0,1.0,0,1.0,0,1.0,1,0.5966
There's a huge difference between debating 17 Republicans (90% of them not fit for public service) to win the leadership Primary and taking on Hillary Clinton. I liken Trump to the Republican's new Sarah Palin with an orange face...,0,0.8145,0,0.7851,0,1.0,0,0.8145,1,0.5922
That's only because over 90% of Trump's words and deeds are anti-Trump.,0,1.0,0,1.0,0,0.8226,0,1.0,1,0.5865
It's cute when you try and do man things.,0,0.5622,1,0.8035,0,0.6776,0,0.885,1,0.8816
"Oh yes they are. They want the money but will not give an inch, how sweet. I hopePremier Wall sticks to his guns.",0,1.0,0,1.0,0,1.0,0,1.0,1,0.5959
Oh please ! I'm sure that Wright regrets writing that idiot a cheque ! But the taxpayer isn't on the hook for it and it isn't even close to what Mac Harb has done. Now Lefties feel free to rain down your hate!,0,0.611,0,0.8183,0,0.7886,0,0.8183,1,0.6083
"Ah yes, the good ol' days of feudalism.",0,1.0,0,1.0,0,1.0,0,1.0,1,0.5954
I know! ISISists are EVERYWHERE!! Don't forget to check under your bed! (Harper has your broom closet covered) (lol),0,0.5949,0,0.6729,0,0.6757,0,0.8027,1,0.8786
Do you have two left hands too.,0,1.0,0,0.7459,0,0.7459,0,1.0,1,0.7402
"With NASA's Outreach to Muslims program courtesy of Obama (no, really!), he'll be an astronaut soon enough.",0,0.7958,0,0.7958,0,1.0,0,0.7958,1,0.5918
"Nope, it's all Harper's and Flaherty's economic genius.",0,0.7817,0,0.7817,0,0.6038,0,0.7817,1,0.7936
"Fawzi: 35 years of service by 53, huh? So you started at 18, with at best a high school diploma, yet managed to wind up in a position that paid about $110K a year. You'll understand my skepticism.",0,0.7677,0,1.0,0,1.0,0,1.0,1,0.7492
No wait!... it's OK!... Cause Margaret AGREES with them!... Muzzling free speech is okay if Margaret agrees!... Get with the program!...lol It's only bad if Margaret disagrees!... ha ha!,0,1.0,1,0.5951,0,0.8048,0,0.8048,1,1.0
"Thanks for the advice Mom, what advice do you have for the PM that knows nothing??",0,0.5897,1,0.6139,0,0.5897,0,0.5897,1,0.5976
It's a Wynne Win - $9 billion to buy votes for her boyfriend.,0,1.0,0,1.0,0,1.0,0,0.7883,1,0.7883
'What?s in it for the scientists and what?s their motive?'you really need someone to answer that? really?,0,0.5922,1,0.62,0,0.5857,0,0.7799,1,0.5876
Because of course you're all about the climate. Just like opponents of wind power are all about the birds.,0,1.0,1,0.6066,0,0.7994,0,1.0,1,0.613
"The same paper that has endorsed Harper twice is telling me that the TPP is less than hoped for and less than feared. Yay, everything is okay.",0,1.0,0,1.0,0,1.0,0,1.0,1,1.0
So what you are saying is that Harper is a example of what happens when you elect someone that is inexperienced and unqualified as PM so we shouldn't make the same mistake again with Trudeau. Makes sense to me.,0,1.0,0,0.6052,0,1.0,0,1.0,1,0.5848
Wente as Con Bot. I like that :),0,1.0,0,1.0,0,1.0,0,1.0,1,0.6071
You mean that's not Margaret Atwood wearing her CanLit crown gracing our tax dollars?,0,0.7782,0,0.7782,0,1.0,0,0.7782,1,0.6028
I hope the media and the Big Public Unions are proud of what they created. It's even worse than feared!,0,1.0,0,1.0,0,1.0,0,1.0,1,0.5871
"Yes Flo you're probabbly right. The world would be better off with more Stallins, more Maos, more Hitlers and more Pol Pots....all enemies of religion.",0,0.8079999999999999,0,0.8079999999999999,0,1.0,0,1.0,1,0.5796
News flash - there is no such thing as 'deserving' an income !,0,0.5849,0,0.5849,0,0.5849,0,0.7848,1,0.5991
"Mtl, if you weren't pushing the limits of absurdity, you would be a joke.",0,0.8037,0,0.8037,0,0.5909,0,1.0,1,0.6123
Way to stay on topic,0,1.0,0,1.0,0,1.0,0,1.0,1,0.8041
David... Why? You speaking for god? Saying god can't make up its own mind when the time comes and make an exception?,1,0.5870000000000001,0,0.5992,0,1.0,0,0.8023,1,0.5969
Ohhh the G&M. Can you please link us to your editorials of allergic reaction to Harper when he cut sales tax to get elected? Taxes and politics? Never have they been mixed before!,0,1.0,0,1.0,0,0.7522,0,1.0,1,0.747
Vic Toews and the babysitter,0,0.8079999999999999,0,0.8079999999999999,0,0.8079999999999999,0,0.8079999999999999,1,0.5952
can you summarize that in simple paragraphs of a billion words or less?,0,0.6079,0,0.8031,0,0.8031,0,0.8031,1,1.0
"Francophones are like everbody else these days: iphones, at heart.",0,1.0,0,1.0,0,1.0,0,1.0,1,0.5921
"That is, indeed, the warped, convoluted world of GOP/citizenry understanding of this thing called democracy.",0,0.7848,0,0.7848,0,0.7848,0,0.7848,1,0.5849
"The Libs in their infinite wisdom decided a shiny pony camp councillor was much better that a highly educated astronaut. Yup, the libs are always the smartest in the room.",0,0.6652,1,0.5082,0,1.0,0,0.6652,1,1.0
"Yep - their experience was three dimensional reality, much more sophisticated than flat panel TVs. Maybe that is what they want ...",0,1.0,0,0.8017,0,0.7918,0,1.0,1,0.7903
"Ummm... any more bright ones like you at home? What is it you don't understand about ""debt""?",0,0.6162,1,0.5744,0,0.6162,0,0.8094,1,0.5744
The Work Farce - I think you just about nailed it.,0,0.7996,0,0.7996,0,1.0,0,0.7996,1,0.5898
"Let us shoot the messenger, hoping that people forget that message is true.",0,0.8077,0,0.8077,0,0.8077,0,1.0,1,0.6107
Right... tell that to the attackers,0,0.7957,0,1.0,0,0.5870000000000001,0,1.0,1,0.7943
"Let me see... 1/3 of 1000 years is 333 years,,, DO they really live that long in the US? Wow",0,0.5863,0,0.7921,0,0.7921,0,1.0,1,0.6107
"Very good, you contained your 'criticism' to just personal attacks. Well done. You may keep posting.",0,0.6035,1,0.595,0,0.6035,0,0.8081,1,1.0
"The left made him buy, possess and use crack? Then lie about it? Repeatedly?",0,0.5907,1,0.6052,0,0.5907,0,0.7948,1,0.6052
"There are more lead mines in Canada than in the U.S. Oh, I see a bit of humor. Doesn't stop you from your bi-monthly shopping trips across the border though, does it? Duck much lead during your trips?",0,0.6224,0,0.6224,0,0.8104,0,0.8104,1,0.7868
"I'd vote for a dull coated, swaybacked ornery dray horse to get rid of Harper. At least I'd have a chance at getting my country back. In this case, better the devil you don't know...",0,1.0,0,1.0,0,1.0,0,1.0,1,1.0
As we constantly shift to a more socialist centrally planned society it is natural that we reap the benefits: everyone becomes poor.,0,1.0,0,0.7903,0,1.0,0,1.0,1,0.6213
Liberals always know best how to spend your money.,0,0.7974,0,0.617,0,1.0,0,1.0,1,0.617
"Gee, what a surprise from the paper that endorsed Stephen Harper. Now I know I'm doing the right thing voting for Olivia.",0,1.0,0,1.0,0,1.0,0,1.0,1,0.6142
"you likely 'hear' voices when you're alone, too. there's a name for that.",1,0.5993,1,0.6236,0,0.588,0,0.8031,1,0.6141
The boatload of poor refugees paid $50K a head and avoided all the safe countries nearby to sail half way round the world to a country with a generous welfare system.,0,0.5858,0,0.7959,0,0.7959,0,0.7899,1,0.5923
"Richard231 your comment is smart and thoughtful indeed! Any other thoughts about say Polish-Canadians, German-Canadians, Jewish-Canadians or any other Canadians?",0,0.8101,0,0.603,0,0.8101,0,1.0,1,0.6072
Sound economic policies (*GAG) and a belief in personal responsibility (*RETCH*),0,1.0,0,0.8015,0,1.0,0,1.0,1,0.586
I would not have had to learn English - very convenient .-),0,1.0,0,0.8016,0,1.0,0,1.0,1,0.7903
And who would decide their merit? All those 'super teachers' who go into admin. or all those 'favourites' at the board office or ministry?,0,0.8207,0,0.8207,0,1.0,0,1.0,1,0.6052
"...And the idea, Jack, that you might be an outlier just doesn't occur to you? On just about any other front, people of your generation will cheerfully say ""schools these days... don't teach you what _I_ learned....",0,1.0,0,0.7927,0,1.0,0,1.0,1,0.6083
wow. Were you a 15-year-old girl living in today's Canada? Oh. Think that might make a little bit of difference?,0,0.8532,0,0.6993,0,1.0,0,1.0,1,0.5832
It is unfortunately less easy in 2015 than it would have been in 2011 thanks to the Unfair Elections Act.,0,1.0,0,1.0,0,1.0,0,1.0,1,0.608
"Willy, Poor Harps forgot.",0,0.8012,0,0.8012,0,1.0,0,0.8012,1,0.6117
"If comparing Trump to Hitler is acceptable, then comparing Trudeau to Nero is just as true. Oh what an artist we have in thee.",0,0.5989,0,0.6082,0,0.8019,0,0.8063,1,0.5992
If I knew as much about anything as M Wente knows about everything I would be border-line genius. When it comes to Pot advise from Margaret. Just say No.,0,0.5911,0,0.5911,0,0.8516,0,0.7194,1,0.7022
"Yes indeed, hard to quibble with that logic -- always helpful to check in with the inebriated voter.",0,0.802,0,1.0,0,0.802,0,0.7998,1,0.5985
"How about an article focusing on MOC - MOST OF CANADA? You know, 78% of the population, 9 of 10 provinces, and over 80% of the economy....",0,0.8045,0,0.8045,0,0.8045,0,1.0,1,0.5876
So... Mulroney's respected by OTHER corrupt politicians? Nice.,0,1.0,0,0.8096,0,1.0,0,1.0,1,0.5695
This editorial is not worth 99 cents. Bring the price down to 51.9 cents then I mayconsider buying half a story.,0,1.0,1,0.8117,0,0.5817,0,1.0,1,0.6322
"Dunno, Mr Wiser. You're the one name-calling.",0,0.6081,1,0.5784,0,0.6081,0,0.8008,1,0.5784
"Margaret, hadn't realized you received a medical degree but congratulations",0,0.59,0,0.59,0,0.7909,0,0.59,1,0.6143
"Delusions, hallucinations, fairy tales, religion. Not one ounce of evidence for any of it. Why is belief in Thor, Ramses and Zeus scoffed at?Religion is the last bastion of the ignorant.",0,0.5937,0,0.7925,0,0.7925,0,0.5937,1,0.6131
Did anyone consider that 'bullying' had nothing to do with their deaths? Ummm....seriously? So the meds made them dillusional? Nobody was really causing them incredible shame and embarassment by publishing photos of the on the internet? riiight.,0,1.0,0,0.6067,0,1.0,0,1.0,1,0.8041
"If you were impressed by the whiny ten year old who didn't want to do things with his buddies, it says a lot about you. No wonder Harper didn't grow up normal. And neither apparently did you.",0,0.8094,0,0.6072,0,0.8094,0,0.8094,1,0.5957
"Andy, I reported your comment to the moderator -- rational arguments are not allowed on such emotional issues.",0,1.0,0,1.0,0,1.0,0,1.0,1,1.0
this left even hates user names,1,0.6172,0,0.597,0,0.7981,0,0.5847,1,0.8183
"About time Canada became known for a stand on ...... well, ..... anything!",0,0.7934,0,0.7934,0,1.0,0,1.0,1,0.5979
"Or have the Liberals acquired a Conservative Trojan Horse? Or, do the vast majority of Canadians really give a sweet flying fiddler's .....! Some meaningful news, pleeeeease!!!",0,1.0,0,0.8035,0,0.7856,0,1.0,1,0.5892
Q: why are there no conservatives on the Starship Enterprise? A: Because Star Trek is a story about the future.,0,0.8055,0,0.5938,0,1.0,0,0.6006,1,0.7963
"Rocksteady, guess this means you're not a racist because you have black friends?",0,0.8021,0,0.6101,0,0.8021,0,1.0,1,1.0
"Are you taking antidepressants btw ? Over 10% of us are. What happens when that number climbs to 50% ? And then there are large numbers of us self medicating with booze, pot, meth, coke etc. Yep. We're a happy bunch alright ! Joy to the world !",0,1.0,0,0.8179,0,0.8057,0,1.0,1,0.5649
"Can we legislate exercise as well, how about common sense. Love the article by the way.",0,1.0,0,1.0,0,1.0,0,1.0,1,0.6626
Ya I guess it's unlawful to not let foreigners vote in our elections or use medical care for free too. What a dumb article.,1,0.6017,1,0.7972,0,0.6039,0,0.6039,1,1.0
"""Yes, it's sarcasm. I shouldn't use it actually, it's pretty hard to tell nowadays."" Yours wasn't but yeah it sure is getting harder... scary.",0,0.8004,0,0.6092,0,0.8004,0,0.8004,1,0.5999
"Ah oui, oui, Madame, Mademoiselle, or Monsieur (you choose which salutation, as I don't won't to abuse your ability to be non-binary, if you choose, or binary if choose, or any other type of -inary.) LOL",0,0.596,0,0.7966,0,1.0,0,1.0,1,1.0
Do you expect us to ask them the question for you ?,0,0.7874,0,0.7874,0,0.7874,0,0.7874,1,0.5988
Yet more evidence that the Clownservatives are in over their head. There is a rising tide of Canadians that are having their eyes open to the corrupt regime that is the PMO. Time to post a pic of you petting a cat Steve.,0,0.5875,0,0.7953,0,0.5938,0,0.7953,1,0.5983
Darn. I read that joke and actually prayed to see someone named 'Mat' responding to you,0,1.0,0,1.0,0,1.0,0,1.0,1,0.6101
"No kidding. A man doesn't feel affected personally, so who cares? LOL!",0,0.8199,0,0.7902,0,0.6101,0,0.8199,1,0.8011
"Cue Austin Powers. This is so ridiculous it must be comedy! Oh Baby, BeHAVE!! P.S. ever heard of DRONES??",0,0.5942,0,0.5942,0,0.5942,0,0.8018,1,0.6023
