comment,antagonize,antagonize:confidence,condescending,condescending:confidence,dismissive,dismissive:confidence,hostile,hostile:confidence,sarcastic,sarcastic:confidence
Bottom feeders ? It takes one to know one.,1,0.7591,1,1.0,1,0.7591,1,0.7591,1,0.7517
I hate the pope already,1,0.7906,0,1.0,0,0.6019,0,0.6019,0,1.0
"What's stupid is politicizing this, dumaz.",1,1.0,1,1.0,1,1.0,1,1.0,0,1.0
"Yeah, nothing like innocent until proven guilty - you are some piece of work, AB.",1,0.8023,1,0.604,1,0.604,1,0.604,1,0.8017
'...the gay community tries to hijack every opportunity to promote their deranged lifestyle.'-expatdudeYou'd prefer they promoted Ford's deranged lifestyle instead?,1,0.6186,0,0.8140000000000001,0,0.8140000000000001,0,0.7907,0,0.8140000000000001
"Hilliary's first act if she would ever be 'elected', would be an Executive Order to burn all ballots within an hour after her rigged results are announced, just previous Dems like Lyndon Johnson did.",1,0.6033,0,0.8147,0,0.8061,0,0.6078,0,0.8061
"The writer had a point, you do not. Your dragging out the old standby ""mysoginist"" sinks to a level of personal name calling.",1,0.6042,1,0.7837,0,0.6297,0,0.8092,0,0.8092
Little rich given that the Libs appointed Alfonso Gagliano as Ambassador to Denmark and uncle Jean gave the Washington job to his nephew.,1,0.6051,1,0.6051,1,0.6051,1,0.6051,1,0.6096
"PET adored the murdering gangster, Castro.",1,0.8037,0,0.6022,0,0.8073,0,0.6042,0,1.0
Literally the dumbest shit I've read in decades.,1,0.8492,1,0.6404,1,0.8843,1,0.8416,0,0.9624
"Long hair and jeans? What are you, a 1960s high school principal?",1,0.7968,0,0.8076,0,0.8076,0,1.0,1,0.8076
"Always the classless winner Rocky. Enjoy it while it lasts. Meantime, I will head back to my abode with the 2 state-paid maids to look after the rugrats. Liberal entitlements are BACK.",1,0.6051,0,0.6011,0,0.6089,0,0.8065,1,1.0
"The possibility is still very real, nosense.'NEVER underestimate the power of human stupidity.' -Robt. A. Heinlein",1,0.7993,1,0.7929999999999999,1,0.6075,0,1.0,0,0.8083
"""From what I read, the vast majority are left alone."" I.DON'T.THINK.SO, madame! Try reading something else besides Alex Jones",1,0.8073,1,0.7959999999999999,1,0.6165,1,0.8073,0,0.6132
"So the daughter should be judged by the sins of the father? Hmmm.How far do you want to carry that principle? England, in years gone by, plundered the world, therefore, any thought from an English brain has No credibility.",1,1.0,1,0.7962,0,0.607,0,0.792,0,0.8049
"The Daesh recuiter screw, 'She tells them that the hardest part is leaving home' No, the hardest part starts when you get to 'Caliphate'. Have fun tossing your life away idi0ts.....",1,0.8075,0,0.614,1,0.8001,1,0.6075,0,0.614
And your post is filled with the same old whining from the wannabes.,1,0.8022,1,0.6044,1,0.6044,0,0.7873,0,0.6093
or that other left-wing Canadian senator with the much younger bimbo wife who threatened to kill him during an alcohol-fuelled rage... not the type of mile-high action he was hoping for,1,0.6726,1,0.8388,1,0.6726,1,0.8388,1,0.8338
That was a stupid comment!!! Canada's middle class is better than the USA NOW!!! Unions and there pensions are driving provinces BROKE!!!!!,1,0.8240000000000001,1,0.6652,1,0.6571,1,0.8240000000000001,0,1.0
Good Article. Even though it has hit a nerve with some of the G&M crazies ............,1,0.6953,0,0.8639,0,0.7332,0,0.716,0,0.8639
Even small puddles are not as shallow as the Leahlime post !,1,0.7918,1,0.7918,1,0.7918,0,0.6166,1,0.797
"Sad, liberals pandering to a surname and a thick head of hair.",1,1.0,1,1.0,0,1.0,1,1.0,0,1.0
skyofblue Yawn. Get a life. All those narcotics can't be good for you.,1,1.0,1,0.8069,1,0.6086,1,0.8083,0,0.7817
See how valuable an education is? Now you're able to accurately describe the poverty you find yourself in.,1,0.6532,1,0.6532,1,0.6532,0,0.6766,1,0.6634
Or the incompetents that are running the liberal party now.,1,0.7654,0,1.0,0,1.0,1,0.7654,0,1.0
There should be a law for posting on the internet the same as driving a car. If I have to read another one of these uninformed posts from a naive 15 year old on their lunch break I'd go ask my neice. ,1,0.7624,1,0.9634,1,0.8046,0,0.7621,0,0.9603
"Listen up, Buster. Women's issues are everyone's issues. Quit playing the victimization card that you seem to despise so much.",1,0.8284,1,0.6602,1,0.6602,0,0.6804,0,0.6724
What drivel! What's the color of the sky in your world?,1,0.6029,1,0.6029,1,0.6029,0,0.6035,1,0.6029
you seem like a real likeable guy! No wonder your mum abandoned you at birth,1,0.8885,0,0.7211,0,0.8041,1,0.8866,1,0.92
Glossing over is one of Peggy's main things.,1,0.6001,0,0.6023,0,0.7945,0,0.7945,0,0.6167
Almost none of it is fact. It's just a laundry list of what the loony right would like to believe.,1,0.8306,0,0.8306,1,0.6708,0,0.6557,0,0.8306
"Come to Ontario - we had 10 years of McGuinty and the Libs and now we have Wynne - more lying, incompetence and waste. I will take Harper and the Conservatives anytime!",1,1.0,0,0.8043,0,0.8043,0,0.8085,0,1.0
"Seems to me that you could benefit from a remedial reading class if you think this article is about the editors. The description of the Conservatives is accurate, and the warnings realistic.",1,0.631,1,0.631,0,0.7923,0,0.8013,0,1.0
Another right wing nut job trying to make decisions on what I do with my body and how I manage my pain. I'm so glad you and your ilk are not in control anymore.,1,0.6002,0,0.7929,0,1.0,1,0.6002,0,0.8092
"lol ... to the sanctimonious, give them shelter in your house.",1,0.6029,1,0.6029,1,0.6029,0,0.6196,1,0.7959999999999999
"Trump, illiterate?? Can't beWarning - language is NSFWhttps://www.youtube.com/watch?v=7LFkN7QGp2c",1,0.6022,0,0.7924,0,0.7924,0,1.0,0,0.7924
"Lowest common denominator works for you Mr. Martin, up your game Sir.",1,0.8267,1,0.6679999999999999,1,0.6679999999999999,1,0.6679999999999999,1,0.6679999999999999
Don't remember you. Obviously no one cared what you said. ,1,0.713,1,0.8056,1,0.9639,1,0.63,0,0.7190000000000001
Your comment is nonsense!!!!Your only response is to change the subject?,1,0.6071,1,0.6152,1,0.8061,0,0.6152,0,1.0
"Oh dear Erika, ever on the alert to any perceived slight to the US and pretty much the only reason I have ever seen her post. Why bother reading a Canadian news site if you are so easily offended.",1,0.6019,0,0.7959,0,0.7959,0,0.8038,0,0.7984
I would absolutely run you over if I drove past you on my way to work,1,0.9556,0,0.8811,0,0.8401,1,1.0,0,0.9191
Troll and a boring Dolt to boot.,1,0.6027,0,0.6027,0,0.6027,0,0.7945,0,1.0
"Canada's damp, slightly dumb jewel. Like Lindsay Lohan in a car wash.",1,0.6115,0,0.7939,0,1.0,0,0.7939,0,1.0
No ... don't ... have more fries with that. Support Tim Horton's .... go for seconds and thirds .... then go lie down .... repeat all day every day until your heart stops. Thank you .. thank you very much.,1,0.6086,1,0.6134,0,0.7887,0,0.7887,1,0.8013
"And neither is living gay. If you're straight, could you live gay? No, it's not part of who you are. Why don't you try it? I always wonder if you deep, down homophobes are secretly wanting what you oppose so vehemently....",1,0.8055,0,0.6006,0,1.0,0,0.6006,0,0.7975
"You're puritanical as fuck, enjoy rotting in hell",1,1.0,1,0.6881,0,0.7824,1,1.0,1,0.6952
"With liberals like Hillary, who needs Republicans?",1,0.62,0,0.7977,0,0.7977,0,1.0,1,0.7846
Trillions? Get a grip! Even the most loony of the left wing moonbats doesn't claim those numbers.,1,1.0,0,0.7692,0,0.7692,1,1.0,0,1.0
Off the meds?,1,0.6052,1,1.0,1,0.6052,1,0.6052,1,0.7917
Another attempt by some moronic crusader to hijack this topic,1,1.0,1,1.0,1,0.7525,1,0.7525,0,1.0
"Instead of listening to sond bites given to you by the the lunatics in Harper's war room, listen to the entire conversations.",1,0.6029,1,0.6241,0,0.8016,0,0.8138,0,1.0
Anti-smite's are very active on the Left.,1,0.6089,0,0.8092,0,0.8092,0,0.8092,0,0.8092
Did you finish school? May had the 'wright' approach. Tell you what. In the future have your mommy check your work before you hit the post button. That way you do not make an idiot out of yourself.,1,0.9617,1,0.7188,1,0.7628,1,0.7244,0,0.7638
This is biggest pile of crap I've heard in a long time. I guess you justify anything in your own mind.,1,1.0,1,0.8373,1,1.0,1,1.0,0,0.6544
"dude, im a Conservative making an argument that the CPC will win the next two elections with majorities. Perhaps you comprehension of writing is an issue here. Reread the comment, and save yourself a little dignity.",1,0.8331,1,0.6652,1,0.8331,0,0.8439,0,0.6823
"Wow, those crazy dysfunctional Californians, eh? Why it's almost like they think they're in Ontario......",1,1.0,1,1.0,1,0.7924,1,0.8011,1,1.0
I think he looks like some kind of alien.,1,0.6101,0,1.0,0,1.0,0,0.7932,0,1.0
"nobody can speak on behalf of Canadians, so shut your trap.",1,0.8004,0,0.6124,1,0.6087,1,1.0,0,1.0
"stevie harper is a first con man and creep, second rate piano player and a third rate Prime Minister. I can even play piano and keyboards way better than steve. he stinks. Can he play Tony Bank's Cinema Show like a real keyboard player? I can!",1,0.6144,1,0.8101,1,0.8101,1,0.6144,0,0.6012
Maybe you shouldn't have dropped out of school in grade 8 then.,1,0.8344,1,0.8344,0,0.674,1,0.6595,0,0.674
"Once again little feller, the Iraqi, who requested air support, will supply the ground offensive. What is with you people? Are you selectively deaf or just intellectually challenged?",1,0.6052,1,0.6052,1,0.6052,0,0.8096,0,1.0
One of the longest produced newspapers in Canada should be sanctioned for allowing one article? You are being ridiculous. Its called freedom of the press.,1,0.6004,1,0.6004,1,0.8069,0,0.6063,0,0.7908
"Indeed, russia is a pretty pathetic case for a country. I've been there a number of times - miserable, unfriendly, uncouth people and third world living standards.",1,0.8445,0,0.7614,0,0.9227,1,0.7223,0,1.0
"It seems everyone who disagrees with a liberal is as you put it ' dregs, the finger pointers, the malcontent and above all the pitiful, malignant, murderous racists' You just described yourself. Very ironic.",1,1.0,1,0.8039,1,0.603,1,0.8083,0,1.0
A nice touch of irony from the poor beleaguered white guy victim.,1,1.0,1,1.0,1,0.78,1,0.8088,1,0.7973
The vocabulary fairy's two cents worth,1,0.6082,1,0.6082,0,0.6022,1,0.6082,1,0.8019
Because Oilbertan politicians like Ralph Clown and Fascist Steve are d*cks.,1,0.6146,0,0.7886,0,0.8017,1,1.0,0,0.8017
Don't gloat too much. He became the nominee because in their system they encourage non-party members to vote in the primaries as a means of recruiting members for the party - exactly the same idiotic system that our parties up here use.,1,1.0,0,1.0,0,1.0,1,1.0,0,1.0
"Infantile straw man argument, go back to playing with your big truck",1,0.9287,1,1.0,0,0.6976,0,0.7719,0,0.8905
"Ontario is and has always been the largest net contributor to Ottawa. You guys should check your facts. Link Byfield lied. This stuff my go down well down the Legion in Red Deer, but it's actually balderdash.",1,0.6147,1,0.8149,0,1.0,1,0.6147,0,0.8149
"What a remarkably crabby, small-minded little man you must be...",1,0.804,1,0.804,0,0.6095,1,0.804,0,0.8025
"Brilliant Freefroggy. Just brilliant. Don't address the issues, never mind the facts, just sneer at Liberals, as though you have a clue about anything. You obviously don't.",1,0.7946,1,1.0,1,0.6068,1,0.6068,1,0.7899
"http://everytown.org/mayors/ ..............mayors against gun violence. I don't understand why there is so much resistance in the States in keeping guns out of the hands of criminals, terrorist and the mentally ill.",1,0.6027,0,0.7997,0,1.0,0,0.6008,0,0.7997
Better fix your (tinfoil) hat,1,0.6098,1,0.6098,1,0.6098,0,0.7967,0,0.6032
Ahahaha! You are truly delusional.,1,0.812,1,0.6061,1,0.6061,1,0.8029999999999999,0,0.812
I didn't know journalism degrees come in crackerjack boxes. This girl no doubt got hired for her looks.,1,0.6689,1,0.8433,1,0.8433,1,0.6689,1,0.8433
Just being realistic. Arabs are not interested in peace with Jews. They are interestedin the eradication of Jews and the elimination of the Jewish state.,1,0.6006,0,0.8128,0,1.0,0,0.6087,0,1.0
As usual your silly partisanship clouds you from being able to see the larger picture.,1,1.0,0,1.0,0,1.0,0,0.6052,0,1.0
"Lot's of big dirty money on the Hillary Dem side, don't be so dim.",1,1.0,1,1.0,1,0.8388,1,0.6726,0,0.6529
The US is the seller you idiot.,1,1.0,1,0.7977,1,0.7977,1,1.0,0,1.0
"I know - that's what the 'deep' analysts would like us to believe. She is basically a con woman, who got into her role so deep and benefited so much that she started to believe her own lies.",1,0.7962,0,0.7859999999999999,0,0.8064,0,0.8031,0,1.0
The Holy Bible is wholly babble. It's a bookfull of lies and ancient superstitions. The good news is the trend is overwhelmingly against religion and towards commonsense and science.,1,0.6058,1,0.6058,1,0.6058,0,0.8078,0,0.6166
"While you are okay with a government that runs on lying, cheating fraud and perjury. Your Family Values must include lying, cheating. fraud and perjury.",1,0.6038,0,0.8011,0,0.8011,1,0.6038,0,1.0
"Peggy, Your puerile attack on Ms. Adams is quite petty. You demean her looks with your comments, yet on her worst day she probably looks better than you with your airbrushed photo!",1,0.8122,1,1.0,0,0.6103,1,0.8122,0,1.0
NETNUB - you mean PE Trudeau's tough on terrorist action? I think you Harperites secretly rub yourselves raw lusting after that moment when the Canadian state confronted the FLQ.,1,0.8032,1,0.8032,0,1.0,1,0.6029,1,0.7935
"Wow, I'm amazed that you can't understand the hypocrisy of your comment. As long as it serves your purpose, eh?",1,1.0,1,1.0,1,0.8038,0,0.6108,0,0.6108
Canada is not a discriminatory country like France or Belgium. People like you are a bigger threat to our security than a few thousand refugees who are far more likely to be grateful than vengeful.,1,0.6013,0,0.6078,0,0.8107,1,0.6013,0,1.0
"Our way of living? You mean YOUR way of living, of course. At least be honest about your narrow-mindedness.",1,0.8068,1,0.8068,1,0.6045,0,0.8032,0,1.0
you are a fool,1,1.0,1,0.8017,1,0.8017,1,1.0,0,0.8048
'Official' Documentary ?Whatta sucker .............,1,0.8302,1,0.6677,1,0.6712,0,0.841,0,0.8375
Because he's nasty to the bone.,1,0.6033,0,0.8069,0,0.6022,1,0.6076,0,0.8069
@progressive if you think Harper didn't have any scandles in office you're eaither A: Not paying attention. B: blinded by extreme partisanship. C: senile.,1,1.0,0,0.6018,1,1.0,0,0.6148,0,0.6062
"'Fresh air'? Like the air from a flatulent cow, you mean?",1,0.6087,0,0.6039,0,0.6039,0,0.7971,0,0.6039
The guy's a bad joke. Only silly Libby partisans are too blind not to notice.,1,1.0,1,0.6303,0,0.7859,1,0.7774,0,1.0
you dirty internationalist hyenas just dont understand,1,0.8547,0,0.7132,0,0.7132,1,0.9332,1,0.6465
It's amazing the types of babbling lunatics you can vote buy with a cheap grease burger. The elitist Fords must laugh themselves to sleep over these dupes.,1,0.8358,1,0.6648,0,0.6761,1,0.8358,0,0.8446
Oh pleeeeeese!'Progressive economics' is a union-financed flat earth society selling socialist snake oil to the blind and gullible. The policies they advocate would turn us into a basketcase like Venezuela.,1,0.6029,1,0.6029,1,0.6029,0,0.6196,1,0.6088
@Jan60 & @Quaxo The point sirs is not all food is equal. Not all food is health food Some is poison. When we exercise we burn calories - simple. When we eat we ingest calories - simple right? WRONG!!! You both missed the point.,1,0.6024,1,0.6109,0,0.8194,0,0.7915,0,1.0
Good god. What goes on in your head? Is everything a conspiracy?,1,0.7859,1,1.0,1,1.0,1,0.6053,0,0.792
"If there so forgiving why I have not heard the end of the ""admires China"" thing? I see it almost everyday. So enough with the ""buried"" BS. That is mentioned non-stop.",1,1.0,0,1.0,0,1.0,0,1.0,0,1.0
The woman is deluded.,1,0.6093,1,0.8083,1,0.6073,1,0.6093,0,1.0
"Yes, ""the west wants in"" was always a rubbish statement but it played well to the dumber members of Canadian society. Diefenbaker, Clark, Campbell, Turner ... etc.",1,0.6632,1,0.8259,1,0.6632,1,0.6632,0,0.6544
It makes me want to puke the true north strong and free hairball.,1,0.6044,0,0.7867,0,1.0,1,0.6044,0,0.7867
Ugh... If ignorance was gold you would be a very wealthy man sir... P.S. Reagan was a piece of garbage.,1,0.7841,1,1.0,1,0.7841,1,0.7841,1,0.7842
yawn,1,0.6157,0,0.7979,1,0.6157,0,0.7909999999999999,0,1.0
"It must be terrible for Aziz to live in a hellhole like England. Why doesn't she move to the paradise that is Pakistan ? Unfortunately, she couldn't write whining articles about Islamophobia for bien pensant editors at the G&M if she did.",1,0.8069,1,0.7959999999999999,0,0.6088,0,0.8128,1,0.8069
"So, everyone who disagrees with her - and YOU - are fascists? You're just another pouting SJW, angry that you didn't get a 'Participant' trophy...",1,1.0,1,0.7814,0,0.6186,1,0.6047,0,0.614
"You haven't really learned the key lesson; don't endorse anyone, and however you decide to vote, expect you candidate to lie to you.",1,0.6067,0,0.7929999999999999,0,0.8015,1,0.6067,0,1.0
"i thought you might have some brains until this comment, buddy, this presentation was simpler than half of the senior engineering projects at my state school last year.",1,0.9226,1,0.9213,0,0.6104,1,0.7698,1,0.6428
This was a sophomoric piece of tripe.,1,0.6089,1,0.6089,1,0.6089,1,0.6089,0,1.0
Solve the worlds problems. Send muslims and jews packing... if they can't accept and live like others in the West. We don't need this crap here,1,0.7813,0,0.6112,0,0.8024,1,1.0,0,1.0
Oh silly bylaw enforcement officer take my advice. Pull down your pants and slide on the ice.,1,1.0,0,0.7535,0,0.7535,1,0.7535,0,1.0
Oh he’s gonna be killed on live tv huh? Are you a child who actually believes this or you just some shitty person trolling?,1,0.9614,1,0.9586,1,0.7588,1,1.0,1,0.6373
"Another simpleton, I guess critical thinking isn't one of your strong points.",1,1.0,1,0.8133,1,0.8133,1,0.7917,0,0.8016
If you honestly see the deceitful Cons as the 'best option' available I feel sorry for you.,1,0.6571,1,1.0,1,0.6585,0,0.6729,0,0.841
Please do you use the death of a child for your ulterior motive. It is obvious that you do not care about Chinese or Canada.,1,0.8027,1,0.8027,0,0.6005,0,0.807,0,1.0
"Buddy, no one cares about your Cons anymore. They're done... yesterday's newspapers. Soon to be polling below 15% in terms of popularity",1,0.8022,1,0.6044,1,0.6033,0,0.7873,0,0.8022
"With that attitude, you must work on Obummer's White House, eh?",1,0.8396,1,0.8303,1,0.67,1,0.6729,1,0.8303
"Poor execution of what? 25,000 refugees by Jan 1? Seriously? What exactly is your complaint? That he didn't let in more or that he let in 10,000 too many? That's your segue to ranting about Ontario?",1,0.7943,1,0.7943,0,0.6049,0,1.0,0,1.0
"'David, you are missed.'Only by Birkenstock wearing, latte-sucking, leftie elitists from south of Bloor.....",1,0.6062,1,0.6273,0,0.7888,1,0.6062,1,0.8159
"because that's the global geo-strategy you are so misinformed about. I'm willing to bet that your first instinct after this is that I'm a Harper supporter, right? Get informed!",1,0.6057,1,1.0,1,0.8109999999999999,1,0.6057,0,0.8109999999999999
you're just a dupe trying to screw the rest of us,1,1.0,1,0.8447,1,0.682,1,0.8817,0,1.0
what environmentalists have made any such suggestion? And I don't mean lone nutbars on a website.,1,0.6063,0,0.8047,0,0.7921,0,0.8047,0,1.0
"Dartguard, you have a situation where 3.1 BILLION dollars has gone missing and you STILL believe they're telling you the truth? May God man! Wake! ... up!",1,0.6087,1,1.0,0,0.6039,0,1.0,0,0.7971
"So, Joe, were YOU at the trial? Do YOU have legal training?",1,0.6239,1,0.8082,0,0.8015,0,1.0,0,0.7826
You have absolutely no idea what you are talking about. I'm not sure if you're trying to be funny or you're just insane.,1,0.8029999999999999,1,0.606,1,0.606,1,0.606,0,0.8029999999999999
"Dress up an invasion any way you want, tovarich. Are you still upset about our winning Eurovision song?",1,0.7528,1,0.6232,0,0.6187,0,0.7512,0,0.6187
"Rod. Stop with the disingenuous, ""low information voter"". What you mean are stupid people.",1,0.607,1,0.7962,0,0.8176,1,0.607,0,1.0
your an idiot,1,1.0,1,0.7634,1,0.7148,1,0.9212,0,0.9565
That's what happens when the pretty boy doesn't have content: we find out.,1,0.8032,1,0.8032,1,0.6009,0,0.797,1,0.6009
"Christian, Jewish, islam are the death religions. You have to die to reach heaven.",1,0.8029999999999999,0,0.812,0,0.812,0,0.6043,0,0.812
A vacuous comment from a simple mind.,1,0.8874,1,0.8791,1,0.7652,1,0.6845,0,0.7702
Yummm... likely not Canadian bias... more like Russian-sponsored paid trolls... and likely drugged up as well....,1,0.7954,0,1.0,0,1.0,1,0.7929999999999999,0,0.7976
"Uhm Laureen put in a ten hour day yesterday, stop being a Union liar...",1,0.6034,0,0.8006,0,0.8006,1,0.6034,0,0.7984
"Yup, no spin whatsoever from the ""pro choice"" side: 8 months of ""choice"" isn't enough, that ""fetus"" halfway out the birth canal is still just a lump of cells, just part of the woman's body, right?",1,0.7985,0,0.6064,0,0.8029,0,0.8101,1,0.6086
Your stupidity rises so high I can't see it from down here. ,1,0.9592,1,0.8803,1,0.8367,1,0.92,0,0.6071
seems all you have to do is make a broad sweeping mindless criticism of Harper and you get 8 thumbs up from a small bunch of lemmings .....I think I'll give it a try ......Harper is the worst PM Canada has ever had !,1,1.0,1,1.0,1,0.6075,0,0.7994,1,1.0
"And yet this opinionated dunce of a columnist who has no experience in medical science or clinical research, yammers on about something he knows nothing about. So do many posters.",1,1.0,1,1.0,1,1.0,1,1.0,0,1.0
"You're not the only Canadian, but you may be the only idiot.",1,0.8140000000000001,1,0.6061,0,0.6082,1,0.7929999999999999,1,0.6061
"Dumbest statement ever! If I am doing nothing wrong, then why are you spying on me?",1,0.8082,1,0.8082,1,0.6163,1,1.0,0,0.8001
"Stephen, speaking of idiots that can't read - what part of ""you're endangering everone else's kids"" don't you understand?",1,1.0,1,0.6068,1,0.6022,1,0.8057,0,0.6013
thats slightly cracked you freak a holic,1,0.8126,1,0.7959999999999999,1,1.0,1,0.6086,0,0.8126
Google it you twerp.,1,0.9561,1,0.8314,1,0.7881,1,0.8752,0,0.9593
I am glad you didn't say soccer! Those goofshead butt other players in the face!!,1,0.6022,0,1.0,0,1.0,0,0.6042,0,1.0
"Earthquakes, you say? Oh, well. No dumber than the rest of your post.",1,1.0,1,0.7443,1,0.7443,1,1.0,0,0.75
"Maybe, the real lesson in all of this is when one listens to the likes of Repugnican denialist dinosaurs like J. Howard Pew and the Koch bros, they end up burnt in the end. AMEN",1,0.6042,1,0.6042,1,0.6042,0,0.6041,0,0.7918
Well then stay under your rock.,1,0.7566,1,0.7566,1,0.7566,0,0.7641,0,1.0
Gee but you had no issues when Chretien played the same game. The hypocrisy of the anti-Harper crowd is very amusing and quite ironic.,1,0.7998,1,0.7926,0,0.8023,0,0.6053,0,0.8023
That course is as usful as Womens Studies. If this is what is taught in university then no wonder the only job many university graduates can get is flipping burgers.,1,0.7777,1,0.7777,0,0.7991,0,0.6079,0,0.6048
"Idiot and moron, very intelligent response. And by the way, the largest producer of carbon emissions is China.",1,0.6191,0,0.7771,0,0.7771,1,0.6191,0,0.7771
Really?? And where did you get your common sense ??,1,0.6004,1,0.6004,0,0.7938,0,0.8066,1,0.6004
Such a silly comment. The Royal Family is a refreshing change from the elected politicians.,1,0.6072,1,0.6072,1,0.6072,0,0.8034,0,1.0
"What ARE they saying then? Enlighten us, Mr. Comprehension.",1,0.774,1,0.774,0,1.0,0,0.7459,1,1.0
That comment has been plastered on these forums often enough that only a stupid person would post it again.,1,1.0,1,0.8,0,0.6095,1,0.7952,0,1.0
"Onward Christian soldiers marching off to war... Anyone still wanna buy those F-35s,ah,ah,ahhhhh? This, is the price you pay... Highway of hero's??? More like highway of fools...",1,0.8396,1,0.8396,1,0.8332,1,0.6729,1,1.0
"Bad news dude, as an economist no one respects you.",1,0.8109,1,0.8109,1,0.6027,1,0.8109,0,0.8011
And you know this fact because? Maybe you just imagined it from a dream?,1,1.0,1,1.0,1,1.0,0,0.6273,0,0.8048
bobthebob... that's all you've got?????,1,1.0,1,1.0,1,0.6812,0,0.6356,0,1.0
"Shutting down and taxing the living crap out of Toronto, Montreal, and Vancouver making them live in caves would be most effective",1,1.0,0,1.0,0,1.0,1,1.0,0,1.0
HATE is not a strong enough word but I hate Stephen HarperHe is RUINING our country,1,0.611,0,0.8014,0,0.8014,1,0.611,0,1.0
"Amazing. Thank goodness the Clinton web of deceit hasn't yet taken over Apple autocorrect, Inspektor. Once that happens we know we are in deep deep doo-doo.",1,0.6041,0,0.6047,0,1.0,1,0.6041,1,0.6025
"Oh, and if you think talk of tax cuts isn't pandering to the Toronto Sun and to the Libertarians of Lanark, you haven't been watching.",1,0.612,1,0.612,0,0.8031,0,1.0,0,0.8058
Trump supporter's r dumber than rocks,1,0.962,1,0.8001,1,0.6725,1,0.7195,0,0.7607
"Joanne... since you are a believer, what on earth are you doing using a computer? Turn it off and save the planet!",1,0.6481,1,0.6734,1,0.6612,1,0.8179,1,1.0
"Yes, they certainly will increase our population quickly and easily. What do you know about population biology and ecology? Not much at all, obviously.",1,0.6042,1,0.6042,1,0.6042,1,0.6042,0,0.8012
I'll whisper it in your rear Corn. It is called satire.,1,0.6068,1,0.8078,0,0.8078,0,0.8078,0,0.7907
Much ado about a little 'chicanery'.,1,0.6174,1,0.6174,0,0.7887,0,0.7951,1,0.6174
Meaning the Bible thumpers won't be allowed to thump gay folks to death? The victory will be costly to whom?,1,0.6116,0,0.8015,0,0.804,1,0.6116,0,0.7979999999999999
"Dumb as a big bag of rocks, that's how stupid they are, gullible too.",1,0.6068,1,0.7956,0,0.8091,1,0.7995,0,0.7885
Just a few brain cells and qualification for the job would o.,1,0.7918,1,0.7918,0,0.8002,1,0.7918,1,0.8022
"All true, but the real 'why' is that the others were loyal Canadians, while Harper is a traitor engaged in treason.",1,0.7622,0,0.7426,0,0.7426,1,0.7622,0,1.0
"Not only is it a lost cause so long as islam is its answer regardless of the question or issue at hand, the so-called 'islamic world' should be blockaded, quarantined, and sealed off from the civilized world.",1,0.7963,1,0.6072,1,0.8109,1,0.7963,0,0.8109
"'I want a job but I don't want to have to actually go to my job'Whine whine whine whine whine whine whine. With such perverse senses of entitlement, how does these people ever get jobs in the first place?",1,0.602,1,0.7955,0,1.0,1,1.0,0,0.6048
Did your brain explode before you could finish your sentence? Lucky brain.,1,1.0,1,0.833,1,0.6638,1,0.833,1,0.6529
You don't understand international finance do you fatty.,1,0.9238,1,0.9235,1,0.6842,1,0.9238,0,0.8422
"Let me know how that works for you. Oh, and don't forget to add Cuba to the list, seeing as how little boy wonder things Fidel and the thousands of murders by Castro were such a good thing.",1,0.8438,1,0.8788,0,0.8855,1,0.8068,1,0.84
"Harper knows that most Conservatives are stupid people, so he plays them like a fiddle. That old fogey who called Lori Graham of CTV a 'piece of .....' is quite typical of the ignorant Conservative base.",1,0.8124,0,1.0,0,1.0,1,0.6103,0,0.7889
Sure Bud. Can you provide a single instance where voter fraud has in any way influenced a Canadian election? Just one example for the sake of us uninformed liberals?,1,0.607,1,0.8179,0,0.6065,0,0.7864,1,0.6272
"Trump couldn't govern effectively not because of rioting, it would be because he is not capable of it. He has proven that he is an idiot.",1,0.6034,0,1.0,0,1.0,1,0.6034,0,1.0
Just ignore the CON PROPAGANDISTS. The OP is a shrill pug. The cons want to destroy Canada but dumbing it down.,1,1.0,1,0.7883,1,1.0,0,0.6134,0,0.8028
"Iran is a cesspool, even the americans and canadians that went there came back as sadists. let it rot. let Isreal rot too. leave Canada out of that BS.",1,0.6019,0,0.7968,0,1.0,1,0.8,0,1.0
"Old curmugeon, it does appear that you are confused by the facts.",1,0.7986,1,0.8065,1,0.8065,1,0.6011,0,0.8051
"gasoline price fixing, no way. you must also believe in UFO s and sasquatch",1,0.6059,0,0.6089,0,0.6089,1,0.6059,1,0.6059
I think your tin-foil hat is screwed on too tight.,1,0.6593,1,0.8217,1,0.8283,0,0.6694,1,0.8379
Maybe fools like you shouldn't have supported Bush-Cheney's criminal War on Iraq.,1,1.0,1,1.0,1,1.0,1,1.0,0,1.0
and if he sent a battle group and a few squadrons you boners would all be screaming warmonger... bunch of phonies,1,0.9198,0,0.7192,0,0.8056,1,0.8161,0,0.9649
"The Hillary campaign is terrible at name calling.. All Trumps supporters are deplorable and irredeemable and Bernie's supporters are all basement dwellers.. She has names for everyone. I wonder what she calls her own supporters? Suckers, I guess.",1,0.6956,1,0.6956,0,0.7143,1,0.6956,0,1.0
"'Albertans are afraid of the rest of Canada...'Pardon?Having seen an influx of 1 million people from the 'rest of Canada' in just over 15 years, that statement reeks of anti-Alberta bigotry. And so do you.",1,0.6243,0,0.787,0,1.0,0,0.787,0,1.0
"Hawaiians hate whites, have you ever been to Hawaii the natives will literally shit in your face and spit in your food- nobody batts an eye. The open racism towards white people is on another level. Just don’t talk back to the natives and you’ll be fine; otherwise, you’ll leave the island with two black eyes and no one will care not even the cops.",1,0.7556,0,0.6065,0,0.6828,1,0.7228,0,0.8420000000000001
Harper. That's the idiot.,1,0.6029,1,0.6004,1,0.8069,1,0.6004,0,0.8069
Every society hates women. It's true. We're doomed. As a whole.,1,0.7982,0,1.0,0,0.7904,0,0.6026,0,1.0
"Yo're stoned, MR? No great surprise there, I suppose.",1,0.8078,1,0.8078,1,0.8078,1,0.6073,1,0.617
Very well said. Let's hope Justin's hair and the brain cell of his handlers never get into power.,1,0.807,0,0.6036,0,0.6036,1,0.807,1,0.7932
Harper is the cancer.,1,0.6057,0,1.0,0,0.7971,1,1.0,0,1.0
And they can start with not listening to your sour attitude in your post. You don't like what men are doing..? TOO BAD FOR YOU..!,1,0.6055,0,0.6072,0,0.6072,1,0.6055,0,0.6072
you are a closet idiot,1,0.9593,1,0.8404,1,0.7236,1,0.9202,0,0.8458
I guess the Liberal left did not like the Maude Barlow post... tough She is a fool with followers like many here today!,1,0.8088,1,0.6034,0,0.6024,0,0.6048,0,0.6166
"'Saturn, if you truly believe that, you don't understand the issues in the broader context.'Or the rest of the story, in that the university is the one that stirred it up with its incompetent response.",1,0.813,1,0.621,1,0.621,0,0.6093,0,1.0
"Maybe ""you"" do, but I don't and my friends and family don't. If you want to fry your brain, go for it, but don't take the whole country down with you.",1,1.0,1,0.8170000000000001,1,0.8170000000000001,0,0.6012,0,0.8055
"So, Zimmerman wasn't left unconscious in the rain and Martin is dead. What's your point? Did the kid die for the sake of a 'what if?'. Man, you sound really bitter.",1,0.6066,1,0.6083,1,0.6066,1,0.6066,0,1.0
Liberalism: the application of unworkable solutions to imaginary problems. Fits like a glove!,1,0.6001,0,0.6023,0,0.6023,0,1.0,1,0.6001
"Canada is a cesspool, used to be the nicest country on earth, now it is a cesspool of 3rd world immigrants and parasite politicians that have sold Canadians out to keep power. This place is SH.",1,0.61,0,1.0,0,1.0,0,0.7917,0,0.8087
Publishing garbage because it is free.,1,0.6001,0,0.6135,0,0.6181,0,0.62,0,0.8058
Now I understand why you support Trump so fervently. You are incapable of logical or rational thought.,1,0.7454,0,0.7513,0,0.7513,1,0.7454,0,1.0
Bury your head in the sand...,1,0.7982,1,1.0,1,1.0,1,1.0,0,0.6096
Obama is lazy,1,0.8051,1,0.8087,1,1.0,0,0.6003,0,0.8051
"@showmecanuck Note: A cancer patient gets a thumbs down hereabouts - without explanation. Or is that just another ""alarmist Chicken Little"" contribution in your childish parlance.",1,0.8003,1,0.6049,0,0.7969,1,0.8003,1,0.6033
Ron....you merntion brainwashing... the more you post the more it seems your brain is still drying on the clothes line,1,0.7886,1,1.0,0,0.605,0,0.605,0,0.6083
I recall Iggy's eloquent dialogue about how the Liberals are like Puffins who clean up after themselves by burying their skat. Harper's pooping puffin hate ad will go down in history along with the Liberals soldiers in the streets classic.,1,0.6162,0,0.6279,0,0.7553,0,0.6257,0,0.7553
Your writing style (as it is) leaves much to be desired.,1,0.8153,1,0.8153,0,0.7966,0,0.6027,0,1.0
You've correctly highlighted one of the most stupid comments in the article. Anything that is taught was research at some point in time.,1,1.0,1,1.0,1,1.0,1,1.0,0,1.0
"Dusty; C'mon, be honest, you could not do your taxes before, quit blaming the math programs. A not-too-bright comment, no doubt by a not-too-bright Canadian.",1,0.6688,1,0.8426,1,0.6688,0,0.6539,0,0.6512
"Yeah, well - this is the guy who thinks porn is victimless.",1,0.6079,1,0.603,1,0.8121,0,0.8055,0,0.6079
"Go fly a kite, Khan.",1,0.7872,0,0.6025,1,1.0,1,0.7872,0,0.8117
"Harper never behaved in this childish, physical manner.",1,0.6032,0,0.7916,0,0.6032,0,0.7936,0,1.0
That would be an insult to the dinosaurs. They are magnificent. Jim Prentice is not!,1,0.6041,0,0.8025,0,0.8022,1,0.6041,1,0.6041
"Say what, gun haters lying. Say it is not so!",1,0.6114,0,1.0,0,0.7918,0,0.7873,1,0.6265
"American pols use culture as wedge issues to divide, raise money, and stay in power. That's what culture wars means. The whole piece is a descriptor of how that is occurring (mostly among the Dems).Deal with it..",1,0.6005,0,0.8056,0,0.8056,0,0.8008,0,1.0
"Interesting reasoning. No doubt you feel we should apply it in cases of human suffering as well. When disasters strike, when famines hit, when wars are afoot... if there's too many victims to treat them all humanely, we should euthanize them. Right?",1,0.6057,1,1.0,1,0.7918,0,0.6025,1,0.8057
The layman would call Fords bullies and professional psychopaths (as sociopaths are smart). Never trust stupid aggressive man as they are dangerous beyond imagination.,1,1.0,0,0.8035,0,1.0,1,0.8029999999999999,0,1.0
you people seriously need help . You are all pathetic......,1,1.0,1,0.9194,1,0.8382,1,0.8433,0,0.8811
Silly stupidperson! I bite my thumb in your general direction. Your father was a meter maid and your mother a toilet brush.,1,0.8023,1,1.0,1,1.0,1,0.8023,0,1.0
Oh Mel! You're so entertaining. And these fools hang on to every word you say. Hilarious!,1,0.6001,1,0.6001,0,0.6024,0,0.6024,1,0.6094
"They're Con trolls, SR. Start distinguishing.",1,0.6156,0,0.7846,0,0.7846,0,1.0,0,1.0
Perhaps if you opened your eyes...,1,0.6116,1,0.8019,1,0.7909999999999999,0,0.7954,0,1.0
"Rob The Cons have a 5% advantage straight off because they their supporters get out and vote, unlike the Lefty supporters that sit at home and watch TV.",1,0.6081,0,1.0,0,0.8039,0,1.0,0,1.0
"Yeah I know, the government just rounded me up to my work camp today! they're making me give up all my belongings to a family of religious extremeist child rapests who immigrated from Mexistan... ohh wait nevermind, that didn't happen",1,0.6046,1,0.6046,0,0.7985,0,0.8007,1,0.8116
... or a corrupt establishment politicians feathering her nest... and a naive billionaire who thinks he can beat the system .... so pa thetic ...,1,0.7715,0,0.6079,0,1.0,0,0.6206,0,1.0
Germany elected a quantum physicist... and became the trash can of the world.,1,0.8016,0,0.7816,0,0.7927,1,0.8016,0,1.0
Hey kid (savetheplanet) time to grow up.,1,0.8122,1,1.0,1,0.8122,0,0.6129,0,1.0
traitor....now you have given the North Koreans the Platform edge... on the Conservatives... what's next ...Froggy....Ideologue for Cons..,1,0.8084,0,0.804,0,0.804,1,0.6007,0,0.6124
You are being really fucking nasty about this,1,0.7551,0,0.6802,0,0.6455,1,0.7174,0,0.9639
"you idiot, the ndp voted against, the libs for",1,0.8096,1,0.8096,1,0.6225,1,0.6225,0,1.0
"Shouldn't Traitor Trump be the most afraid, since he has openly invited an unfriendly foreign state to interfere in an American election?",1,0.8396,0,0.6711,0,0.8434,0,0.6691,0,0.6711
give it a rest people the story is toast find something better to talk about like the provincial liberals they should all be in jail,1,0.6019,0,1.0,0,0.7959,0,0.8038,0,1.0
"You can't spell, or write a sentence in English, but you can explain the intricacies of climate change. Sure, I take you seriously.",1,0.7923,1,1.0,1,1.0,1,0.614,1,0.8216
"Swing and a miss, Globe. There's nothing wrong with insisting on value for government spending, whether on small items or large. Or do the Globe's editorial writers think it's impossible to walk and chew gum at the same time?",1,0.6173,0,0.8029,0,1.0,1,0.6173,1,0.6173
"You are right. Everyone in Canada now speaks Mandarin, and we have a communist dictatorship. You should leave now! Trumpville is calling...",1,0.6013,1,0.6045,1,0.815,0,0.8038,1,0.815
"LMAO, you're using the wild west to educate yourself. You truly are naive.",1,0.8069,1,0.9629,1,0.7606,1,0.608,0,0.6883
Precisely. You make no sense.,1,0.8073,1,1.0,1,0.8063,1,0.6137,0,0.8026
Don't bother just tom. Mouth breather won't get it.,1,1.0,1,0.8069,1,0.6029,0,0.8128,0,1.0
"Your describe Hillary as obese, but Trump is likely about 75 lbs overweight. Have you ever seen pictures of how slim Trump was in his 20s and 30s.",1,0.6225,0,0.8185,0,0.8185,0,0.7925,0,1.0
It looks like Canadians are the ones 'fascinated' by this case. Your media can't stop covering it. And you ignoramuses can't stop commenting about it.Face it. You have a problem.,1,0.8005,1,0.7973,0,0.8086,1,0.8005,0,0.8086
wow you are a fool,1,0.9225,1,0.96,1,0.8437,1,0.8785,0,0.8072
The Globe has a great stable of professional liars. Kendzior is not so great.,1,0.8305,0,0.6686,0,1.0,1,0.6832,0,0.8276
his deep dive is his head up his anal cavity,1,0.7986,0,0.6069,1,0.6041,1,0.6041,0,1.0
"Those damn Liberals .CONS are responsible for absolutely nothing. Mr. Harper is SO HELPLESS during 8 years in power because of those D? LIEBERALS. As a now anti Con, I THANK YOU for RECOGNIZING HOW WEAK mr. harper/baird truly are",1,0.8075,1,0.8075,1,0.6119,1,1.0,0,1.0
Adolescent sloganeering is all the left is good for. Hit the streets with your pink Mohawks and let the adults handle the serious issues.,1,0.8061,1,0.8061,1,0.8061,1,0.6046,0,0.6109
oh please. Go back under your rock.,1,0.8069,0,0.6035,1,0.8069,1,0.6004,0,1.0
Terry Fox? You're an idiot.,1,1.0,1,0.6073,1,0.7988,1,1.0,0,1.0
"You got yourself all worked up over useless jocks? Get a life, pally!",1,1.0,1,1.0,1,0.6051,1,0.8027,0,0.8002
"Yeah... nothing like a smarmy, socialist, high school drop out who couldn't handle the intellectualism of grade 10 running the show...",1,0.8041,1,0.8041,1,0.8041,1,0.6091,1,0.8041
Distorting a message as you do shows your immaturity. See a shrink!,1,1.0,1,1.0,1,1.0,1,1.0,0,1.0
Everyone with a brain knows why. That obviously excludes Harper supporters.,1,0.6001,0,0.6023,0,0.6023,1,0.6001,0,0.8078
You do not rep Canada at all.But your delusion is no surprise. Go walk a dog or something,1,1.0,1,0.9487,1,0.9487,1,0.8497,1,0.7497
"How many times have you heard cons accuse someone of being a racist, homophobe, bigot, sexist, xenophobe, redneck? Leftists do it ALL the time.",1,1.0,0,0.613,0,0.613,1,0.6036,0,0.7986
But I see you drooling LPC sheep got here first.,1,0.8114,1,0.6006,0,0.8035,1,0.6054,0,0.615
Maybe you better keep a close eye on the nuclear subs sitting off the coast of Canada and the US. So who should take who out? Idiots who propose WW3 as you do should hopefully be the first in line to go. Maybe on the end of the A-8.,1,1.0,1,0.778,1,0.778,1,1.0,0,0.7981
The citizens that voted weren't the 'DUMB' ones it's the 'citizens' who didn't vote that are dumb as heck.,1,0.8096,0,0.6013,0,0.7959999999999999,0,0.6013,0,0.8053
"I guess Conservatives everywhere are the party of hatred, sexism, xenophobia and bigotry. I don't mean to say that all Conservatives are this way, but clearly many who do think this way find a comfortable home within a Conservative party.",1,0.7903,0,0.6014,0,0.8079999999999999,1,0.7903,0,0.8079999999999999
Nothing smacks of pretension like a left-wing wannabe writer. Do you wear round glasses and have elbow patches on your corduroy jacket?,1,0.8325,1,1.0,0,0.6751,1,1.0,1,0.8399
"FYI, it's Ms and too bad for you.",0,0.6048,1,0.7812,0,0.6028,0,0.8236,0,0.7812
Please don't be here all week.,0,0.6029,1,0.6101,0,0.8028,0,0.7996,0,0.8033
"Don't let the door hit you on the way out. Say, Boogey, you'd have a better chance of becoming 1st class if you had basic literacy skills. Why don't you start with Russian?",1,1.0,1,0.7977,1,0.7977,1,0.8068,1,0.8032
Complete hogwash and a real disappointment coming from a former Statistician.,1,0.8143,1,0.616,1,0.616,1,0.8143,0,0.8143
"Of course the CBC sensationalized this story. Otherwise, they would have had a promo that said 'Tonight, on the CBC, we have a non-story, about a non-issue, that frankly isn't worth your time watching. More at 10.'",0,0.7948,1,0.6052,0,0.7948,0,0.8041,1,0.6052
"So, in short, you got nothing. But you won't let that stop you from saying it.",0,0.6261,1,0.7926,0,0.8023,0,0.8239,0,1.0
"Surprising just how many people have not clued into the fact this is nothing more than a tax grab under the veil of climate change. Poor execution, as we would expect from Junior.",0,0.7996,1,0.6106,0,1.0,0,0.6024,0,0.7996
"That's all baloney nicky/truthhurts/retiree. You have no proof for any of that. You also need to watch your mouth with the insults. Oh, and try going back to public school to see if you can finish this time.",1,0.9635,1,1.0,1,0.8392,1,0.8839,0,0.8027
"and she is 'negotiating' with the Chinese? wow,such a deal...",0,1.0,1,0.6032,0,1.0,0,1.0,1,1.0
The NDPs election results were a flash in a pan. They are back to stupid policy and we are back to voting for someone else.,0,1.0,1,0.6099,0,0.8041,0,1.0,0,1.0
stay on topic voof,1,0.6176,1,0.8073,1,0.6176,1,0.6176,0,1.0
I think that most things are complex for him,0,0.8053,1,0.6029,0,0.7975,0,0.8053,0,1.0
Not paranoid. Just out of touch with political reality.,0,0.6011,1,0.6034,0,0.8001,0,0.8009999999999999,0,1.0
"Bloggins, who pays you to spew such rubbish. You come across as a fool.",1,0.9196,1,0.9246,1,0.8083,1,0.6033,0,0.8009
"So your logic for saying it ISN'T xenophobia is by saying that by LOOKING at PICTURES of the terrorists, we can immediately draw conclusions that all single straight middle-eastern men are terrorists? Good luck with that.",0,0.601,1,0.8059,0,0.6042,0,1.0,1,0.6042
"What are you on, Art? Canada did maintain relations and investing with Cuba even at the displeasure of the USA. You have to know that.",0,0.8057,1,0.6095,0,0.7991,0,0.8057,0,0.7858
"Sure. Legalize it and tax it... so uh, the kids can't get it. Like they can't get at alcohol or porn or sex...",0,0.7942,1,0.6225,0,0.7942,0,0.7942,1,1.0
Precocious doesn't mean what you think it does. Look it up.,0,0.8007,1,0.8828,0,0.8064,0,0.923,0,0.8834
"So, Wente comes from Michigan, so I guess that makes her an expert on Detroit, right? Puh-leeze. Stop trying to shoehorn your pathetic and superficial analysis of a complex, tragic story you know precious little about, okay, Wente?",0,0.6035,1,1.0,1,0.7874,0,0.6035,1,0.8081
You may want to re-read the article and comment on the topic.,0,0.82,1,1.0,0,1.0,0,0.82,0,0.7981
Yeah all cops strive for the day they can shoot and kill somebody! You really have no idea.....,0,0.8361,1,0.6825,0,0.6668,0,0.8506,1,1.0
Oh yes More Gun control is the answer right? I know we forgot that the Gun drove itself to the scene and met the shooter there.,0,0.6752,1,0.6508,0,0.6314,0,0.8778,1,1.0
Millions are starving even with fossil fuels... what's your point?,0,0.6025,1,0.6102,0,0.6025,0,0.6025,0,1.0
"You're kidding right? The coal industry has been laying off coal miners for years. When they switched to mountain top removal and open pits, they laid off the majority of the miners.",0,0.6172,1,0.6046,0,0.8073,0,1.0,0,1.0
"In an ideal world, that would be a lovely solution. But Syria is hell on earth now. Are you personally going to take on ISIS ?",0,0.6004,1,0.6037,0,0.7905,0,0.7905,1,0.7872
Spineless. Wimpy. Where's my thesaurus when I need it..........,0,0.6081,1,0.6033,0,0.6081,0,0.6081,1,0.8034
And we should care.....why?,0,0.7904,1,1.0,1,0.7997,0,1.0,1,0.6117
how is this relevant?,0,0.8052,1,0.8217,0,0.8052,0,1.0,0,0.8052
The man is petty when it comes to Ontario. He tried lecturing us. And how long did he purposefully avoid meeting our Premier?,0,1.0,1,0.6023,0,1.0,0,1.0,0,1.0
"You remark about Jeffrey not being a good Canadian, and then you proceed to not spell it 'licence'.",1,0.6112,1,0.6112,0,0.6076,0,0.7978,0,1.0
Please don't tell me you think any Quebec government has ever 'taken on the unions' . That statement is laughably incorrect.,0,0.6127,1,1.0,0,0.6127,0,0.8056,0,0.6173
"You don't understand how national economies work. That is a huge problem in Canada; the ignorance of so many voters. Could you please all read a couple of books, and stop getting your information from rightwing blogs?",0,0.7925,1,1.0,0,0.7925,0,0.7925,0,0.6053
It is the first time I have ever read 'overly medicated' or 'lobotomized' to be 'statesmanlike'.,0,1.0,1,0.6083,0,1.0,0,1.0,0,0.6113
"You are part of the problem, not part of the solution.",0,1.0,1,0.6162,1,0.6162,0,0.8132,0,1.0
Because the rate of inflation is slowing down wouldn't mean that inflation has stopped. Learn logic.,0,1.0,1,0.8108,0,1.0,0,1.0,0,0.8113
Another person who does not believe in earning your place in life. How sadly pathetic.,1,1.0,1,0.614,1,0.8005,0,0.8115,0,1.0
I have Ericka on ignore. She is a total waste of electrons.,1,0.8013,1,0.6027,1,0.8013,0,0.7917,0,0.8087
You must be pretty young to think that those that lost the last federal election did not believe in stimuli. It just shows your level of knowledge on the subject.,1,0.7883,1,1.0,1,0.6275,0,0.6004,0,0.7944
a lot of big words there professor. stick with your textbooks and living off the public dole.,0,0.6624,1,0.9264,0,0.6634,0,0.7368,0,0.7377
Pathetic political press.,0,0.6085,1,0.7891,1,0.6008,1,0.7891,0,0.7924
oh really? try learning what a cult is before making a sweeping statement like that.,0,0.6048,1,1.0,1,0.616,0,0.6048,0,0.7812
"I guess you're a city person. I've always had a pocket knife on me since I started school [to sharpen my quill pen]. It's just a tool, & so are you.",0,0.6068,1,0.6052,0,0.6068,0,0.8081,0,0.6208
"'With bigger majorities than any of his predecessors have seen.' Uh, that should read 'successors'. Darned Alberta education.",0,0.6155,1,0.799,0,0.6155,0,0.8143,1,0.8012
Patrick D'Aloisio aww! Are they making fun of your Imaginary Friend?,0,0.6442,1,1.0,0,0.8237,0,0.8168,0,0.7047
It's a shame that neither the dear professor or the globe editor took the time to learn what Dutch disease was before writing an article on it. Good alma mater you got there Steve.,0,1.0,1,0.6064,0,0.8048,0,1.0,0,0.6064
"You think your ""expertise"" is worth something? You uneducated rube! In the real world, what YOU think is exactly meaningless.",1,0.8741,1,0.8798,1,0.8382,1,0.9577,0,0.7243
Think again loid...,0,0.6007,1,0.8096,1,0.8096,0,0.6007,0,0.8096
"Do yourself a favor, turn off the computer and go for a walk.",1,0.8073,1,0.8073,1,0.7999,1,0.6087,0,0.7879999999999999
give it a rest. It is well documented and studied as to who and how these woman are meeting their demise. ramp up the insanity.,0,0.6128,1,0.6128,0,0.8105,0,1.0,0,0.6128
?Should the Canadian government screen potential immigrants for anti-Canadian values as part of its normal screening for refugees and landed immigrants??Duh ..... yeah.,0,0.7948,1,0.6016,0,0.7948,0,1.0,1,1.0
"Maybe you should inform yourself as to who did the hostage taking. Start by considering who locked out the teachers and refused to bargain, later doing so in bad faith.",0,1.0,1,0.6043,0,0.792,0,1.0,0,1.0
This should be pretty simple for you to understand...,0,0.6442,1,0.9496,0,0.8,0,0.8031,0,0.9038
Stupid and immature comment.,1,0.7942,1,0.7942,1,0.7942,1,0.7942,0,1.0
"The Southern strategy is accurately described in this article. You need to read up on your US political history, and stop posting nonsense.",0,0.6034,1,0.7931,1,1.0,0,0.8029,0,1.0
Get a better job if you want a liveable wage. Read an economics textbook idiot.,1,1.0,1,0.9346,0,0.7928,1,1.0,1,0.7928
I don't think you actually read the article.,0,0.6122,1,0.8088,0,1.0,0,0.815,0,1.0
"Yes, you do continue to live in a potted plant world where the sun don't shine.",1,0.7802,1,0.7802,1,0.7802,0,0.6318,1,1.0
"It's cheaper still to go the LIBRARY. Can you not read or are you being deliberately obtuse? Besides, you have posted elsewhere that people read on the internet now. Do you have a local used eBook store?",0,0.6031,1,1.0,0,0.6031,0,0.6031,1,0.7917
So let me get this straight ... AP is lying because the WaPo says so?Pot meet kettle.,0,1.0,1,0.6132,0,1.0,0,0.7886,1,1.0
"Citing things from 70 years ago, that were matters of national security and comparing them to political slush funds of today, does nothing to bolster your argument. I could eat a bowl of Alphabets cereal, and crap a better argument.",1,0.7883,1,0.8215,1,1.0,0,0.6004,1,0.6098
try following the news yourself and actually following what he says and does.,0,0.8031,1,0.8109999999999999,0,0.8031,0,1.0,0,0.7802
"Obviously you aren't ready either Kevka. If you were, you might have said something relevant to this thread instead of a simple, meaningless and sloganeering hashtag.#KevkaJustNotReady",0,0.6021,1,1.0,0,0.6021,0,0.7942,0,0.6006
"on the other hand right wing pundits as a general rule cannot be taken seriouslyThere, fixed that for you.",1,0.6001,1,0.6067,0,0.7799,0,0.8077,0,0.8058
"During the election, the CPC aired advertisements with the caption 'Just not ready'.I put that off to hyperbole ... but wow ... they were spot on.I have never seen a group of such inept amateurs more interested in the 'self' governing this country.",0,0.8064,1,0.6148,0,0.8064,0,1.0,0,0.6006
What's the difference between your comments about Muslim refugees and Charlotte Whitton's views of Jewish refugees in 1939? Well done for exposing your true nature and lack of any Canadian values or characteristics.,0,0.6076,1,0.6111,0,0.6076,0,1.0,1,0.6111
"Chee, everyone else gets it",0,0.7554,1,0.7523,0,0.7554,0,0.7554,0,1.0
"Keith D LaRiviere are you referring to the trillion dollar give away, please sit down and read",0,0.7178,1,0.7766,0,0.6709999999999999,0,0.8617,0,0.9043
Beans cause gastric gas... so does your post!,0,0.6079,1,1.0,0,0.6079,0,0.8073,1,1.0
Your premise starts to fall apart when you consider that the Queen is also the 'Supreme Governor of the Church of England'.,0,0.787,1,0.6062,0,0.6013,0,0.787,0,1.0
What a scurrilous attack. You should be ashamed of yourself.,0,0.6093,1,0.6062,1,0.6062,0,0.6093,0,1.0
You don't understand ad hominem plainly or you wouldn't admit it.,0,0.8082,1,0.8058,1,0.7876,0,1.0,0,1.0
Reading the whole article would have helped.,0,1.0,1,0.6096,0,0.6023,0,1.0,0,0.7879999999999999
Apparantly you geniouses missed my first sentence. The officer was clearly in the wrong here. I said that already. That doesn't make right what sammy was doing that got everyone into this mess.,0,0.7928,1,1.0,0,0.6038,0,1.0,1,1.0
'Pig in the poke' Obama is wallowing in his sty.,1,1.0,1,0.6038,1,0.6038,1,0.8051,1,0.6011
you are a literal retard,1,1.0,1,0.9599,1,0.7968,1,0.885,0,0.8383
"The Health Minister? That means jack squat. Trudeau also said FATCA was an assault on our sovereignty (it is), and now he loves it. Same for Brison and Goodale. Maybe they've lied so much they can't remember.",0,0.6114,1,0.6233,0,0.7997,1,0.8034,1,1.0
Harper will be played by some dolt.,1,0.7942,1,0.7942,1,0.6086,1,0.7942,0,0.8144
"Get right on that case, Inspector Clouseau.",0,0.8313,1,0.6839,0,0.6534,0,1.0,1,0.8459
Speaking of morons you fit the bill.,1,0.9201,1,0.8071,1,0.8489,1,0.9227,0,0.8451
GOOD TO SEE GARY MASON OFF THE BC POLITICS FILE and back talking about a sports related topic that he can handle...,0,1.0,1,0.6039,0,1.0,0,1.0,0,1.0
"You should put Trudeau's speech on your youtube, so you know what he actually said.",0,0.8066,1,0.6136,0,0.8066,0,0.8066,0,0.8075
"Looks like you're a self-hating old stock Canadian. Your family is old stock, it's nothing to be ashamed of, and it's no more divisive than 'newcomer' which is word we use all the time.",0,0.6219,1,0.6187,0,0.8016,0,0.6219,0,1.0
'me and my husband'? i recommend that she and her husband pick up a copy of Fowler's Modern English Usage before she applies for a position as a judge.,0,0.8121,1,0.8044,0,1.0,0,0.8121,1,0.6006
"What a ridiculous 'endorsement', if you can call it that. Weasel words. You should be embarrassed.",0,0.6032,1,0.6083,0,0.8033,0,0.6032,0,1.0
Lining up for your Guaranteed Annual Income any time soon?,0,0.7905,1,0.6037,0,1.0,0,0.7905,1,0.6037
Before posting try to keep up with the debate. We are talking about face coverings!,0,0.6047,1,0.7958,0,0.7975,0,0.6047,0,1.0
Talk about completely missing the point.,0,1.0,1,0.7982,0,0.6117,0,1.0,0,0.8029
"You're in denial, keller.",0,0.6021,1,0.6197,1,0.6197,0,1.0,0,1.0
It's so cute the way climate change deniers are desperately trying to re-frame themselves as defenders of the global poor. But it's not workin' for ya.,1,0.6199,1,0.6199,1,0.6199,0,0.8016,1,0.6199
Donald Trump twitter followers - 17.4 millionElizabeth Renzatti twitter followers -8000 (most / all of them in the GTA)Elizabeth - you're an irrelevant GTA Liberal whiner.,1,0.7906,1,0.7906,1,0.7906,0,0.6019,0,1.0
Politics is a full contact sport. Attacks have nothing to do with sex. Get used to it.,0,0.607,1,0.8061,1,0.6004,0,0.607,0,0.607
You should try to understand the history of your adopted country. This is far from a watershed moment.,0,0.6004,1,0.6162,0,0.6004,0,0.8127,0,0.8127
Perhaps you should actually read some information on the weather and you will find extreme weather recently is below average within historical norms... But why let facts get in the way?,0,1.0,1,0.8103,0,0.8082,0,1.0,0,0.6007
"roach Try to stay on the topic. If it's good enough for the pot, you can't leave the kettle out of the discussion or you end up looking like a fool.",0,0.616,1,0.616,0,1.0,0,0.8142,0,0.8142
He actually compared canada's record with china'sOne would think the press would challenge him on that point... He has lost all credibility at that moment. He really has no clue,0,1.0,1,0.8067,0,0.7947,0,1.0,0,1.0
"Every single sentence a blatant lie. Good work, Peter1410.",1,0.6726,1,1.0,1,1.0,1,0.6726,1,0.8226
"Ravensbud. YOU DON""T HAVE TO GO TO THE CEREMONY. The oath is taken when you fill out the paperwork. Seeing somebody's lips moving is absolutely ridiculous.",0,1.0,1,0.6007,0,0.7936,0,1.0,0,0.8035
Someone needs to let him know.... it's the 21st century.,0,0.8044,1,0.6164,0,1.0,0,1.0,1,0.6083
"The sad part is that the ads are aimed at the stupidest Canadians, those too dumb to think for themselves, so they need Harper to tell them how to think. Fortunately over seventy percent of Canadians are smart enough not to fall for it.",1,0.8468,1,0.8723,0,0.8695,1,0.7163,0,0.8723
Even more skill throwing money at advertising non-existent projects like the Conservatives ?,1,0.614,1,0.8114,0,0.7973,0,1.0,0,0.6113
"Art: Your argument is specious. US private health care is the most costly in the OECD. What we have is not perfect; and can be improved, but to suggest a 'free market' is lame.",0,0.8140000000000001,1,0.6211,0,0.7866,0,0.8140000000000001,0,1.0
Funny how Liberals think that the 39.5% of he electorate that voted for Junior is a Landslide....,0,0.6063,1,0.8069,0,0.6063,0,0.8128,1,0.6029
And you think Verizon will make this better? Hahahahahahahaha!Good luck with that!,0,0.7964,1,1.0,1,0.8028,0,0.7964,0,1.0
I assume it would have taken them too much time to figure out Justice Nadon worked in the Federal Court of Appeal for Quebec which is the crux of the issue here. Nice try at deflection though.,0,0.7928,1,0.8148,0,0.7928,0,1.0,0,0.6029
Deficit spending is NOT the cure for low productivity. The Liberal government is peddling a fiction.,0,1.0,1,0.616,0,0.7985,0,1.0,0,1.0
The number of fatal injuries has been going up which the author states and your graphic shows. Might help to read what you use as evidence before you post.,0,0.7835,1,0.6166,0,0.7835,0,1.0,0,0.8048
Huh? Thomas are you truly that naive?,0,0.6104,1,0.7914,0,0.6083,0,0.8164,0,1.0
"It doesn't help me either, but it's not all about me. Do you understand how a society should work, matt calgary?",0,0.8109,1,1.0,0,1.0,0,1.0,0,0.7926
"Thumbs down because I cannot take Miley Rae Cyrus seriously after all this, and I'm not even willing to try. She's tacky and not worth the effort. I'm sure she'll do just fine without my support.",0,1.0,1,0.6166,0,0.8035,0,1.0,0,1.0
"I'm sorry, but have you actually spoken to any real, live women on the subject?",1,0.6075,1,0.6058,1,0.6075,0,1.0,1,0.8064
It appears we didn't read the same article. You need to get a grip.,0,0.8066,1,0.8075,1,0.8075,0,0.8066,0,0.7939
So your logic is 'we have trading relationships with a human rights abusers so we should continue to sell them what they want.' Wow.,0,0.7947,1,0.6065,0,0.7978,0,0.8009999999999999,1,1.0
Go straight to your room!,0,1.0,1,0.602,1,0.6008,0,1.0,0,1.0
"I'm chuckling already, just thinking about the upcoming winters - when I'll be warm as toast with my wood stove while all the GTA Liberals will be freezing or going broke because of the green energy they voted for. :)))",1,0.6223,1,0.6223,0,0.7829,0,0.8104,0,1.0
"Oh, do please tell us (with proof) that she has done anything which would land her in the big house?",0,1.0,1,0.7581,0,0.7593,0,1.0,0,0.7593
WHAAAAAAAAAAAAAAAAAAAAAAAAAAAAA!!!!!!!!!'Stephen Harper doesn't like us after we lie about him every day!'Time for an All You Can Eat Hunger Strike!,0,0.6582,1,0.8231,0,0.6716,0,1.0,1,0.8365
"Yup all those Wall Street tycoons, dyed in the wool leftists. Some times I wonder how certain people figure out at how to use a keyboard.",1,0.6803,1,0.8306,1,0.6585,1,0.6803,1,0.6598
"""Government makes an absolute fortunate on taxes from the oil industry."" ------- How naive! Alberta gives away its oil. Your royalty regime is a gift to Big Oil. Suckers.",0,0.8056,1,0.804,0,0.6029,0,0.8056,0,1.0
And yet the people who disagree with you have more detailed responses than you.,0,0.6096,1,0.7878,1,0.6027,0,0.804,0,0.8086
"I'm guessing a lot of Liberals are having buyers remorse these days. Could have had an actual rocket scientist as leader, but instead they chose the substitute teacher. It says more about the party than I ever could.",0,0.7991,1,0.6091,0,0.7991,0,0.7991,0,0.7991
Blah!. Get real.,0,0.8065,1,0.6016,1,0.8031,0,1.0,1,0.605
western propaganda is not a real argument. back to school for you.,0,0.6154,1,1.0,1,0.7926,0,0.8209,0,1.0
"What's new here, dear? Liberals will do anything and say anything to get in power and stay in power. I invite you to Google the following because it shows the real nature of the Liberal Party of Canada: 'GST + Nunziata' . Have a nice day.",0,0.7948,1,0.6052,0,0.7959999999999999,0,1.0,0,0.7948
"And we think we have 'arrived' when we get the mortgaged three bedroom house in the burbs with the required SUV, 2 children and of course the dog!!!",0,1.0,1,0.6018,0,1.0,0,1.0,1,0.7917
"Toast province, is the word your looking for. Not provence.------------------and no one noticed thisprovince, is the word YOU'RE looking for. Not provence. YOU'RE = you are (looking for)YOUR is a possessive pronounas in YOUR dog",0,0.8076,1,1.0,0,0.8076,0,0.8076,0,0.8076
Are you dim or what? The gridlock in Washington has everything to do with the GOP losing 2 consecutive elections and not being happy with a black president. You are a very uniformed person.,1,0.8149,1,1.0,1,0.6048,1,0.8149,0,1.0
"R, 7 words: The Constitution is extremely difficult to amend. Try to remember that.",0,0.7977,1,0.6109,0,0.7977,0,1.0,0,1.0
'dismiss half your government'?do you have a hot clue what you are talking about? please explain.,0,0.8088,1,1.0,0,0.6097,0,0.8088,0,0.8118
"Les - How many seats did con leader Kim Campbell win in the 1993 Federal election? In case you are too young to remember, the answer is - Two.",0,0.7953,1,0.6285,0,0.6015,0,1.0,0,1.0
It is one thing to insult. It is an entirely different matter to speak the truth. Are you not able to distinguish one from the other?,0,1.0,1,0.7971,0,1.0,0,1.0,0,0.8091
Why is it that we need to acknowledge stupid people who say or do stupid things? By doing so we only give them the relevance they seek - which they do not deserve. Just ignore these people (this includes rob ford),0,0.8163,1,1.0,0,0.8068,0,0.6231,0,0.7957
"Congratulations Rmiller101, your dream of Stein winning is even more delusional than the Trumpster Divers. That was a tough hurdle to clear but you jumped right over the bar.",0,0.6056,1,0.7827,0,0.6056,0,0.7827,1,0.6056
"""everybody"".....?? so he was speaking in an empty room? if so - how do you know? you were obviously not there",0,0.6004,1,0.6037,0,0.6069,0,0.7905,0,0.6059
Why is it you lefty loons are always railing against population growth until it suits your twisted agenda>,1,1.0,1,1.0,1,0.7932,1,1.0,0,0.6011
Hardly. Gibson is a life long Liberal with a capital 'L'.You certainly do not know Mr. Gibson.,0,0.6597,1,0.6659,1,0.8264,0,0.6597,0,1.0
Do all Ford voters find it hard to spell a simple three-letter word like 'off'? And do we want people like that to decide who runs things?,0,0.7957,1,0.6128,0,0.7957,0,1.0,0,1.0
Keep on believing in the myth. But it won't take your suffering away.,0,0.7645,1,0.6282,0,0.6277,0,0.8859999999999999,0,0.7645
"the word is 'waste' not 'waist', that's the part around your middle where your belt goes.",0,0.6154,1,0.8145,0,0.6154,0,0.818,0,0.7974
"Obama's foreign policy was just about as weak is it could get, I cant imagine Trump can actually be any weaker.",0,1.0,1,0.6178,0,1.0,0,1.0,0,1.0
"So, they're 'selling like hot cakes'?How many have actually been sold so far?",0,0.7947,1,0.6081,0,0.7947,0,1.0,1,0.8011
I've never seen such a bunch of psuedo scientific mumbo jumbo in one paragraph in my life....Sounds like you read way too much 'Popular Science'.,1,0.7986,1,0.7986,0,0.6112,1,0.7986,0,0.7986
"Mel, that's it!! The only logical explanation of the last few years, the grand strategy of enlightened sovereignty.",0,0.6071,1,0.6104,1,0.6104,0,0.6071,1,0.7878
Ha! Have you actually read the Torah and are you aware of the rules Orthodox Jews want everyone to live under?,0,0.6143,1,0.6141,0,0.7918,0,0.6143,0,0.6157
"These are assertions, not arguments. Show your work.",0,0.812,1,0.6143,1,0.812,0,0.812,0,1.0
"You have the right to say it, however you know NOT of what you speak.",0,0.6018,1,1.0,1,0.6052,0,0.7917,0,0.8101
Are you stuck in the 1950s?,0,0.6754,1,0.8581,0,0.6742,0,0.9086,1,0.7663
"All CONs are either on the take or interested in promoting their fetid views (moronic fundamentalist, bigoted/racist, anti working people and rural welfare).",1,1.0,1,0.6034,0,0.6023,1,0.7982,0,0.8041
"yes, lol, the morAns control everything.",0,0.8091,1,0.7863,0,0.7896,0,0.7896,0,0.8157
That's funny eh? Two times. Not knowing how to spell a simple word like subtle then not knowing what the heck those red squiggly marks are.,0,0.6164,1,0.7799,0,0.8044,0,1.0,1,0.6083
"Typical right winger....they don't want government to intrude in their lives, except when it is an issue that they feel strongly about, then they are all for government restrictions and intrusion.",1,0.7704,1,0.8079,1,0.8085,1,0.6096,1,0.6567
"1) Obama won't be running next election. 2) The US economy is booming, employment surging, the stock market at record heights. 3) You have no clue.",0,0.7894,1,0.601,0,0.607,0,0.7894,0,0.7962
The problem is voters were to stupid to realize that 3 is impossible if you live up to 1 and 2. So its an accepted premise that she will break her promises. And the jokes on the dumb electorate.,1,0.6086,1,0.6086,0,0.7914,1,0.6086,0,1.0
"I don't believe Harper ever manhandled anyone in the House, so your comment is irrelevant.",0,0.6152,1,0.7864,1,1.0,0,0.8179,0,1.0
"And what is Hudak planning on doing about it? Hmm? Answer: Not one thing. All Tim wants is you to work for less. Period. Now, if you are okay with that, by all means vote for Hudak. The rest of us don't.",0,1.0,1,0.8062,0,1.0,0,1.0,0,0.8062
Religion - A con job of massive proportions.,1,1.0,1,0.6375,1,0.664,0,0.6846,0,1.0
You are a fool. Your examples are ridiculous and not realistic. Try reality sometime... you'll like it.,1,0.961,1,0.8366,1,0.6757,1,0.8767,0,0.7109
"@tempsperdue If I were you, I'd put down the thesaurus and pick up a dictionary. It would make understanding language so much easier.",0,0.6027,1,1.0,0,0.7947,0,0.7947,0,0.8079999999999999
Stephen Harper is a bully. plain and simple. When will Canadians that support his party wake up and realize this?,0,0.7922,1,0.6023,0,1.0,0,0.7922,0,1.0
'tea Party'--a scattered group of American patriots who believe in fair taxation and smaller Gov't.--what is it you people don't get.,0,0.6787,1,0.6689,0,1.0,0,0.83,0,0.6914
An actually insightful article on the Globe and Mail. What will they think of next?,0,1.0,1,0.6145,0,1.0,0,1.0,1,0.8137
"quiet honey, the men are talking",0,0.6592,1,1.0,0,0.6592,0,0.8601,0,0.8095
Money doesn't buy back ecosystems destroyed by oil spills. Do your homework. Over 80 spills have been recorded in association with Trans-Canada. Pipelines leak oil. $1 per barrel won't change that.,0,0.8706,1,0.8626,0,0.7251,0,0.8706,0,0.8706
I'm sure if water levels rise 2mm per year there'll be guys like Mark who will find a way not being able to adapt and will drown.,0,0.8003,1,0.6231,0,1.0,0,0.8003,1,0.6136
"Your calculations are suspect, less talking, more sweeping!",0,0.6064,1,1.0,0,0.6008,0,0.8123,0,0.8123
"You should try using punctuation. It makes you appear a bit smarter, even when you make a claim that no one can substantiate.",0,0.6959,1,0.7552,0,0.6927,0,0.7738,0,0.9213
And you call the Wynne regime good government. Give your head a real good shake.!,0,0.8185,1,0.7749,0,0.635,0,0.8185,1,0.6028
Stay on topic and 86 the loser 'tar sands' rhetoric. The developemnt of the 'oil' sands is economically better for ALL Canadians.,0,0.606,1,0.6004,1,0.6004,0,0.606,0,0.606
"Work Farce, you've spent far too much time in the Republican echo chamber. Come out into the daylight and breathe the fresh air out here.",0,0.6064,1,0.6078,0,0.8007,1,0.6078,0,0.8007
So long as they take care to acknowledge the connections and pre-commitments of all their other commentators... or do you only want labels on the people you disagree with?,1,0.6135,1,0.6135,0,0.8068,0,1.0,0,1.0
"Gretz, please stick to running a failing hockey team.",0,0.6035,1,0.7921,1,0.6044,0,0.8076,0,0.6152
Try making paragraphs. It is very difficult to read without.,0,0.8128,1,0.6004,0,0.6088,0,0.8128,0,0.8128
'criminal'?Someone needs a dictionary.,0,0.8175,1,0.8167,0,0.6185,0,0.6342,1,0.7816
"A 30 billion dollar deficit will take several decades to pay off. And this is just his first year in power. You are either sarcastic, or profoundly uninformed.",0,0.6067,1,0.61,0,0.6067,0,0.7984,0,0.8065
"Robert, those were the only 'facts' in your whole post.",0,1.0,1,0.6114,0,0.7992,0,0.7876,0,0.6114
CC Are you losing it? This article is written by two men. Notley (I assume Rachel) isn't even mentioned in this article.,1,0.7566,1,0.7566,1,0.7566,0,0.7641,0,0.7566
"Go back and read the third paragraph, assuming you read the entire opinion in the first place,",0,0.7411,1,0.7781,0,0.7411,0,1.0,0,0.7781
"The media is about infotainment not reality and facts. All media is owned by six companies with their own agendas of propaganda. If you want facts, look elsewhere.",0,1.0,1,0.7987,0,0.6052,0,1.0,0,0.8056
"I must practice some restraint and not read the comments. I only come away feeling frustrated and dismayed. For such a small population, we have such a lot of ignorance.",0,0.6059,1,0.6103,0,0.6106,0,1.0,0,0.8021
"So you're talking about Greenland and Antarctica, as well as ""the study area"". What about the rest of the world? Or doesn't it fit your hypothesis?",0,0.6768,1,0.6729,0,0.8478,0,0.6768,0,0.6895
Did you get the knives arranged to your satisfaction son?,1,0.6085,1,1.0,0,0.6018,0,0.6018,1,1.0
yeah yeah yeah....boring.,0,0.7911,1,0.6089,1,0.6089,0,1.0,0,0.7911
You can guarantee that intellectuals always get it wrong.,0,0.6138,1,0.8052,0,0.7922,0,0.8217,0,0.7875
Pure drivel. But keep believing yourself!,1,0.7585,1,1.0,1,0.7585,1,0.7585,1,0.7585
If you knew the area you may well have second thoughts.,0,1.0,1,0.6308,0,0.6104,0,1.0,0,1.0
thelorax - your link doesn't make sense. It's about domestic violence - totally different topic.,0,0.8117,1,0.6083,0,0.6033,0,0.8117,0,1.0
"... because we have a cowardly Prime Minister, plain and simple !!!",0,1.0,1,0.8074,0,0.6086,0,0.7889,0,1.0
You cant make big screen tvs from birch bark,0,1.0,1,0.6007,0,1.0,0,1.0,0,0.6131
Nice fantasy will you be self publishing it on Kindle?,0,0.8033,1,0.7903,0,0.8033,0,0.8033,1,1.0
Skyofblue....do some reading.,0,0.6114,1,1.0,1,0.7941,0,0.8069,0,0.8051
So you're with the child pornographers?,1,0.8073,1,1.0,1,0.6089,1,0.8073,0,0.6002
Liberal parasite.,1,0.8069,0,0.6035,1,0.7959999999999999,1,0.8069,0,1.0
' Equity ' ?Merely the equality industry at work. Next ...,0,1.0,0,0.7974,1,0.6141,0,1.0,0,1.0
You got that backwards.,0,0.794,1,0.613,1,0.8146,0,1.0,0,0.794
Do you want the OILSANDS shut down??? typical left wing stupid comments!!!,1,1.0,1,0.9219,1,0.9592,1,0.8787,0,1.0
Two equally offensive posts.,0,0.8153,0,0.7965,1,0.6106,0,1.0,0,0.7997
"It was a very good article until the last sentence, which I thought stupid.",1,0.6225,1,0.619,1,0.619,1,0.6225,0,0.8061
Me thinks you are joking and just wanting responses,0,0.6097,1,0.6065,1,0.6065,0,0.6097,0,0.7839
Please tell us that you don't teach our children!,1,0.7963,1,1.0,1,0.6031,0,0.8024,0,1.0
What makes you an expert on using natural gas fired turbines for electrical generation? Have you ever designed or built one? Or are you just being your typical blowhard?,1,0.8073,1,0.8073,1,0.8073,1,0.6137,0,0.8026
"Women are just as idiotic, particularly when young. They're just idiotic over different things. God knows they're idiotic enough about men.",1,1.0,1,0.7947,1,0.7947,1,0.7947,0,0.8061
"Rather a silly remark there, watchlist.",1,0.7986,1,0.8065,1,0.8065,0,0.8065,0,0.6051
You haven't been around long enough to know who I am.I've been posting here for years. try reading about something other than Trump. .,1,0.6095,0,0.6074,1,0.6095,0,0.6074,1,0.6095
Nonsense. All public money was private money coming from people with various moral beliefs. When it comes to killing people I support the right of opting out.,0,1.0,0,0.8249,1,0.6922,0,1.0,0,0.8249
Mr. Walllace please check your false assumptions.,0,0.8906,1,0.8524,1,0.8129,0,0.9278,0,0.962
"As if you would know, Cabo.",0,0.6245,1,1.0,1,0.6007,0,0.8132,0,0.8113
"No, just Diversity. It's all he thinks about: Diversity, Diversity, Diversity, the answer to everything.",0,0.8001,0,0.6083,1,0.6066,0,1.0,0,0.6083
uninformed post..,0,0.7896,1,0.7893,1,0.6161,0,0.7896,0,1.0
Off topic.,0,1.0,0,1.0,1,0.7931,0,1.0,0,1.0
You watch too much Cee Bee Cee.,0,0.8038,0,0.6112,1,0.7984,0,0.8038,0,0.8074
Ken Maynard you've got some issues with reality,0,0.6645,0,0.6645,1,0.6755,0,0.8306,0,0.9182
I just read the above. I am a scientist and this post is just total rubbish from an uneducated neocon moron.,1,0.6052,1,0.6052,1,0.6052,1,0.6052,0,0.7948
Who let you in? Do you know .Because you were not even born at that time .,0,0.6141,1,1.0,1,1.0,0,0.8066,1,0.6005
A simplistic hardened and vile response -,0,0.7902,0,0.7902,1,0.6251,0,1.0,0,1.0
It was often like a pre-written play with the Conservatives reading from their prepared scripts. Complete contempt of the parliamentary process. Shameful!,1,0.6066,1,0.6066,1,0.6066,0,0.8004,0,0.8004
"Moronic comment, Jimmie.",0,0.6125,1,0.8172,1,0.8172,1,0.6053,0,0.7966
">> pursuing an international criminalSo you fell for that one, as well.",1,0.6241,1,0.6241,1,0.6241,0,1.0,0,0.8016
"Oh Lyle, that comment must be snark.",0,0.7997,0,0.6001,1,0.611,0,1.0,0,0.7953
"Just leave and go on with your life dude, wtf",0,0.7085,0,0.6514,1,0.8555,0,0.9025,0,1.0
on the same grounds that you imagine they are not - i would study and research a little bit more if i were you,0,0.7981,1,0.608,1,0.608,0,0.7981,0,0.6086
Wow the stupid meter registered that one as a 10! You win a free trip to a rubber room.,1,1.0,1,0.7833,1,0.7833,1,0.888,1,0.7743
"@NEA2 - no one wants to hear from someone whose idea of a political discussion is to say ""he's dumb"".",0,0.8104,1,1.0,1,0.812,0,0.8104,0,1.0
Are you comparing Aboriginal children to those children with mental and physical challenges. I don't think so,1,0.6012,0,0.7938,1,0.6012,0,0.7938,0,1.0
"Your view is distorted by your politics, and by trying to get a job at McDonalds....",0,0.6102,1,0.7984,1,0.6015,0,0.6102,1,0.6084
RobL44- Please try again. this comment is gibberish.,0,0.7991,1,1.0,1,1.0,0,1.0,0,1.0
"My expectations of you were very low, Skyline, and you met them.",1,1.0,1,1.0,1,0.7505,1,0.7525,1,0.7505
"Nonsense, and that is all that needs be said about that.",0,1.0,0,0.7995,1,0.7877,0,0.8146,0,0.7995
What an ignorant comment.,1,1.0,1,0.7552,1,1.0,1,1.0,0,1.0
Really? Importing an American shop worn narrative into Canada to explain how this person 'forgot' where she was born? Really? Grow a few gray cells for heaven's sake.,1,0.7566,1,0.7566,1,0.7566,0,0.7641,0,1.0
You missed the point of that statement entirely.,0,0.8033,0,0.6001,1,0.7854,0,0.8033,0,1.0
"Right, just watch him destroy our country, sunny ways.........",0,1.0,0,1.0,1,0.8037,0,0.7916,0,1.0
"Believe what you want, but you would be wrong.",0,0.6014,1,0.8026,1,0.8026,0,0.7945,0,1.0
What an incredibly weak response. You have proven Bruce's point. Thanks for posting.,0,0.7922,1,0.8117,1,0.792,0,0.7922,1,0.616
says who ?,0,0.7928,0,0.7928,1,0.6125,0,0.7928,0,1.0
You've accused a seasoned newspaper of ineptitude without offering any arguments. Seems like the only ineptitude here stems from your reasoning.,1,0.8468,1,0.8407,1,1.0,0,0.6579999999999999,0,0.8468
you reveal a great deal about yourself with that statement Boogey. You into the murder of journalists and arrest of the opposition? I already know the answer.,1,0.6058,0,0.6024,1,0.6058,0,0.8078,0,0.6166
Stop living in the '40s Matt. The rest of us have moved on from this a long time ago...,0,0.6561,0,0.6587,1,0.9628,0,0.8136,0,0.8503
What does it 'suck?',0,1.0,0,1.0,1,0.6026,0,1.0,0,0.7943
"you spoiled students have no idea what it's like to pay taxes, go back to your classrooms so you dont stay this stupid for life",1,0.8018,1,0.8435,1,0.6837,1,0.8877,0,1.0
The electorate are electing the party you dimwit,1,0.8031,1,0.8031,1,0.8098,1,0.8031,0,0.8031
Or if you read the truth (Party of One; Kill the Messengers) you may be able to pull your own head out of your echo-chamber-nether-end.,1,0.794,1,1.0,1,0.6055,1,0.794,0,0.6118
"there is no case for more funds for BOMB, case closed",0,1.0,0,0.6109,1,0.8078,0,1.0,0,1.0
"Just for asking ""canfan"" for a valid reference to the work s/he is citing, I get two thumbs down votes. Apparently some here think of themselves as mushroom farmers LOL...",1,0.8027,1,0.6097,1,0.6054,0,1.0,0,0.6048
Only to those lacking the intelligence to understand the technology.,0,0.7928,0,0.7928,1,0.6107,0,1.0,0,0.7928
You are a nutbar aren't you?,1,0.9292,0,0.8508,1,0.8861,0,0.8509,1,0.7369
"Yup everybody should be paid minimum wage including you, and be required to work 50 hours a week. When you get a little older and can't keep up, we'll replace you with a Temporary Foreign worker. More productive - lets do it.",0,0.6077,0,0.6077,1,0.7897,0,0.8101,1,1.0
Justin Trudeau entitled? Think again.,0,0.6172,0,0.6014,1,0.7893,0,0.7991,0,0.8181
Tom Bernis - didn’t take you long to become incomprehensible. Quit while you’re behind.,1,0.9213,1,0.9611,1,0.9645,0,0.7692,0,0.8465
"Jack, stop making a fool out of yourself. You only embarrass those who know you!",1,1.0,1,0.6032,1,0.6032,1,0.6131,0,0.8066
Almost not worth the time rebutting these people. It's a Fact-free zone that these conspiracy nuts live in.,1,0.8049,1,0.6195,1,0.6195,0,0.7951,0,1.0
"So many words, yet nothing of consequence said. Give it a rest. The editorial concerns the last PM.",0,0.6063,1,0.8069,1,1.0,0,0.8128,0,0.8069
"Don't you believe the entire Globe and Mail is a propaganda sheet, Gibson?",1,1.0,1,0.6046,1,0.6046,0,1.0,0,0.6024
"Whatever the reasons, they are still dumb. Don't want to show your face?don't become a citizen.",1,0.6545,1,0.8453,1,0.8453,1,0.6545,0,1.0
"Ron, stop clowning around. I get it, I would once look for any reason to pounce on Harper, but you doing this is really sad.",1,0.6225,1,0.6225,1,0.6225,1,0.8118,0,1.0
"Michele, You are not logical. Perhaps you need to consider what double-dipping means. Hire teachers based on best qualifications and not where their pension comes from. Your posts just make zero sense.",0,0.8069,1,0.6096,1,1.0,0,0.8069,0,1.0
Ah Lars. I've missed your rants and pipeline support. Visit a reserve and walk in those moccasins before you speak.,1,0.7883,1,0.8215,1,0.8059999999999999,0,0.7944,1,1.0
The CBC shows are fantastic-you are obviously not a listener.,0,0.7602,0,0.7602,1,0.75,0,1.0,0,0.7556
The argument ad hominem is a classic error. You have just committed it.,0,0.7853,0,0.6087,1,0.6059,0,1.0,0,1.0
How in the heck would anyone know at this time?? Lies,0,0.8007,0,0.8007,1,0.6047,0,0.6096,0,1.0
Hasn't proved squat.,0,0.7992,1,0.6035,1,0.6035,0,0.7992,0,1.0
Who cares.,0,1.0,0,0.7984,1,0.6154,0,1.0,0,1.0
"Happy with life, I understand you're a hypocrite, who alternates between posing as neutral, open and unbiased . . . and posting brainless insults at ""leftists"" and ""socialists."" I don't need 'a further schooling' on that, thanks.",1,1.0,1,0.8143,1,0.8143,1,0.8143,0,0.664
To busy working on his tan.,0,0.6009,0,0.6042,1,0.6089,0,0.8092,0,0.6009
You sound like an idiot,1,0.9629,1,0.7675,1,0.7279,1,1.0,0,1.0
'graciousness of Kadhr.'Had to suppress an automatic gag reflex similar to the one gets upon smelling rotting garbage. In this case it was written....,1,0.8065,1,0.6066,1,0.6021,0,0.8075,0,0.8075
"That is textbook Grade 10 Marxism, and silly.",0,0.6627,1,0.6829999999999999,1,0.6829999999999999,0,0.8291,0,0.8285
"Webbie, you are the problem now go away",0,0.6809999999999999,0,0.6395,1,0.8829,0,0.7633,0,1.0
"Worst PM ever, worst government ever. Zero respect. A nation embarrassed. Pathetic.",0,0.6016,0,0.6016,1,0.6049,0,0.6016,0,0.8096
I'd suspect you wouldn't know where in India a posting would be an agreeable one.,0,1.0,1,0.8117,1,0.6037,0,0.7922,0,1.0
"Saunders didn't say Mair was representative, either, Layla. He said he was one of the more zealous followers of the Brexit movement. Are you so hard up for outrage that you have to make up stuff?",1,0.6262,1,0.6065,1,0.6262,0,0.7929,0,0.7929
Old fart commie-pinkos.,1,1.0,1,1.0,1,0.7469,1,1.0,0,1.0
Knew it had to be them Jews! No way the religion of Peace could be responsible! Damned tricky Jews... convincing poor Muslims to blow themselves up...,1,0.9198,1,0.8774,1,0.8028,1,0.8848,1,0.9217
"Dickie, Dickie, Dickie. Get your little brain looked at.",0,0.8097,0,0.6103,1,0.6012,0,1.0,1,0.6012
or a seriously deluded person.,1,0.8533,1,0.7162,1,0.7125,1,0.7055,0,0.7232
Wrong again Go!,0,0.7839,0,0.7839,1,0.6138,0,1.0,0,1.0
Your nauseating overstatement confirms your moronic zealotry.,1,0.8220000000000001,1,0.6165,1,0.7945,1,1.0,0,1.0
Who cares?,0,0.96,0,0.9258,1,0.9624,0,0.96,0,1.0
Iran has not vowed to nuke Israel. You're full of brown and smelly.,1,0.8065,1,0.8001,1,0.6066,0,0.6075,0,1.0
"If there were incontrovertible evidence, we would not have this discussion. Period.",0,1.0,0,0.6155,1,0.7985,0,0.8109999999999999,0,1.0
You are wildly off-base. The author has far more insight and intellect to contribute than you can even grasp. Don't revel in your ignorance.,1,0.6061,1,0.7854,1,0.7854,0,0.6027,0,0.78
An opinion columnist without their own opinion - how ironic.,0,1.0,0,0.6716,1,0.6743,0,0.6689,0,0.6716
"It looks like the K brand poverty pimps just write other columns occasionally here at the Globe ... giving us a 'balanced' perspective. Wonder if they are paid for their columns, and where that money goes?",1,0.7986,1,0.7986,1,0.6051,1,0.6011,1,0.7986
"Perhaps she gets away with it because her view is correct? In m opinion it is, so chew on that for a while. And while you are at it stop inflicting your own 'twisted and warped opinion of morality' on us.",0,0.6084,1,0.606,1,0.606,0,0.8029999999999999,0,1.0
Blasphemy!,0,0.7964,0,1.0,1,0.8025,0,1.0,0,1.0
"You have no evidence that he is a ""brilliant businessman"", other than his own statements. You don't know how much he makes or what he owns. In other words, you have bought his flummery lock, stock, and barrel. That pretty much makes YOU a dupe.",1,1.0,1,1.0,1,0.6091,1,0.8037,0,1.0
"No, you should never try to figure it out, it requires grade 10 reading comprehension and basic understanding of history and civics. Not possible for you, especially to do while playing video games and chatting on Facebag.",1,1.0,1,1.0,1,1.0,0,0.6143,1,0.6095
Anyone who begins with 'elitists in the media' doesn't deserve the time of day. Throwing mud is all you know.,1,0.6143,1,0.7952,1,0.7952,0,0.7952,0,1.0
Hahahaha! Funny post. I hate funny posts. Well-deserving of -20 votes. Posters here hate posters being funny.,0,1.0,0,0.8167,1,0.7922,0,1.0,1,0.6088
Y'all be stoopid as fuck. ,1,0.9599,1,0.8,1,0.8372,1,1.0,0,0.9615
djw: How can you even pretend that? The warming has slowed since 2001 but the warming continues. It continues in the lower limits of the 'expected range'.Perhaps you should enlighten us all with your place of information because it is wrong.,0,0.6146,1,0.7827,1,0.6027,0,0.8089,0,0.7957
Thousands upon thousands of men and women out of work and she wants those unemployed to vote for her ????? What kind of job does she have for them???,0,0.9458,0,0.9458,1,0.6591,0,0.9458,0,0.9458
No one shes a jew they get first class treatment even when they suck,1,0.9591,1,0.922,1,0.8878,1,0.9183,1,0.7022
This is just inflammatory nonsense,1,0.8031,0,0.6042,1,0.7941,0,1.0,0,1.0
Stay angry twerp...........it makes you not reproduce.,1,0.9613,0,0.7678,0,0.7244,1,0.8829,0,0.6377
Yech!!!!!!!If there was a better daily paper I would buy it.You are yellow bellied!,1,1.0,0,0.8023,0,0.8023,1,0.8106,0,1.0
"Silver, the stupid people are the ones who fell for Harper's propaganda. Obviously Trudeau is not stupid. But you, and the other truly stupid people will believe whatever Steve tells you to believe.",1,0.6005,0,0.7934,0,1.0,1,0.6005,0,0.81
I don't care if he is successful or not in rehab. I just want him gone. I am long past feeling compassion for that waste of skin.,0,0.7492,0,0.7492,0,1.0,1,0.7625,0,1.0
"Prycho-artists are suffering from Hyper Greed Syndrome. They should be subjected to Greed management therapy, which includes generous use of sticks.",0,0.6172,0,0.7912,0,0.8023,1,0.7893,0,0.7893
"No the Middle East is worst. US allies put gays to death, Russia has a law against literature.",0,0.7917,0,1.0,0,1.0,1,0.6063,0,1.0
Working for you probably blows anyways.,1,0.6128,0,0.7899,0,0.7919,1,0.6128,0,1.0
"No, you obstructionist jerks, we do not have to decide that.",1,0.8121,0,0.7942,0,0.7974,1,0.6171,0,1.0
if you can get around my dog.....I'll just shoot you,1,0.6001,0,0.7945,0,0.7945,1,0.6001,0,1.0
And that fcker McGuinty committed us to 80 cent per kilowatt hour solar!!! What an absolute POS.,1,0.7123,0,0.9199,0,1.0,1,0.8785,0,1.0
"And Kathleen Wynne kicks the Ontario taxpayer in the teeth day after day with her wasted BILLIONS. Sorry, I forgot, wasted billions is okay with the sheeple crowd. Afterall, what possible good causes could use that money? Hypocrites!!!",1,0.606,0,1.0,0,1.0,1,0.606,0,1.0
There's a slew of Americans trolling the English-speaking Internet to see where they can get in a few shots against planned parenthood. I believe you are one of them.,1,0.6159,0,0.6112,0,0.7939,1,0.6159,0,1.0
"Harper is the Chinese , French and US oil B%^&*",0,0.7897,0,0.7897,0,0.7929,1,0.6072,0,1.0
not going to read the hate spiel from this lunatic but I bet there is some stuff about sexism as well... oh and the racism thing as well.,1,0.7975,0,0.7949,0,0.7949,1,0.6044,0,1.0
Trump is an idiot.,0,0.61,0,0.8044,0,0.8044,1,0.7999,0,0.8044
All cats are stupid and mean,0,0.7554,0,0.9618,0,0.836,1,0.6791,0,0.9592
You have put your hand on it Puddy we are dealing with a bunch of spoiled brats who are experts at draggins on agovernment tit,0,0.7931,0,1.0,0,0.8056,1,0.6049,0,0.8056
More like an empty Congress full of cowardly obstructionist tea party losers.,1,0.6003,0,0.6054,0,0.7943,1,1.0,0,1.0
yeah those darn christians.,1,1.0,0,0.7598,0,1.0,1,1.0,0,1.0
"'How a preening, bellicose racist was allowed to trump American values'Shouldn't this read...'How a preening, bellicose racist has continued to reflect the values or lack thereof, of many Americans?'",1,0.8032,1,1.0,0,1.0,1,0.8032,1,0.6038
"Brexit was won by the people who were told so often by Britain's elite educators, politicians and media. to shut the f() k up and to keep their stupid opinions to themselves because they are just a bunch of GD racists and idiots.",1,0.6026,0,0.6095,0,1.0,1,0.8119,0,1.0
Disgusting hypocritical filth.,1,1.0,0,0.6592,0,0.6592,1,1.0,0,1.0
Political Scientist1 3 hours agoThe paid hasbara trolls and the sycophant G&M Censors on this thread have been really busy overnight!! ______i see more paid naive leftists in the west trollsG and M censors are moderators,1,0.7965,0,0.7997,0,0.7997,1,0.6073,0,1.0
"Three of the men were Chinese Americans? What might that mean to the ""Author"" of this garbage?",0,0.6234,1,0.8225,0,1.0,1,0.7932,0,1.0
The Poles ............. and Dutch still remember the last idiot who talked like Trump.,1,1.0,0,0.8008,0,1.0,1,1.0,0,0.7962
thats it. I'm done reading this stupid rag. Signing off FOREVERBYE,1,0.6555,0,1.0,1,0.6627,1,0.6673,0,1.0
Trudeau got in an unblocked jab to fatty.,0,0.8142,0,1.0,0,1.0,1,0.6168,0,0.7985
Did you bother to even sober up before typing this johnny - I expect you are one of those drunk in your apartment lying in your own vomit (ok I added that but likely true).,1,0.8104,1,0.606,0,0.6089,1,1.0,0,0.7851
"You have to admit, waiting to see just what kind of idiotic crap the duh-niers come up with is pretty entertaining.",1,0.6008,0,0.601,0,0.601,1,0.6008,0,0.8123
"hey KAM , the article is a propaganda piece shilling for hillary,, if you cant see it, your ignorant of reality,,",1,0.7965,1,0.7784,0,0.6178,1,0.7992,0,1.0
"You'd have to read Tom Berger's other works for an answer to your strangely insensitive question, Motihari. You apparently have no understanding of what happens at the confluence of ethnic division and history. BB is obviously no further ahead.",1,0.7989,1,0.7989,1,0.7989,1,0.7989,0,0.6131
"Dual citizen ship is a No No. One can not serve two masters. When one bows to master one its but is facing master two and vice versa. You come to Canada embrace it. If one is sceptical, Just do not apply for citizen ship fair enough.",0,0.9629,0,0.9629,0,1.0,1,0.6143,0,1.0
Oh and he fixed EI. I know it pains you lefties that you will now have to work an entire year but the people paying the bills in this country are rather pleased.,1,0.8025,1,1.0,0,0.6019,1,0.6096,1,0.8025
It's a disgusting racket producing sludge by unsustainable means.,0,0.6048,0,0.6048,0,0.7991,1,0.6175,0,1.0
"Hadfield is an environmentalist as well as a scientist, you boobs. Is this party of hillbilly science deniers going to suddenly sing Hallelujah for a scientist and an environmentalist? Does the stupidity burn your mouth as you speak.",0,0.7749,0,0.7749,0,0.8088,1,0.9181,1,0.8436
I believe they are so stupid re power generation they actually think the likes of wind turbines could actually replace nuclear power.,1,0.6006,1,0.8148,0,0.6152,1,0.6006,0,0.6152
'my Canada'?Maybe that's the problem. Canada owns you more than you own Canada.,0,0.6099,0,0.6099,0,0.6099,1,0.6053,0,0.8066
Lmao you pathetic racists never fail to make me laugh,1,1.0,0,0.6711,0,0.7656,1,0.9008,0,0.8632
Congradulations Redrider you have the bottom 4 comments on this board. Never seen a 4 time looser before.,1,1.0,1,0.8038,1,0.8038,1,0.7782,1,0.8038
"I truly hope Brown wins tonight. Time somebody was in Wynne-bags face, hope he throws her under the bus. I will work and donate for and to the Conservatives in the next election we need to be rid of this woman and her cabal",0,0.6039,0,1.0,0,1.0,1,0.7922,0,1.0
PET tried to destroy Canada and may he burn in hell.,0,0.7939,0,1.0,0,0.7939,1,0.6012,0,0.7939
"I think you are talking about the second amendment, but in any case just a stupid comment.",1,0.843,1,0.843,1,0.6752,1,0.6644,0,1.0
lets go............ the sooner we get rid of this piece of filth the betterTime to take back Canada and her democracy,1,0.7589,0,0.768,0,0.8863,1,0.7234,0,0.9221
"Every time Harper speaks, we are reminded that he is yesterday's man.",0,0.62,0,0.6135,0,0.8058,1,0.6001,0,0.8058
"Coverage that reports what someone said is different from insults. Leitch's problem is the same as Trump's....she says such dumb things that simply reporting what she says looks like an attack piece, when it nothing more than news.",1,1.0,0,1.0,0,1.0,1,1.0,0,1.0
"He was mentally ill, nothing to do with leave or stay, political opportunism at its 'worst.",1,0.6164,0,0.7961,0,1.0,1,0.6164,0,1.0
"Roses are red, Violets are blue, Justin is stupid, And his voters are too.",1,0.8804,0,0.7276,0,0.8071,1,0.7225,0,0.9242
"Ms. Byrne, you are ignorant, uneducated and coarse. Go away. And Globe and Mail? Shame on you for giving her a forum. She adds NOTHING.",1,0.6046,0,0.6169,0,0.6026,1,0.6046,0,1.0
"NO. its what progs do. They are ridiculously divisive, accuse Conservatives of being divisive, and unfortunately people like you seem to love their lying hypocrisy.",1,0.7895,1,0.8129,0,0.7957,1,0.7895,0,0.6086
It's probably under 'L' for 'Leftist Scum'. or maybe under 'W' for 'willfully ignores my wisdom'.,1,1.0,1,1.0,0,0.6025,1,0.7872,0,0.6102
"'Complain all you want. The ontario liberals are bad, the Fed conservatives are bad.'Ok.Let's settle for 'politicians' are bad.",1,0.8021,0,0.7967,0,1.0,1,0.7967,0,0.7967
"Joe never had political smarts, Trudeau ate him alive.",1,0.6106,0,0.7918,0,1.0,1,0.6106,0,0.7965
"What a meaningless article, all I read was blah, blah and more blah....then I stopped reading..",1,0.7985,0,0.6185,0,0.6185,1,0.7985,1,0.6073
Just another media weasel. Why the f should we care?,0,0.6063,0,0.6063,0,0.6063,1,0.6033,0,1.0
'Get the f**k out of my sunny ways!',1,0.8058,0,0.6074,0,0.6074,1,0.8058,0,0.795
"Garbage autist, you missed trash collection yesterday, next time hop in and save everyone ssome time",1,0.9454,0,0.7169,0,0.6634,1,0.835,0,0.8813
"No truthful friend, but then folks like you have always had a problem with the truth.",0,0.6612,1,0.6876,0,0.8317,1,0.6633,0,1.0
Ah - no wonder when the white Christian man came they considered native canadians 'uncivilized' when their definition of civilzation was built on the wisdom of the Pope who considered individual conscience stupid.,0,0.6039,0,1.0,0,1.0,1,0.6034,0,1.0
"exactly, these pigs suck on the teat of the taxpayer engorging themselves, and then tell Canadians they need to raise taxes... and wage war on the front-line public service workers making modest incomes.",1,1.0,0,1.0,0,1.0,1,1.0,0,1.0
"I'm sure if Harper resigned, you'd call him cowardly. And if he remains, you'll claim that it's proof of his intransigence, pig-headedness and dictatorial nature.",1,0.8088,0,1.0,0,0.7929999999999999,1,0.608,0,1.0
'Get over yourselves'? Are you serious? You realize that we are talking about a racialized group that is being systemically oppressed and murdered by police? I wonder if you would say that if you were the mother of a black teen-aged boy?,1,0.8344,1,1.0,1,0.6626,1,0.6566,0,0.6808
"Hear, hear. The armchair spies are out in full force today. Doesn't matter what you think. This man has done more of significance for his country than either of you losers ever will.",1,0.6043,0,1.0,0,1.0,1,0.6043,0,1.0
"Putin, the preening sissy, makes Richard Simmons look butch.",1,0.7951,0,0.7934,0,0.7934,1,0.6001,0,0.805
"Given that only idiots and partisans repeat rumours, one could surmise that those given to speculate on such matters are lower than the worst one could think of Mike Duffy.",1,0.7335,1,0.7335,0,0.6262,1,0.6268,0,0.6338
What a bunch of horsecrap .,0,0.8437,0,0.8055,0,0.6919,1,0.7676,1,0.6168
I'm not an atheist.....I'm an anti theist. Down with all brain washing cults.,1,0.8099,0,0.9585,0,0.9585,1,0.7288,0,0.7048
I'm not sure whether you are one of the affected civil servants who understandably are not happy with this announcement or not. I do know that you have written one of the most annoying posts ever to appear on this sight. Get a life!,1,1.0,1,0.8047,0,0.6033,1,0.6015,0,1.0
"and we are to ignore the mental and physical abuse within the Christian Evangelical movement, the worst offenders being the Baptist and Pentecostals?",0,0.8116,0,1.0,0,0.8116,1,0.6002,0,0.6005
That religion crap is sure 'far out man'....people believe this putrid drivel? To the insane asylum you crazy bible thumping crackers.,1,0.7893,1,0.6014,0,0.7939,1,0.7893,0,1.0
Ford is a child. A real man would have resigned in disgrace.,0,0.6023,1,0.6023,0,1.0,1,0.6136,0,1.0
Ya but in Ontario the LIberals only rip off the tax payer. The Kadhar family rips off the country.,1,0.6713,0,0.6752,0,0.8282,1,0.6713,0,0.6701
"'Wente clearly says ' Men are idiots'No, she did not. Read the whole article....",1,1.0,0,0.7532,0,0.7532,1,0.7532,0,1.0
to Jim Young Burlington - maybe it's because she's a liar.,1,1.0,0,0.7514,0,0.7514,1,0.7514,0,1.0
Uncle Truth B. Known uncle fool is a batcrazy nut. He partitions bats and dines with partitioners. You need a neurosurgeon. Couillard could be the one!,1,0.8028,0,0.7982,0,0.7982,1,0.6101,0,0.7982
"...sure is a good thing CONs are spending our money monitoring these comments. the equallymonitored backbenchers are probably keeping tabs on here, too.",1,0.6617,0,0.674,0,0.674,1,0.6617,1,0.8344
@ StompinYet you are tone deaf when it comes to the countless Harper scandals over the years. You are a true Conservative supporter. Your team all the way even if it makes you a hypocrite.,1,1.0,1,1.0,0,0.6086,1,0.7953,0,1.0
'Harper went way over the top with the fear-mongering.'Creating and escalating fear is the definition of terrorism. Harper is consequently the most dangerous terrorist in Canada.,0,0.6118,0,0.8074,0,0.8074,1,0.7799,0,0.6118
"That's right. Police have a licence to fabricate, and get away it. Just go to a police station and try to report a police officer or child protection worker. Policing is a dirty dirty corrupt business. www.OttawaMensCentre.com",1,0.8256,0,0.6836,0,0.6775,1,0.6621,0,0.8481
A real PM. Thanks for the service to your country. Our current PM is an American want to be. Steven Harper is a Dominionist Evangelical warlord. The incrementalism idiot who hides behind 'economic freedom' as the Trojan horse of the oligarchy.,1,0.6049,0,0.7962,0,1.0,1,0.6049,0,0.7979
"so, as long as these terrorist thugs are burning Egyptians alive we should just sit back and contemplate our navels... like we did in the 30's with Hitler and Mussolini... you are the loser my friend and the terrorists are counting on people like you",1,0.6083,0,0.7871,0,0.7871,1,0.6083,0,0.7871
Know what? This is a pretty lame idea for an article. You'd expect more from a university prof.,1,0.8073,1,0.7784,0,0.6178,1,0.6065,0,0.7784
who is this idiot! another great reason I cancelled my subscription to this once great paper,1,1.0,0,0.7618,0,0.7618,1,0.7564,0,1.0
maybe they should get in the closet with harper,0,0.7986,0,1.0,0,1.0,0,1.0,1,0.6159
Is that fair to megalomaniacs?,0,1.0,0,1.0,0,0.7582,0,1.0,1,0.7528
"Madiba's values? Communist violence, incompetence, and corruption? Ma'am we already have a Liberal party.",0,0.8076,0,0.6044,0,0.8076,0,1.0,1,0.6044
"Harper wishes to build more modern, humane hell-holes?",0,1.0,0,0.7592,0,0.7559999999999999,0,1.0,1,0.7579
'Mr. Harper is not bringing back capital punishment. He?s doing worse. Condemning human beings to die in their cells like forgotten animals without the slightest trace of hope is a punishment more cruel than injecting them with lethal poison.'So?,0,1.0,0,0.813,0,1.0,0,0.8178,1,0.6023
"And if Harper is the smartest guy in the room, we must be talking about the Conservative caucus meeting room where the trained seals come to get their orders from PMO.",0,1.0,0,1.0,0,1.0,0,1.0,1,0.7861
"How do i claim a free house, income, and sit on my bum?",0,1.0,0,1.0,0,0.7788,0,1.0,1,0.6063
In Jeff's world somehow cutting consumption taxes 'dampens spending'? What colour is the sky in your world?,0,0.7993,1,1.0,0,1.0,0,1.0,1,0.6033
"Yes, high prices make theft understandable.",0,0.7987,0,0.7987,0,0.7987,0,1.0,1,0.6033
". Meanwhile, over at the Justin Trudeau BBQ, 'the cars just keep rolling in .....' .",0,0.8009999999999999,0,0.8041,0,1.0,0,1.0,1,0.8024
"Research-driven sex education written and ""researched"" by Ben Levin (convicted sex offender).",0,1.0,0,0.8503,0,0.8503,0,1.0,1,0.7308
How quaint. A 'progressive conservative'. I thought they were fossilized by now.,0,0.6082,1,0.8127,0,0.7955,0,0.7955,1,0.6026
My reply to John Broadbent was deleted by the censors. Might be because I mentioned money.,0,1.0,0,0.7994,0,1.0,0,1.0,1,0.6011
Typical Harper bullying....Seems to work fer domestic relations......Let's give 'er a go fer foreign relations......If it don't work we can run and hide......like at home. Get right on that John....why do you think I keep you around!,0,0.6033,1,0.8085,0,0.8009999999999999,0,0.7948,1,0.6095
'he has become unhinged'...unhinged from what?...the blatant lies?,0,0.6063,0,0.6063,0,0.6063,0,0.8128,1,0.6029
"Sure, let's have used car dealers like Dean Del mastro deciding everything. Let's have Rob Ford, so policy can be decided by whoever phoned him last.",0,1.0,0,1.0,0,1.0,0,1.0,1,0.6134
"Yes, I'd like to hear an elaboration as well. A party receives 30% of the popular vote and ends up with 30% of the seats. How is that rigged? Pizza parliament? What's that?",0,1.0,0,1.0,0,1.0,0,1.0,1,0.7557
Remember the author is a Professor that lives in la-la land.,0,1.0,0,1.0,0,1.0,0,1.0,1,0.6054
"Yeah, just like Canada's hate speech laws don't prevent you from having an opinion. I'm sure you have no problem with Canada's hate speech laws, right?",0,0.8122,0,0.6173,0,0.8122,0,0.8122,1,0.6059
And he walks on water...,0,1.0,0,1.0,0,1.0,0,1.0,1,0.8454
Alcohol kills far more people in Canada than guns. Let's ban all alcohol and guns and therefore that will eliminate suicides caused by these things. Simple solutions are the best. (But for the fact that they don't actually work.),0,1.0,0,1.0,0,1.0,0,1.0,1,0.6059
The Leap Manifesto brings to mind Mao's Great Leap Forward. An estimated 75 million lives were lost because of that well-meaning initiative.,0,1.0,0,1.0,0,1.0,0,1.0,1,0.6083
I heard that there is this new thing called Google......,0,0.812,0,0.6007,0,0.812,0,0.812,1,1.0
Kind of like the New York Rangers. All huff and puff.,0,0.6035,0,0.807,0,0.807,0,0.6035,1,0.6075
How about being a cheerleader for a solvent Canada?,0,0.6103,0,0.6103,0,0.6103,0,0.7994,1,0.6103
"@Catherine,So corporation don't work in the free market, but government does? Got it.",0,0.8123,0,0.6001,0,1.0,0,1.0,1,0.8077
It was an open bar on Justin's inauguration day. It is easy to have good taste on other peoples money.,0,0.7966,0,0.7966,0,0.7966,0,0.7966,1,0.633
This present edition of the parliament must be the low point in our political history. It is nothing but a gong show with the worst possible ruling party and official opposition. There is some solace though. It can't get any worse.,0,0.6037,0,0.6037,0,0.8139,0,0.6037,1,0.6112
like baird stepping into a coffee shop in east Jerusalem semantics or establishing falsehoods as facts on the ground semantics?,0,0.8116,0,1.0,0,0.8116,0,0.6005,1,0.6002
World toilet day ?!? People clearly have too much time on their hands.,0,0.6031,0,0.6031,0,0.7997,0,0.7997,1,0.6114
"Sooo, Monsanto is now a selfless angel of mercy? I have this pyramid . . .",0,0.8022,0,0.8022,0,1.0,0,1.0,1,0.6025
Gotta wonder what the heck were they smoking down there at Front Street to arrive at such a nonsensical argument. Wingnuttedness is evidently not in the exclusive purview of Mr. Harper and his crewReaders deserve better.,0,0.7925,1,0.6324,0,0.7925,0,1.0,1,0.6117
"90% of people imprisoned for hate crimes come from public schools. Yep, sounds like there is no problem with the schooling system there hey!",0,0.7961,0,0.8788,0,0.8818,0,0.8428,1,0.8866
"I am a lifelong Conservative voter, but am fed up with these misleading ads. He didn't say budgets will balance themselves... the quote is taken so far out of context, that I really don't believe anything they are saying in this campaign.",0,1.0,0,1.0,0,0.7988,0,1.0,1,0.627
PM Zoolander offers hope and inspiration for all young aspiring dictators around the world,0,0.7638,1,0.7581,0,0.7638,0,0.7638,1,1.0
The dream of advanced nuclear to extract the remaining energy from spent fuel has been a decade away for four decades. Keep dreaming.,0,0.8101,1,1.0,0,0.6031,0,1.0,1,1.0
"But our education establishment graduates ""critical thinkers"" by the gazillion .-)",0,1.0,0,1.0,0,1.0,0,0.8158,1,0.8004
"The fact that NO media in Canada dares to support New Democrats editorially for fear of business retribution couldn't have anything to do with it, of course.",0,0.7929,0,0.7929,0,1.0,0,1.0,1,0.7917
There should have been a trigger warning on this article. I don't feel the globe is a safe space for me and therefore should be shut down.,0,0.8123,0,1.0,0,1.0,0,1.0,1,0.8058
Trudeau didn't hand pick: WrightDuffyWallinBrazeauOdaBruce CarsonPenashueAnd those are just the cheats. I don't have enough space for the incompetents.,0,1.0,0,0.8104,0,0.7927,0,1.0,1,0.6083
"And don't forget to visit the gift shop for your asbestos bust of Dear Leader Harper and a glimpse at the $127 billion deficit! All Hail Harper's Mother, Canada!",0,0.6313,0,0.6333,0,0.8702,0,0.8702,1,0.8813
"Posters here have been challenging Atwood to lower her 'carbon footprint' by giving up travelling by auto, plane, etc. You are barking up the wrong tree, she never used them, she gets around via broom.",0,1.0,0,1.0,0,1.0,0,1.0,1,0.7917
...and this is a paid announcement by the Liberal party of Canada. Is this journalism? Wow.,0,1.0,0,1.0,0,1.0,0,1.0,1,1.0
I hear that Fox is starting a reality show that's a spin-off of 'Celebrity Boxing'. It features celebrities sparring with disgraced politicians. Doug will fight Danny Bonaduce and Rob will fight Tanya Harding.,0,1.0,0,0.8102,0,1.0,0,0.8148,1,1.0
"Ah yes. The poor, neglected, downtrodden civil servant. Please pass me a tissue ... I feel a tear of sympathy welling in my eye.",0,0.8532,0,0.8533,0,0.8161,0,0.8905,1,1.0
Feel free to add it to your bag of concern troll talking points.,1,0.7444,0,1.0,0,1.0,0,0.7621,1,0.7621
Excuse me while I pat my own back... and not mention the election results... and it wasn/t my fault... Party decisions you know...,0,0.8081,0,0.6096,0,0.6096,0,1.0,1,1.0
'President Dwight Eisenhower arrived at Union Station on a visit during the Second World War.'Huh? What was Eisenhower president of during WWII? The Elks club?,0,0.8305,0,0.8396,0,1.0,0,0.6454,1,0.8436
sounds good. let's disband the military and simply keep paying everyone's salary... that'd be the intreasts of the soldiers first,0,0.8497,0,1.0,0,1.0,0,0.8497,1,0.87
One commentator on the CBC last night said Harper needs a terrorist attack to improve his numbers. Blue sweaters and kittens just aren't enough to save him anymore.,0,0.8076,0,0.8029,0,0.8029,0,0.8076,1,0.7966
"Health care in the private sector. Have you had to wait for anything which is produced by the private sector? Have you been able to afford it? Why not for health care? Oh the US. Special, very special. Who else has a Trump/Hillary?",0,1.0,0,0.7979999999999999,0,0.8059,0,1.0,1,0.6039
"similarly, the alarmists have to stop talking about lowering the earth's temperature , like a thermometer. Comical. What's next ? Change wind direction ?",0,1.0,0,0.7981,0,0.7981,0,1.0,1,0.8124
"Do I disbelieve everything this guy is saying? Hey, is the Pope Catholic?",0,1.0,0,0.7179,0,0.8549,0,0.8554,1,0.871
"Electoral fraud conviction, robo calling, lying in parliament about witnessing voter fraud. Gotta love conservative politics.",0,1.0,0,0.8001,0,0.8001,0,1.0,1,0.7985
I suspect nothing would empty out a bar in Manhattan quite as fast as this Canadian lady smugly telling her fellow patrons that Canada is the hero they really need. Jeesh...,0,0.8092,0,1.0,0,1.0,0,1.0,1,0.6001
Piltdown Man caused global warming!,0,1.0,0,0.7958,0,1.0,0,1.0,1,0.7998
"Keep up the censorship G&M, apparently only the Left is allowed to comment!",0,0.6689,0,0.6689,0,0.6689,0,0.6689,1,0.6665
German engineering my Das.,0,0.799,0,0.799,0,0.799,0,0.799,1,0.6077
"canadians please standby attack ads will be in full force during tonights hockey games, do not despair action plan ads will also be broadcast.",0,1.0,0,1.0,0,1.0,0,1.0,1,0.6011
"Yes, climate change is why I'm voting for Justin Trudeau - so I can light up a joint and forget about all my problems! As long as I get my welfare cheque from Alberta oil what do I care about my country being run by a drama teacher?",0,1.0,0,0.7959,0,1.0,0,1.0,1,0.608
So fast knee-jerk reactions is how to drive safe?,0,1.0,0,1.0,0,1.0,0,1.0,1,0.6119
Hmm. I think that Websters uses Donald Trump as a definition of 'liar'.,0,0.6293,0,1.0,0,1.0,0,0.8190000000000001,1,0.6174
And over 5 million blacks couldn't vote for Hillary's continuation of Obama policy because she's white.,0,0.7965,0,0.7965,0,0.6035,0,0.7965,1,0.6179
"Gadzooks, an Apollo moon landing indeed. Who would have thought it would be so difficult to put some beer in grocery stores, or for that matter, sell more beer at the LCBO?? Entertaining editorial (and rings so true).",0,0.7955,0,0.7955,0,1.0,0,1.0,1,0.6139
Blaming the victim? Nice.,0,0.8106,0,0.8106,0,0.7906,0,1.0,1,0.8106
"Nice going, D_Peters ..... you just leaked Harper's next campaign ""promise"".",0,0.6096,0,0.7956,0,1.0,0,0.8113,1,0.6055
"'I turned out fine.' Ahh, yes, another objective view...",0,1.0,0,0.8184,0,1.0,0,0.8184,1,0.7809999999999999
Right on. I'm sure the wise and future leaders of age will rely on the Pokies rather than a few thousand scientists who spend lifetimes measuring changes in our atmosphere and oceans.,0,0.9575,0,0.8379,0,0.9594,0,1.0,1,0.7297
And we can send him to the moon to preside over the universe. I think this might just work.,0,1.0,0,0.6028,0,0.8055,0,0.8055,1,0.8039
"No sports, no clubs, no volunteering. Sounds great.",0,1.0,0,1.0,0,1.0,0,1.0,1,1.0
Almost as funny as Harper being in bed now with Obama. Gotta love it!,0,1.0,0,0.8113,0,1.0,0,1.0,1,0.6007
"I want to hand Konrad a pitchfork, stick him outside a hardware store in Barry's Bay beside a life size cardboard cutout of Stephen Harper and take a picture... Conservative Gothic!",0,0.8056,0,0.6051,0,0.8056,0,0.6001,1,0.6051
I'm grateful to BLM. They just made it easier to explain the meaning of 'counterproductive.',0,1.0,0,0.7929,0,0.7929,0,1.0,1,0.6025
Or the report comment button like you do,0,0.8059,0,0.6044,0,0.6039,0,1.0,1,0.8012
So 'Jesus-y'.,0,0.7922,0,0.7922,0,0.7922,0,1.0,1,0.8217
"Mandatory carriage is not good, but CBC mandatory suction pipe to my wallet is even worse.",0,0.8017,0,0.8048,0,0.7835,0,1.0,1,0.7951
"Poor Hamas will have to stop shooting rockets into Israel, and also stop all other acts of terrorism against Israel",0,0.6742,0,0.6742,0,0.8385,0,0.8357,1,0.8385
Are you sure that was a kitten and not Renata?,0,0.8206,0,1.0,0,1.0,0,1.0,1,0.6221
"Yeah, sure. Would that be before or after the state starts tattooing barcodes on the backs of our necks?",0,1.0,0,1.0,0,1.0,0,1.0,1,0.6226
"Your comments are awaiting Moderation. If okely dokely in our version of okely dokely, then you may see the light of day. Or Not.",0,0.81,0,1.0,0,0.8067,0,1.0,1,0.7949
"We have it already.....in the public service!!!! Just joking, I think.",0,1.0,0,1.0,0,1.0,0,1.0,1,1.0
"Lots of backslapping and premature congratulations by political hacks and mainstream media shills, doing the 'circle jerk', with how well things supposedly went.",1,0.6166,0,0.7946,0,0.6024,0,0.797,1,0.6058
There's nothing wrong with birds of a feather flocking together unless you're white - this is a big no-no. Complaints about lack of diversity etc will be cried out at the drop of a hat.,0,0.6231,0,0.7913,0,1.0,0,0.6231,1,1.0
"Oh no, theyre too 'progressive' around here for that. More likely they'll just chalk it up to 'Islamaphobia'. Facts be darned",0,1.0,0,1.0,0,0.7886,0,1.0,1,0.6083
"If it's going to zero, let's burn it all! Cheap electricity, love it.",0,1.0,0,0.7987,0,1.0,0,0.7987,1,0.6201
maybe the police should have given him a cupcake?,0,1.0,0,1.0,0,1.0,0,1.0,1,0.6174
"Before I read the column I thought: I know what Wente is going to argue, but how is she going to say it? How can you make the argument? Then I read the column, and all I can say is that this lady is a very skilled writer, an expert rhetorician.",0,1.0,0,0.7856,0,1.0,0,1.0,1,0.6203
The article should start with the warning: 'This is a Paid Advertisement',0,0.6063,0,0.6196,0,0.6063,0,1.0,1,0.6029
Thanks Comrade. Paranoia strikes deep.,0,0.8138,0,1.0,0,1.0,0,1.0,1,0.6057
Dreaming again are we.,0,1.0,0,0.7885,0,0.7917,0,1.0,1,0.7917
"Yes. All those over 60 should be denied the right to vote, anywhere, for anything. However, they should still be required to pay taxes.",0,0.8088,0,0.8088,0,0.8088,0,0.8088,1,1.0
classic. bring the plight of desperate refugees into the discussion of Alberta's economic failings..,0,0.7952,0,0.6061,0,0.6061,0,1.0,1,0.6065
the real terror in Canada is robo-con harper and his cons.,0,0.6023,0,0.6043,0,1.0,0,0.6023,1,0.7934
Oh That Madge... anything for a headline./..,0,0.813,0,0.813,0,1.0,0,0.813,1,0.6002
Thanks for the little dose if common sense,0,0.8014,0,0.6031,0,0.8014,0,0.8014,1,0.6153
Dear Mr. MartinThe 'Kid' is a 41 year old man. He looks visually younger because he takes care of himself and has a youthful attitude. People referencing him as such must be elderly...,0,0.6011,0,0.604,0,0.7918,0,1.0,1,0.8013
"Its odd that nobody has yet to comment on the use of male sexuality in the world of entertainment Male teen pop stars are as much about their look as their music. So too actors. Hunks, beefcake, blah, blah blah... I hear it all the time.",0,1.0,0,1.0,0,0.7951,0,1.0,1,0.6203
So an unelected and unaccountable judge used his power whatever way he chose to exonerate an unelected and unaccountable senator. What a surprise!,0,0.9207,0,0.7232,0,0.8396,0,0.9207,1,0.7264
Ignorance - yes. How else could an articling law student become premier of New Brunswick? How could a drama teacher become Prime Minister?,0,0.7981,0,1.0,0,0.8102,0,1.0,1,0.6032
"Great, maybe the Twin Towers will be back on the front page?!",0,1.0,0,1.0,0,1.0,0,1.0,1,0.6122
"A little levity at Xmas with animals getting into heaven , my father did not think that Protestants could get into heaven must be a strange place , wonder what time cocktails are served????",0,0.6316,0,0.7611,0,0.7611,0,0.7611,1,0.6219
Bwahahahahaha. next they'll want to be paid in US$,0,0.6057,1,0.604,0,0.7988,0,0.7988,1,0.604
I think you have to include a 'winkee face' for some people to get sarcasm. But I'm not a 13 year old girl so I never include it either.,0,1.0,0,0.7912,0,1.0,0,1.0,1,1.0
But Steve is writing a 'hockey history' book. Doesn't that count? :-),0,1.0,0,1.0,0,1.0,0,1.0,1,0.6055
"Would love to hear someone say they are sorry for all the Iraqi and Afghani families that have been butchered. Oh, I forgot ... U.S. lives are worth more.",0,0.805,0,0.6005,0,1.0,0,1.0,1,1.0
Xenophobia is a good thing. No people can survive without it.,0,0.8009999999999999,0,1.0,0,1.0,0,0.8073,1,0.6005
More refugees per capita than... who?!? Anyone? Don't swallow the kool-aid!,0,1.0,0,1.0,0,1.0,0,1.0,1,0.6012
"Banning the niqab at citizenship ceremonies sends a powerful message to new citizens: Welcome to Canada, where you are free to wear whatever you like, as long as it is approved by Stephen Harper and the Conservative Party.",0,0.7867,0,1.0,0,1.0,0,1.0,1,0.8127
"Ah yes John_S! It is wrong to have an opinion,,, unless of course it conforms to my opinion. Somehow reminds me of,,,,,",0,1.0,1,0.6071,0,0.8003,0,1.0,1,0.8117
Yeah... a new PM every ten months... something tomstrive for!,0,1.0,0,1.0,0,1.0,0,1.0,1,0.6136
Can't wait for the Editors satire on supporting Harper again in 2015. That is the sickest joke played on Canadians in 9 years.,0,0.7936,0,0.8128,0,0.6063,0,1.0,1,0.6029
I apologize for my skin colour.... I inherited it from my parents and they from their respective parents.....I found this article to be disturbing and I'm still perplexed at the central message in it.,0,1.0,0,0.6099,0,0.7949,0,1.0,1,0.7886
Your wife must really love you.,0,0.7526,0,0.7526,0,0.7526,0,0.7526,1,1.0
Im willing to bet that they're over ecological footprint is smaller than the average person.,0,1.0,0,1.0,0,0.7997,0,1.0,1,0.6197
Kim Kardashian for President!,0,1.0,0,1.0,0,1.0,0,1.0,1,1.0
The Telegraph. How surprising.,0,1.0,0,1.0,0,1.0,0,1.0,1,1.0
"But you have to really feel sorry for those poor school teachers and municipal employees, eh?",0,0.8063,0,0.8063,0,1.0,0,1.0,1,0.7972
you and mh must be smoking buddies,0,0.6005,1,0.6136,0,0.6005,0,0.6005,1,0.6005
~the 70's are over~Better still: the '70s are over.,0,1.0,1,0.6083,0,0.7903,0,1.0,1,0.805
"perhaps the next near election video of Ms Wynne will be of her running again , a little faster this time... but with lights and sirens just barely visible and audible at first but becoming louder and getting closer in the background",0,0.6138,0,0.8015,0,1.0,0,0.8015,1,0.8036
Everyone knows that the rich are hurting and need our financial assistance. ,0,0.7158,0,0.679,0,0.7154,0,0.8420000000000001,1,0.8826
What a surprise! Toronto has 'a problem.',0,0.7581,0,1.0,0,1.0,0,0.7581,1,1.0
"And for some in here, Praise Trump almighty from whom all blessings flow. In the name of the hot wife, daughter and unholy candidate.",0,0.7826,0,1.0,0,1.0,0,1.0,1,0.8122
"Right on, D_Peters. Sounds like fun. What a work ethic, eh?",0,0.711,0,0.7155,0,0.7155,0,0.711,1,0.7105
"You should write another comment, wilnel - there are a few right-wing buzzwords you didn't use yet. Not many, but some.",0,0.7615,0,0.7197,0,0.7659999999999999,0,0.8833,1,0.8098
"Hey Barb, go smoke a cigarette with Bev Oda...",1,0.613,0,0.6066,0,0.7994,0,0.7994,1,0.6066
LOL....when was India's history so illustrious?,0,0.6017,1,0.6082,0,0.7954,0,0.8063,1,0.8009
Persistent? Any ConTrolls need a dictionary? Hitler was persistent as is Isis.,0,0.6064,1,0.6078,0,1.0,0,0.8016,1,0.6137
"@rory - you might not like its name, but that's its name. Is the White House really a 'house'? Stop calling it one! I suggest the 'The White Building'. I also don't really like 'Parliament Hill' - how about 'Parliament Bluff'?",0,1.0,0,1.0,0,1.0,0,1.0,1,0.6218
Oops....seems Morneau and Trudeau forgot the health care file when they opened the spending spigots! Oh well Sunny ways!,0,0.7549,0,0.7549,0,1.0,0,0.7549,1,0.7587
And Harper believes he should be re-elected to continue this nasty cycle. Unbelievable.,0,1.0,0,1.0,0,1.0,0,1.0,1,0.6029
Welcome to HarperLand where 'core' values override the majority's. We have to get rid of this mob.,0,0.8015,0,1.0,0,1.0,0,0.8174,1,0.7819
"Yes, no regional tensions existed under Liberal regimes . Those referendum things were imaginary.",0,0.8794,0,0.8009,0,0.9228,0,1.0,1,0.7973
"[Asian demand for fossil fuel is just getting started.] Really? Speaking of fossils....Hey, how's that Energy East Pipeline coming along there? Find any investors yet?",0,0.7988,1,0.6211,0,0.7995,0,1.0,1,0.8062
"No joannie, they did not vote any taxes down. Taxes will come, they just declined to say which ones would be best for Toronto. Now the 905 mayors will decide for us.Good job, there!",0,0.7938,0,0.7938,0,0.7938,0,1.0,1,0.8157
And you will all be humming a different tune when ISIS comes home to Canada to roost!,0,1.0,0,0.8017,0,1.0,0,1.0,1,0.7937
"Oh well, Chicago will get it's community organizer back in November. Once he gets the bathroom policy fixed there, I'm sure he'll resolve all their other problems....NOT!",0,0.7515,0,0.7515,0,0.7515,0,0.7515,1,1.0
"So, there has been no inequity through history. Or just when did we reach the Golden Mean of hiring equity ?",0,1.0,0,0.7965,0,1.0,0,1.0,1,0.6071
"What you are implicitly saying is that women are not good enough. The way things are currently done in Ottawa, good people, male and female, leave, pulling their hair out. Maybe women could do a better job.",0,0.8057,0,0.8057,0,0.6202,0,1.0,1,0.617
"If they want to be known as an opposite to what they look like, maybe they should wear a sign, rather then having the rest of the world guess.",0,0.79,0,0.79,0,0.79,0,0.79,1,0.6039
"'the stern voice of the daughter of God,' John Baird?",0,1.0,0,0.8013,0,1.0,0,1.0,1,0.6053
"Hey, don't be pointing out awkward facts like that HP,and this is actually a inter-glacial period. In between ice ages there are no ice caps I believe",0,1.0,0,0.8062,0,0.8062,0,1.0,1,0.6176
so with sex ed there will be no more teenage pregnancies ?,0,1.0,0,1.0,0,1.0,0,1.0,1,0.7557
"And where is Boss Wynne during all of this? Oh yeah, cutting ribbons at grocery stores who can now sell beer, her biggest priority and accomplishment.",0,0.8079999999999999,0,0.6095,0,0.8079999999999999,0,0.8079999999999999,1,1.0
"The Liberals are the masters of making the goal posts so wide that every punt scores, the opposite of principled foreign policy.",0,0.8064,0,0.8064,0,0.8064,0,1.0,1,0.6148
"'Christians in there own country', what country would that be. Canada has a large number of Christians but we are not a 'Christian' or any other religion, country.",0,0.8104,0,0.8104,0,0.8104,0,0.8104,1,0.6224
And if someone experiences publicly exposing of their face as nudity?,0,1.0,0,1.0,0,0.7879,0,1.0,1,0.6023
So once Harper is booted from office in 2015 no one from his office is entitled to voice an opinion? Got it!,0,1.0,0,1.0,0,1.0,0,1.0,1,1.0
you dont get it: there is no winner in a major war (now) - only losers. Unless you suppose life in a sealed cave is 'winning'.,0,0.8059,0,0.6101,0,0.6101,0,1.0,1,0.6117
Let's start with coat-hanger manufacturers.,0,0.8078,0,0.8078,0,0.6024,0,0.8078,1,0.6058
"...and they can always print more of it, or generate it out of the blue electronic yonder....",0,1.0,0,1.0,0,1.0,0,1.0,1,0.7904
"Try standing at Harbord and St. George at 8AM on a weekday. If only a quarter of the cyclists that go by in 30 mins are women, I will eat a bicycle.",0,0.6081,0,0.8064,0,0.8064,0,0.6081,1,0.8017
"'The jury is out on the effect of the Conservative assault on Justine Trudeau, but the technique has been a winner in the past.'Hmmmmmmmm",0,1.0,0,0.6093,0,0.7966,0,1.0,1,0.7927
Remedial English would be suggested after reading that post...:-) yikes!!!,0,0.605,0,0.605,0,0.605,0,0.8033,1,0.6032
pigs will fly before that happens.,0,0.8128,0,0.8128,0,0.6063,0,1.0,1,0.6196
"let them all use Negative ads let them use teeth, fangs, nails, claws level playing field it is politics for heaven's sake",0,0.7985,0,0.7985,0,0.6094,0,1.0,1,0.603
"As with Margret Thatcher, the time has come for Our Leader to be sent on the way to a sinecure in Calgary.",0,1.0,0,1.0,0,0.6004,0,1.0,1,0.6088
Sun News' lack of viewership is in sharp contrast to its big brother Fox News in the USA. That says a lot about the differences between Canadians and Americans. Vive la difference!,0,0.7951,0,0.7951,0,1.0,0,0.7951,1,0.6031
I didn't realize that Petie Muckay did the accounting.,0,1.0,0,1.0,0,0.7955,0,1.0,1,0.6142
"Right, because the elected party shouldn't be concerned with what is best for Canada when they can be feathering their own nest? I agree that is often the political reality, but your statement condones that behaviour.",0,1.0,0,0.8079999999999999,0,1.0,0,1.0,1,0.6083
I'm going to start a Wikileaks drinking game. Bet I'm drunk by 2 pm.,0,0.8041,0,0.6141,0,0.6141,0,0.8041,1,0.7931
With an utterly incompetent Tory government and a Foreign Secretary like Johnson what could possibly go wrong?,0,0.6428,0,0.6441,0,0.7971,0,0.6457,1,0.8065
The greenhouse gas party serves up laughing gas.,0,0.8049,0,0.8176,0,0.8176,0,1.0,1,0.607
I don't know. He does a pretty good imitation of Berlusconi. Maybe he could govern Italy.,0,1.0,0,1.0,0,1.0,0,1.0,1,0.6154
"When it comes to international diplomacy, the Harper gang commits one blunder after another. Stephen Harper is clearly in way over his head.",0,0.6068,0,0.6099,0,0.8029999999999999,0,0.8038,1,0.606
So true! They are also quite good at looking after themselves at the expense to hard working and overly taxed Canadians.,0,1.0,0,1.0,0,1.0,0,1.0,1,0.7881
Call for Gaius Cassius. Nuremburg on line 1.,0,0.7835,0,0.7835,0,0.7835,0,1.0,1,0.6166
"But wait, what do doctors know? My Facebook friends say that marijuana is good for everybody, so doctors should stay out of the way. Even Dr. Jenny McCarthy and Oprah agree.",0,0.8364,0,0.7946,0,0.9621,0,0.9567,1,0.7636
You do not question the Dear Leader! Our Lord and Saviour's word is Gospel and must be treated as such! Trudeau is ENTITLED by birthright to run Canada as he sees fit!,0,0.6089,0,0.7965,0,1.0,0,0.7965,1,0.8046
Go Justim Trudak!,0,0.7922,0,1.0,0,1.0,0,0.8052,1,0.8217
Too much Wild and not enough Rose.,0,0.7997,0,0.7997,0,1.0,0,0.7997,1,0.6055
Conservatives and fiscal capability! Conservatives and ethics! Conservatives and morality! HahahaHahahaHahahaHahaha. BLLLLAAAGGH! (splatter)(oh. I laughed so hard I got sick),0,0.8085,0,0.8085,0,0.8085,0,0.8085,1,0.6003
"Translation: Canadian Foreign Aid will be delivered by teaching Peruvians to rape their land for profit, which will be largely enjoyed by Canadian Mining Corporations. Steve also thinks there's a nice enslavable Native population there, too.",0,0.818,0,1.0,0,1.0,0,0.6044,1,0.6033
wow talk about divisive rhetoric. I thought that as members of the human race we're all in this together. Apparently not.,0,1.0,0,0.8017,0,0.8017,0,1.0,1,0.8017
"Morty, Your comment is somewhat disingenuous, considering most people pay 50% of what they make in taxes. Sum of payroll, fuel, hst, and all the hidden taxes foisted upon Ontario by that mcguinty character. I guess you want to pay more though.",0,1.0,0,1.0,0,0.8077,0,1.0,1,0.6075
"The Superbowl is played on Sundays for a reason. God just loves NFL football even though he already knows who is going to win. I think it is the half-time show, which is less predictable.",0,1.0,0,1.0,0,1.0,0,1.0,1,0.6078
"Yes, the nations of the world must be all wet on this one, Ed.",0,0.7877,0,0.7877,0,1.0,0,1.0,1,1.0
wow - is our prime minister overseas to berate the crypto democrat putin? or to study his methods? thank goodness for our supreme court. oh wait - they're trying to rejig that as well. what the heck is going on here?,0,0.7581,0,0.7581,0,0.7581,0,0.7581,1,1.0
"She's right, we'll need to get the old timers who saved all their lives to pay more so the profs can have excellent salaries and gold-plated pensions.",0,1.0,0,1.0,0,1.0,0,1.0,1,0.7556
"Alceste....I'm confident you know quite well that I wasn't talking about their specific predictions for the outcome... was I wrong and you've suddenly become a "" literalist"" :-)",0,1.0,0,0.7997,0,0.8074,0,1.0,1,0.6071
Where do you get this stuff? Does the CIA have its own wire service?,0,1.0,0,0.7899,0,1.0,0,1.0,1,0.6124
How did that overwhelming advantage work out in Vietnam?,0,0.7979999999999999,0,0.7979999999999999,0,1.0,0,1.0,1,0.6038
"One World Government? Oh dear, you have been listening to those right-wing American radio talk show hosts a lot lately, eh? Watch out for those black UN helicopters!",0,0.6085,1,1.0,0,0.6085,0,0.8166,1,1.0
Looks like the ON liberal budget is a copy of the CON feds budget. wow...,0,0.8217,0,0.7922,0,1.0,0,1.0,1,1.0
And all fish in St. Lawrence river and gulf will vote against separation to please ti-pite.,0,1.0,0,1.0,0,1.0,0,1.0,1,0.6052
"Mrs Nemat, if you decide to move, Quebec would probably welcome you with open harms.",0,0.605,0,0.605,0,0.605,0,0.605,1,0.609
"Glad you find threats of assassination so amusing, SVR Boy.",0,0.8078,0,0.6024,0,0.8078,0,0.8078,1,0.7918
"Yup, 4 yrs. for beheading and eating a young individual on a Greyhound bus. Oh, but you say it's all torque? Hmmmm... interesting.",0,0.8101,0,0.6031,0,0.8101,0,1.0,1,0.7917
"One can't expect these intellectuals to read George Monbiot, SO. :)",0,0.8191,0,0.7988,0,0.7909,0,1.0,1,0.7955
Drone strikes. Is that what you call policing Pakistan?,0,0.8051,0,0.8018,0,1.0,0,1.0,1,0.6011
Give the finger to the society? Perhaps they choose the wrong society to live in.,0,0.6664,0,0.6664,0,0.6664,0,0.6664,1,0.657
"Please. Give us a dreadlocks and a blunt photo-op Steve-O. ?One love, one heart, one destiny.?",0,1.0,0,1.0,0,1.0,0,1.0,1,0.6113
"yeah, it reminds me of the rock band 'the who' kept coming back for another 'farewell' concert. We all love Justine",0,1.0,0,1.0,0,0.7991,0,1.0,1,0.6172
"Don't worry, Vlad & the Donald are good buddies, just like Rodman and Kim Jung-un.",0,0.7997,0,0.7997,0,0.7997,0,0.7997,1,0.7964
"Can't we just take thousands of Mali refugees instead? Everybody loves refugees, amIright?",0,0.6053,0,0.8239,0,1.0,0,0.6237,1,1.0
Imagine the globe and mail and the toronto star masquerading as reputable messengers of the news.,0,1.0,0,1.0,0,0.7959,0,1.0,1,0.6019
"Just kick military out of their tents! How about doing thing by the book? Hey, Junior will get his selfies!",0,0.7927,0,0.7927,0,1.0,0,1.0,1,1.0
Quite right - don't you just adore how kerf deploys the word 'insite' to demonstrate his own?,0,0.6271,0,0.8032,0,1.0,0,0.8032,1,0.6129
"Big city living, oh joy.",0,0.8128,0,0.8128,0,0.8128,0,0.8128,1,0.8069
"Can they think? Would rather have that than a spelling bee winner. Spell check works fine but if the brain is not intelligent, creative or analytical.......a good speller will not solve your business problems!",0,0.794,0,0.794,0,0.7988,0,1.0,1,0.7988
a man who sees a country with deep problems offering easy solutions and blaming others for them... why is this familer?,0,0.7524,0,0.7545,0,1.0,0,1.0,1,1.0
"R Hebner, Your main point seems to be that you feel Canadians are dumb. I'd peg you as a Liberal. Just a hunch.",0,0.813,0,0.813,0,0.7879,0,1.0,1,0.6023
Not so soft hypocrisy - the Globe editorialists barely mentioned the issue when the Conservatives signed the deal. Now they are using barrels of ink to persuade us how the Libs screwed up. Nice try.,0,0.7096,0,0.722,0,1.0,0,0.8552,1,0.7025
Your wealth of knowledge in process/chemical engineering continues to amaze me.Ignorance is bliss I suppose,0,0.7983,1,1.0,0,0.6014,0,0.7983,1,1.0
Basically you're saying you want her to un-Toronto herself?,0,0.7996,0,0.7996,0,1.0,0,0.7996,1,0.6101
"Excuse me, but it has already been established that the term 'Angry Baird' belongs to John Baird.",0,1.0,0,0.8041,0,1.0,0,1.0,1,0.6051
Isn't Justice suppose to be blind?? Looks like Lady Justice has a few peep holes in her blind fold.,0,1.0,0,1.0,0,0.8018,0,1.0,1,0.7972
hard core separatists who stay in Canada...?and what does 'arrogant to a distraction' actually mean? vraiment!!! You sound a little anti-francophone to me. Perhaps if Justin changed his last name to Waterhole you'd vote for him lol.,0,0.7957,1,0.7929,0,0.6073,0,0.8041,1,0.6073
"Yes, CBC should cancel one of their most popular shows because YOU don't like it.",0,0.7856,0,0.6042,0,0.7856,0,0.7856,1,0.7895
Perhaps this young man should have stayed in Syria. Where it is safe!!!!!,0,0.7593,0,0.6835,0,0.8023,0,0.7962,1,0.8411
"I envision the change you speak of. Americans living in caves dragging women around by the hair. An AK 47 in every cave, with lots of ammo for' fuedin' with your neighbor. Killin in the name of God!",0,0.7958,0,0.8069,0,1.0,0,0.7863,1,0.6048
Well that makes me feel sooooooooooooo much better.,0,0.7953,0,0.7953,0,0.7953,0,1.0,1,0.7874
"Vote for the Liberals or even better, the NDP. They can print money with gusto and 'expand' the government's balance sheet. Worked so well for the Greeks.",0,0.8021,0,0.6101,0,1.0,0,1.0,1,0.8129
Make way people. ‘Real’ experts from the comments section coming through below.,0,0.7691,0,0.7138,0,0.8326,0,0.8879,1,0.8874
"Yeah, it's impossible to have platforms and policies if you dress well, right?",0,0.8125,0,0.6217,0,0.8125,0,1.0,1,1.0
Oh please ! I'm sure that Wright regrets writing that idiot a cheque ! But the taxpayer isn't on the hook for it and it isn't even close to what Mac Harb has done. Now Lefties feel free to rain down your hate!,0,0.611,0,0.8183,0,0.7886,0,0.8183,1,0.6083
Do you have two left hands too.,0,1.0,0,0.7459,0,0.7459,0,1.0,1,0.7402
"Nope, it's all Harper's and Flaherty's economic genius.",0,0.7817,0,0.7817,0,0.6038,0,0.7817,1,0.7936
"Fawzi: 35 years of service by 53, huh? So you started at 18, with at best a high school diploma, yet managed to wind up in a position that paid about $110K a year. You'll understand my skepticism.",0,0.7677,0,1.0,0,1.0,0,1.0,1,0.7492
It's a Wynne Win - $9 billion to buy votes for her boyfriend.,0,1.0,0,1.0,0,1.0,0,0.7883,1,0.7883
Because of course you're all about the climate. Just like opponents of wind power are all about the birds.,0,1.0,1,0.6066,0,0.7994,0,1.0,1,0.613
"The same paper that has endorsed Harper twice is telling me that the TPP is less than hoped for and less than feared. Yay, everything is okay.",0,1.0,0,1.0,0,1.0,0,1.0,1,1.0
Wente as Con Bot. I like that :),0,1.0,0,1.0,0,1.0,0,1.0,1,0.6071
You mean that's not Margaret Atwood wearing her CanLit crown gracing our tax dollars?,0,0.7782,0,0.7782,0,1.0,0,0.7782,1,0.6028
Way to stay on topic,0,1.0,0,1.0,0,1.0,0,1.0,1,0.8041
Ohhh the G&M. Can you please link us to your editorials of allergic reaction to Harper when he cut sales tax to get elected? Taxes and politics? Never have they been mixed before!,0,1.0,0,1.0,0,0.7522,0,1.0,1,0.747
can you summarize that in simple paragraphs of a billion words or less?,0,0.6079,0,0.8031,0,0.8031,0,0.8031,1,1.0
"Yep - their experience was three dimensional reality, much more sophisticated than flat panel TVs. Maybe that is what they want ...",0,1.0,0,0.8017,0,0.7918,0,1.0,1,0.7903
"Let us shoot the messenger, hoping that people forget that message is true.",0,0.8077,0,0.8077,0,0.8077,0,1.0,1,0.6107
"There are more lead mines in Canada than in the U.S. Oh, I see a bit of humor. Doesn't stop you from your bi-monthly shopping trips across the border though, does it? Duck much lead during your trips?",0,0.6224,0,0.6224,0,0.8104,0,0.8104,1,0.7868
"I'd vote for a dull coated, swaybacked ornery dray horse to get rid of Harper. At least I'd have a chance at getting my country back. In this case, better the devil you don't know...",0,1.0,0,1.0,0,1.0,0,1.0,1,1.0
As we constantly shift to a more socialist centrally planned society it is natural that we reap the benefits: everyone becomes poor.,0,1.0,0,0.7903,0,1.0,0,1.0,1,0.6213
Liberals always know best how to spend your money.,0,0.7974,0,0.617,0,1.0,0,1.0,1,0.617
"Gee, what a surprise from the paper that endorsed Stephen Harper. Now I know I'm doing the right thing voting for Olivia.",0,1.0,0,1.0,0,1.0,0,1.0,1,0.6142
"Richard231 your comment is smart and thoughtful indeed! Any other thoughts about say Polish-Canadians, German-Canadians, Jewish-Canadians or any other Canadians?",0,0.8101,0,0.603,0,0.8101,0,1.0,1,0.6072
I would not have had to learn English - very convenient .-),0,1.0,0,0.8016,0,1.0,0,1.0,1,0.7903
And who would decide their merit? All those 'super teachers' who go into admin. or all those 'favourites' at the board office or ministry?,0,0.8207,0,0.8207,0,1.0,0,1.0,1,0.6052
"...And the idea, Jack, that you might be an outlier just doesn't occur to you? On just about any other front, people of your generation will cheerfully say ""schools these days... don't teach you what _I_ learned....",0,1.0,0,0.7927,0,1.0,0,1.0,1,0.6083
It is unfortunately less easy in 2015 than it would have been in 2011 thanks to the Unfair Elections Act.,0,1.0,0,1.0,0,1.0,0,1.0,1,0.608
"Willy, Poor Harps forgot.",0,0.8012,0,0.8012,0,1.0,0,0.8012,1,0.6117
Did anyone consider that 'bullying' had nothing to do with their deaths? Ummm....seriously? So the meds made them dillusional? Nobody was really causing them incredible shame and embarassment by publishing photos of the on the internet? riiight.,0,1.0,0,0.6067,0,1.0,0,1.0,1,0.8041
"Andy, I reported your comment to the moderator -- rational arguments are not allowed on such emotional issues.",0,1.0,0,1.0,0,1.0,0,1.0,1,1.0
"Rocksteady, guess this means you're not a racist because you have black friends?",0,0.8021,0,0.6101,0,0.8021,0,1.0,1,1.0
"Can we legislate exercise as well, how about common sense. Love the article by the way.",0,1.0,0,1.0,0,1.0,0,1.0,1,0.6626
Ya I guess it's unlawful to not let foreigners vote in our elections or use medical care for free too. What a dumb article.,1,0.6017,1,0.7972,0,0.6039,0,0.6039,1,1.0
Darn. I read that joke and actually prayed to see someone named 'Mat' responding to you,0,1.0,0,1.0,0,1.0,0,1.0,1,0.6101
"No kidding. A man doesn't feel affected personally, so who cares? LOL!",0,0.8199,0,0.7902,0,0.6101,0,0.8199,1,0.8011
